<?xml version="1.0" encoding="utf-8"?><CatapultTargetIndex><IndexEntry><Entries><IndexEntry Term="Negative y-resolutions"><Entries /><Links><IndexLink Title="Negative y-Resolutions" Link="/content/negative_y_resolutions.htm#kanchor21" UsedConditions="" LocalConditions="" /></Links><SeeAlsoLinks /><IndexControlLinks /><SortAsLinks /></IndexEntry><IndexEntry Term="NITF"><Entries><IndexEntry Term="georeferencing"><Entries /><Links><IndexLink Title="Georeferencing of NITF Imagery" Link="/content/georeferencing_of_nitf_imagery.htm#kanchor16" UsedConditions="" LocalConditions="" /></Links><SeeAlsoLinks /><IndexControlLinks /><SortAsLinks /></IndexEntry><IndexEntry Term="input metadata"><Entries /><Links><IndexLink Title="NITF Input Metadata" Link="/content/nitf_input_metadata.htm#kanchor12" UsedConditions="" LocalConditions="" /></Links><SeeAlsoLinks /><IndexControlLinks /><SortAsLinks /></IndexEntry><IndexEntry Term="reader"><Entries /><Links><IndexLink Title="The NITF Reader" Link="/content/nitf_reader.htm#kanchor30" UsedConditions="" LocalConditions="" /></Links><SeeAlsoLinks /><IndexControlLinks /><SortAsLinks /></IndexEntry><IndexEntry Term="support for and compliance"><Entries /><Links><IndexLink Title="NITF Support" Link="/content/nitf_support.htm#kanchor15" UsedConditions="" LocalConditions="" /></Links><SeeAlsoLinks /><IndexControlLinks /><SortAsLinks /></IndexEntry></Entries><Links /><SeeAlsoLinks /><IndexControlLinks /><SortAsLinks /></IndexEntry><IndexEntry Term="No Magic rule"><Entries /><Links><IndexLink Title="Other Design Considerations" Link="/content/other_design_considerations.htm#kanchor57" UsedConditions="" LocalConditions="" /></Links><SeeAlsoLinks /><IndexControlLinks /><SortAsLinks /></IndexEntry><IndexEntry Term="Nodata and background pixels"><Entries /><Links><IndexLink Title="Nodata and Background Pixels" Link="/content/nodata_and_background_pixels.htm#kanchor31" UsedConditions="" LocalConditions="" /></Links><SeeAlsoLinks /><IndexControlLinks /><SortAsLinks /></IndexEntry><IndexEntry Term="Optimization"><Entries /><Links><IndexLink Title="Key Features of MrSID" Link="/content/key_features_of_mrsid.htm#kanchor70" UsedConditions="" LocalConditions="" /></Links><SeeAlsoLinks /><IndexControlLinks /><SortAsLinks /></IndexEntry><IndexEntry Term="Other LizardTech products"><Entries /><Links><IndexLink Title="Other LizardTech Products" Link="/content/other_lizardtech_products.htm#kanchor36" UsedConditions="" LocalConditions="" /></Links><SeeAlsoLinks /><IndexControlLinks /><SortAsLinks /></IndexEntry><IndexEntry Term="Overrides"><Entries /><Links><IndexLink Title="Overrides" Link="/content/overrides.htm#kanchor83" UsedConditions="" LocalConditions="" /></Links><SeeAlsoLinks /><IndexControlLinks /><SortAsLinks /></IndexEntry><IndexEntry Term="Performance"><Entries /><Links><IndexLink Title="Key Features of MrSID" Link="/content/key_features_of_mrsid.htm#kanchor67" UsedConditions="" LocalConditions="" /></Links><SeeAlsoLinks /><IndexControlLinks /><SortAsLinks /></IndexEntry><IndexEntry Term="Pipeline design"><Entries><IndexEntry Term="image stages"><Entries /><Links><IndexLink Title="Pipeline Design" Link="/content/pipeline_design.htm#kanchor5" UsedConditions="" LocalConditions="" /></Links><SeeAlsoLinks /><IndexControlLinks /><SortAsLinks /></IndexEntry><IndexEntry Term="implementation"><Entries /><Links><IndexLink Title="Pipeline Design" Link="/content/pipeline_design.htm#kanchor6" UsedConditions="" LocalConditions="" /></Links><SeeAlsoLinks /><IndexControlLinks /><SortAsLinks /></IndexEntry></Entries><Links><IndexLink Title="Pipeline Design" Link="/content/pipeline_design.htm#kanchor4" UsedConditions="" LocalConditions="" /></Links><SeeAlsoLinks /><IndexControlLinks /><SortAsLinks /></IndexEntry><IndexEntry Term="Preprocessor constants"><Entries /><Links><IndexLink Title="Preprocessor Constants and Basic Typedefs" Link="/content/preprocessor_constants_and_basic_typedefs.htm#kanchor76" UsedConditions="" LocalConditions="" /></Links><SeeAlsoLinks /><IndexControlLinks /><SortAsLinks /></IndexEntry><IndexEntry Term="Raw readers and writers"><Entries /><Links><IndexLink Title="The Raw Readers and Writers" Link="/content/the_raw_readers_and_writers.htm#kanchor10" UsedConditions="" LocalConditions="" /></Links><SeeAlsoLinks /><IndexControlLinks /><SortAsLinks /></IndexEntry><IndexEntry Term="Readers and writers"><Entries><IndexEntry Term="JPEG 2000 reader"><Entries /><Links><IndexLink Title="The JPEG 2000 Reader" Link="/content/the_jpeg_2000_reader.htm#kanchor38" UsedConditions="" LocalConditions="" /></Links><SeeAlsoLinks /><IndexControlLinks /><SortAsLinks /></IndexEntry><IndexEntry Term="MrSID readers"><Entries /><Links><IndexLink Title="MrSID Readers" Link="/content/mrsid_readers.htm#kanchor35" UsedConditions="" LocalConditions="" /></Links><SeeAlsoLinks /><IndexControlLinks /><SortAsLinks /></IndexEntry><IndexEntry Term="NITF reader"><Entries /><Links><IndexLink Title="The NITF Reader" Link="/content/nitf_reader.htm#kanchor30" UsedConditions="" LocalConditions="" /></Links><SeeAlsoLinks /><IndexControlLinks /><SortAsLinks /></IndexEntry><IndexEntry Term="raw"><Entries /><Links><IndexLink Title="The Raw Readers and Writers" Link="/content/the_raw_readers_and_writers.htm#kanchor10" UsedConditions="" LocalConditions="" /></Links><SeeAlsoLinks /><IndexControlLinks /><SortAsLinks /></IndexEntry></Entries><Links /><SeeAlsoLinks /><IndexControlLinks /><SortAsLinks /></IndexEntry><IndexEntry Term="Reference counting"><Entries /><Links><IndexLink Title="Reference Counting" Link="/content/reference_counting.htm#kanchor43" UsedConditions="" LocalConditions="" /><IndexLink Title="Other Design Considerations" Link="/content/other_design_considerations.htm#kanchor58" UsedConditions="" LocalConditions="" /></Links><SeeAlsoLinks /><IndexControlLinks /><SortAsLinks /></IndexEntry><IndexEntry Term="Reference manual"><Entries /><Links><IndexLink Title="Reference Manual" Link="/content/reference_manual.htm#kanchor77" UsedConditions="" LocalConditions="" /></Links><SeeAlsoLinks /><IndexControlLinks /><SortAsLinks /></IndexEntry><IndexEntry Term="Resolution"><Entries><IndexEntry Term="negative"><Entries /><Links><IndexLink Title="Negative y-Resolutions" Link="/content/negative_y_resolutions.htm#kanchor21" UsedConditions="" LocalConditions="" /></Links><SeeAlsoLinks /><IndexControlLinks /><SortAsLinks /></IndexEntry></Entries><Links /><SeeAlsoLinks /><IndexControlLinks /><SortAsLinks /></IndexEntry><IndexEntry Term="Scene and buffer management"><Entries /><Links><IndexLink Title="Scene and Buffer Management" Link="/content/scene_and_buffer_management.htm#kanchor50" UsedConditions="" LocalConditions="" /></Links><SeeAlsoLinks /><IndexControlLinks /><SortAsLinks /></IndexEntry><IndexEntry Term="Scenes"><Entries /><Links><IndexLink Title="Scenes" Link="/content/scenes.htm#kanchor29" UsedConditions="" LocalConditions="" /></Links><SeeAlsoLinks /><IndexControlLinks /><SortAsLinks /></IndexEntry><IndexEntry Term="Status codes"><Entries /><Links><IndexLink Title="Other Design Considerations" Link="/content/other_design_considerations.htm#kanchor54" UsedConditions="" LocalConditions="" /></Links><SeeAlsoLinks /><IndexControlLinks /><SortAsLinks /></IndexEntry><IndexEntry Term="Status strings"><Entries /><Links><IndexLink Title="Status Strings" Link="/content/status_strings.htm#kanchor60" UsedConditions="" LocalConditions="" /></Links><SeeAlsoLinks /><IndexControlLinks /><SortAsLinks /></IndexEntry><IndexEntry Term="Streams"><Entries><IndexEntry Term="technical notes"><Entries /><Links><IndexLink Title="Notes on Streams" Link="/content/notes_on_streams.htm#kanchor9" UsedConditions="" LocalConditions="" /></Links><SeeAlsoLinks /><IndexControlLinks /><SortAsLinks /></IndexEntry></Entries><Links><IndexLink Title="Streams" Link="/content/streams.htm#kanchor33" UsedConditions="" LocalConditions="" /></Links><SeeAlsoLinks /><IndexControlLinks /><SortAsLinks /></IndexEntry><IndexEntry Term="Streams (C API)"><Entries /><Links><IndexLink Title="Streams" Link="/content/streams2.htm#kanchor81" UsedConditions="" LocalConditions="" /></Links><SeeAlsoLinks /><IndexControlLinks /><SortAsLinks /></IndexEntry><IndexEntry Term="Strip-based decoding"><Entries /><Links><IndexLink Title="Strip-Based Decoding" Link="/content/shrip_based_decoding.htm#kanchor28" UsedConditions="" LocalConditions="" /></Links><SeeAlsoLinks /><IndexControlLinks /><SortAsLinks /></IndexEntry><IndexEntry Term="Support classes"><Entries /><Links><IndexLink Title="The Support Classes" Link="/content/the_support_classes.htm#kanchor19" UsedConditions="" LocalConditions="" /></Links><SeeAlsoLinks /><IndexControlLinks /><SortAsLinks /></IndexEntry><IndexEntry Term="System requirements"><Entries><IndexEntry Term="Android"><Entries /><Links><IndexLink Title="System Requirements" Link="/content/system_requirements.htm#kanchor27" UsedConditions="" LocalConditions="" /></Links><SeeAlsoLinks /><IndexControlLinks /><SortAsLinks /></IndexEntry><IndexEntry Term="iOS"><Entries /><Links><IndexLink Title="System Requirements" Link="/content/system_requirements.htm#kanchor26" UsedConditions="" LocalConditions="" /></Links><SeeAlsoLinks /><IndexControlLinks /><SortAsLinks /></IndexEntry><IndexEntry Term="Linux"><Entries /><Links><IndexLink Title="System Requirements" Link="/content/system_requirements.htm#kanchor24" UsedConditions="" LocalConditions="" /></Links><SeeAlsoLinks /><IndexControlLinks /><SortAsLinks /></IndexEntry><IndexEntry Term="Macintosh"><Entries /><Links><IndexLink Title="System Requirements" Link="/content/system_requirements.htm#kanchor25" UsedConditions="" LocalConditions="" /></Links><SeeAlsoLinks /><IndexControlLinks /><SortAsLinks /></IndexEntry><IndexEntry Term="Windows"><Entries /><Links><IndexLink Title="System Requirements" Link="/content/system_requirements.htm#kanchor23" UsedConditions="" LocalConditions="" /></Links><SeeAlsoLinks /><IndexControlLinks /><SortAsLinks /></IndexEntry></Entries><Links><IndexLink Title="System Requirements" Link="/content/system_requirements.htm#kanchor22" UsedConditions="" LocalConditions="" /></Links><SeeAlsoLinks /><IndexControlLinks /><SortAsLinks /></IndexEntry><IndexEntry Term="Technical notes"><Entries><IndexEntry Term="BBB files"><Entries /><Links><IndexLink Title="Notes on BBB Files" Link="/content/notes_on_bbb_files.htm#kanchor39" UsedConditions="" LocalConditions="" /></Links><SeeAlsoLinks /><IndexControlLinks /><SortAsLinks /></IndexEntry><IndexEntry Term="coding conventions"><Entries /><Links><IndexLink Title="Coding Conventions" Link="/content/coding_conventions.htm#kanchor53" UsedConditions="" LocalConditions="" /></Links><SeeAlsoLinks /><IndexControlLinks /><SortAsLinks /></IndexEntry><IndexEntry Term="georeferencing NITF imagery"><Entries /><Links><IndexLink Title="Georeferencing of NITF Imagery" Link="/content/georeferencing_of_nitf_imagery.htm#kanchor16" UsedConditions="" LocalConditions="" /></Links><SeeAlsoLinks /><IndexControlLinks /><SortAsLinks /></IndexEntry><IndexEntry Term="GeoTIFF metadata for JPEG 2000"><Entries /><Links><IndexLink Title="GeoTIFF Metadata for JPEG 2000" Link="/content/geotiff_metadata_for_jpeg_2000.htm#kanchor51" UsedConditions="" LocalConditions="" /></Links><SeeAlsoLinks /><IndexControlLinks /><SortAsLinks /></IndexEntry><IndexEntry Term="metadata tags"><Entries /><Links><IndexLink Title="Metadata Tags" Link="/content/metadata_tags.htm#kanchor41" UsedConditions="" LocalConditions="" /></Links><SeeAlsoLinks /><IndexControlLinks /><SortAsLinks /></IndexEntry><IndexEntry Term="negative y-resolutions"><Entries /><Links><IndexLink Title="Negative y-Resolutions" Link="/content/negative_y_resolutions.htm#kanchor21" UsedConditions="" LocalConditions="" /></Links><SeeAlsoLinks /><IndexControlLinks /><SortAsLinks /></IndexEntry><IndexEntry Term="nodata and background pixels"><Entries /><Links><IndexLink Title="Nodata and Background Pixels" Link="/content/nodata_and_background_pixels.htm#kanchor31" UsedConditions="" LocalConditions="" /></Links><SeeAlsoLinks /><IndexControlLinks /><SortAsLinks /></IndexEntry><IndexEntry Term="overrides"><Entries /><Links><IndexLink Title="Overrides" Link="/content/overrides.htm#kanchor83" UsedConditions="" LocalConditions="" /></Links><SeeAlsoLinks /><IndexControlLinks /><SortAsLinks /></IndexEntry><IndexEntry Term="streams"><Entries /><Links><IndexLink Title="Notes on Streams" Link="/content/notes_on_streams.htm#kanchor9" UsedConditions="" LocalConditions="" /></Links><SeeAlsoLinks /><IndexControlLinks /><SortAsLinks /></IndexEntry><IndexEntry Term="world files"><Entries /><Links><IndexLink Title="Notes on World Files" Link="/content/notes_on_world_files.htm#kanchor13" UsedConditions="" LocalConditions="" /></Links><SeeAlsoLinks /><IndexControlLinks /><SortAsLinks /></IndexEntry><IndexEntry Term="zoom levels"><Entries /><Links><IndexLink Title="Zoom Levels" Link="/content/zoom_levels.htm#kanchor8" UsedConditions="" LocalConditions="" /></Links><SeeAlsoLinks /><IndexControlLinks /><SortAsLinks /></IndexEntry></Entries><Links /><SeeAlsoLinks /><IndexControlLinks /><SortAsLinks /></IndexEntry><IndexEntry Term="Technical support"><Entries><IndexEntry Term="before you contact us..."><Entries /><Links><IndexLink Title="Technical Support" Link="/content/technical_support.htm#kanchor86" UsedConditions="" LocalConditions="" /></Links><SeeAlsoLinks /><IndexControlLinks /><SortAsLinks /></IndexEntry></Entries><Links><IndexLink Title="Technical Support" Link="/content/technical_support.htm#kanchor84" UsedConditions="" LocalConditions="" /></Links><SeeAlsoLinks /><IndexControlLinks /><SortAsLinks /></IndexEntry><IndexEntry Term="Tiling"><Entries /><Links><IndexLink Title="Key Features of MrSID" Link="/content/key_features_of_mrsid.htm#kanchor74" UsedConditions="" LocalConditions="" /></Links><SeeAlsoLinks /><IndexControlLinks /><SortAsLinks /></IndexEntry><IndexEntry Term="World filles"><Entries /><Links><IndexLink Title="Notes on World Files" Link="/content/notes_on_world_files.htm#kanchor13" UsedConditions="" LocalConditions="" /></Links><SeeAlsoLinks /><IndexControlLinks /><SortAsLinks /></IndexEntry><IndexEntry Term="Zoom levels"><Entries /><Links><IndexLink Title="Zoom Levels" Link="/content/zoom_levels.htm#kanchor8" UsedConditions="" LocalConditions="" /></Links><SeeAlsoLinks /><IndexControlLinks /><SortAsLinks /></IndexEntry></Entries></IndexEntry></CatapultTargetIndex>