<?xml version="1.0" encoding="utf-8"?><CatapultTargetIndex Count="154" Char_65="0" Char_66="3" Char_67="9" Char_68="38" Char_69="41" Char_70="42" Char_71="44" Char_73="48" Char_105="56" Char_74="58" Char_75="62" Char_76="63" Char_77="64" Char_109="92" Char_78="96" Char_79="104" Char_80="107" Char_82="112" Char_83="122" Char_84="137" Char_87="152" Char_90="153"><Chunks><Chunk FirstTerm="About LizardTech" Link="Index_Chunk1.xml" Start="0" Count="96" /><Chunk FirstTerm="Negative y-resolutions" Link="Index_Chunk2.xml" Start="96" Count="58" /></Chunks><IndexEntry><Entries></Entries><Links /><SeeAlsoLinks /><IndexControlLinks /><SortAsLinks /></IndexEntry></CatapultTargetIndex>