<?xml version="1.0" encoding="utf-8"?><CatapultTargetIndex><IndexEntry><Entries><IndexEntry Term="About LizardTech"><Entries /><Links><IndexLink Title="About LizardTech" Link="/content/about_lizardtech.htm#kanchor47" UsedConditions="" LocalConditions="" /></Links><SeeAlsoLinks /><IndexControlLinks /><SortAsLinks /></IndexEntry><IndexEntry Term="Alpha bands"><Entries /><Links><IndexLink Title="Key Features of MrSID" Link="/content/key_features_of_mrsid.htm#kanchor73" UsedConditions="" LocalConditions="" /></Links><SeeAlsoLinks /><IndexControlLinks /><SortAsLinks /></IndexEntry><IndexEntry Term="Architecture and design"><Entries /><Links><IndexLink Title="Architecture and Design" Link="/content/architecture_and_design.htm#kanchor52" UsedConditions="" LocalConditions="" /></Links><SeeAlsoLinks /><IndexControlLinks /><SortAsLinks /></IndexEntry><IndexEntry Term="Background data"><Entries /><Links><IndexLink Title="Nodata and Background Pixels" Link="/content/nodata_and_background_pixels.htm#kanchor31" UsedConditions="" LocalConditions="" /></Links><SeeAlsoLinks /><IndexControlLinks /><SortAsLinks /></IndexEntry><IndexEntry Term="Base classes"><Entries /><Links><IndexLink Title="The SDK Base Classes" Link="/content/the_sdk_base_classes.htm#kanchor48" UsedConditions="" LocalConditions="" /><IndexLink Title="Base Classes" Link="/content/base_classes.htm#kanchor75" UsedConditions="" LocalConditions="" /></Links><SeeAlsoLinks /><IndexControlLinks /><SortAsLinks /></IndexEntry><IndexEntry Term="Base enums"><Entries /><Links><IndexLink Title="Base Enums" Link="/content/base_enums.htm#kanchor78" UsedConditions="" LocalConditions="" /></Links><SeeAlsoLinks /><IndexControlLinks /><SortAsLinks /></IndexEntry><IndexEntry Term="Basic typedefs"><Entries /><Links><IndexLink Title="Preprocessor Constants and Basic Typedefs" Link="/content/preprocessor_constants_and_basic_typedefs.htm#kanchor76" UsedConditions="" LocalConditions="" /></Links><SeeAlsoLinks /><IndexControlLinks /><SortAsLinks /></IndexEntry><IndexEntry Term="BBB files"><Entries /><Links><IndexLink Title="Notes on BBB Files" Link="/content/notes_on_bbb_files.htm#kanchor39" UsedConditions="" LocalConditions="" /></Links><SeeAlsoLinks /><IndexControlLinks /><SortAsLinks /></IndexEntry><IndexEntry Term="Buffers"><Entries /><Links><IndexLink Title="Scene and Buffer Management" Link="/content/scene_and_buffer_management.htm#kanchor50" UsedConditions="" LocalConditions="" /></Links><SeeAlsoLinks /><IndexControlLinks /><SortAsLinks /></IndexEntry><IndexEntry Term="C API"><Entries><IndexEntry Term="decode support"><Entries /><Links><IndexLink Title="Decode Support" Link="/content/decode_support.htm#kanchor18" UsedConditions="" LocalConditions="" /></Links><SeeAlsoLinks /><IndexControlLinks /><SortAsLinks /></IndexEntry><IndexEntry Term="image support"><Entries /><Links><IndexLink Title="Image Support" Link="/content/image_support.htm#kanchor80" UsedConditions="" LocalConditions="" /></Links><SeeAlsoLinks /><IndexControlLinks /><SortAsLinks /></IndexEntry><IndexEntry Term="metadata support"><Entries /><Links><IndexLink Title="Metadata Support" Link="/content/metadata_support2.htm#kanchor82" UsedConditions="" LocalConditions="" /></Links><SeeAlsoLinks /><IndexControlLinks /><SortAsLinks /></IndexEntry><IndexEntry Term="streams"><Entries /><Links><IndexLink Title="Streams" Link="/content/streams2.htm#kanchor81" UsedConditions="" LocalConditions="" /></Links><SeeAlsoLinks /><IndexControlLinks /><SortAsLinks /></IndexEntry></Entries><Links><IndexLink Title="The C API" Link="/content/the_c_api.htm#kanchor3" UsedConditions="" LocalConditions="" /></Links><SeeAlsoLinks /><IndexControlLinks /><SortAsLinks /></IndexEntry><IndexEntry Term="C header file"><Entries /><Links><IndexLink Title="Preprocessor Constants and Basic Typedefs" Link="/content/preprocessor_constants_and_basic_typedefs.htm#kanchor76" UsedConditions="" LocalConditions="" /></Links><SeeAlsoLinks /><IndexControlLinks /><SortAsLinks /></IndexEntry><IndexEntry Term="Classes"><Entries><IndexEntry Term="base"><Entries /><Links><IndexLink Title="The SDK Base Classes" Link="/content/the_sdk_base_classes.htm#kanchor48" UsedConditions="" LocalConditions="" /><IndexLink Title="Base Classes" Link="/content/base_classes.htm#kanchor75" UsedConditions="" LocalConditions="" /></Links><SeeAlsoLinks /><IndexControlLinks /><SortAsLinks /></IndexEntry><IndexEntry Term="image"><Entries /><Links><IndexLink Title="The Image Classes" Link="/content/the_image_classes.htm#kanchor44" UsedConditions="" LocalConditions="" /></Links><SeeAlsoLinks /><IndexControlLinks /><SortAsLinks /></IndexEntry><IndexEntry Term="J2KImageReader"><Entries /><Links><IndexLink Title="The JPEG 2000 Reader" Link="/content/the_jpeg_2000_reader.htm#kanchor38" UsedConditions="" LocalConditions="" /></Links><SeeAlsoLinks /><IndexControlLinks /><SortAsLinks /></IndexEntry><IndexEntry Term="LTIFileSpec"><Entries /><Links><IndexLink Title="The LTIFileSpec Class" Link="/content/the_ltifilespec_class.htm#kanchor14" UsedConditions="" LocalConditions="" /></Links><SeeAlsoLinks /><IndexControlLinks /><SortAsLinks /></IndexEntry><IndexEntry Term="LTIGeoFileImageWriter"><Entries /><Links><IndexLink Title="The Image Classes" Link="/content/the_image_classes.htm#kanchor45" UsedConditions="" LocalConditions="" /></Links><SeeAlsoLinks /><IndexControlLinks /><SortAsLinks /></IndexEntry><IndexEntry Term="LTIImage"><Entries /><Links><IndexLink Title="Pipeline Design" Link="/content/pipeline_design.htm#kanchor6" UsedConditions="" LocalConditions="" /></Links><SeeAlsoLinks /><IndexControlLinks /><SortAsLinks /></IndexEntry><IndexEntry Term="LTIImageFilter"><Entries /><Links><IndexLink Title="Pipeline Design" Link="/content/pipeline_design.htm#kanchor6" UsedConditions="" LocalConditions="" /></Links><SeeAlsoLinks /><IndexControlLinks /><SortAsLinks /></IndexEntry><IndexEntry Term="LTIImageReader"><Entries /><Links><IndexLink Title="Pipeline Design" Link="/content/pipeline_design.htm#kanchor6" UsedConditions="" LocalConditions="" /></Links><SeeAlsoLinks /><IndexControlLinks /><SortAsLinks /></IndexEntry><IndexEntry Term="LTIImageStage"><Entries /><Links><IndexLink Title="Pipeline Design" Link="/content/pipeline_design.htm#kanchor6" UsedConditions="" LocalConditions="" /></Links><SeeAlsoLinks /><IndexControlLinks /><SortAsLinks /></IndexEntry><IndexEntry Term="LTIImageStageManager"><Entries /><Links><IndexLink Title="Pipeline Design" Link="/content/pipeline_design.htm#kanchor7" UsedConditions="" LocalConditions="" /></Links><SeeAlsoLinks /><IndexControlLinks /><SortAsLinks /></IndexEntry><IndexEntry Term="LTIImageWriter"><Entries /><Links><IndexLink Title="Pipeline Design" Link="/content/pipeline_design.htm#kanchor6" UsedConditions="" LocalConditions="" /></Links><SeeAlsoLinks /><IndexControlLinks /><SortAsLinks /></IndexEntry><IndexEntry Term="support"><Entries /><Links><IndexLink Title="The Support Classes" Link="/content/the_support_classes.htm#kanchor19" UsedConditions="" LocalConditions="" /></Links><SeeAlsoLinks /><IndexControlLinks /><SortAsLinks /></IndexEntry></Entries><Links /><SeeAlsoLinks /><IndexControlLinks /><SortAsLinks /></IndexEntry><IndexEntry Term="Coding conventions"><Entries /><Links><IndexLink Title="Coding Conventions" Link="/content/coding_conventions.htm#kanchor53" UsedConditions="" LocalConditions="" /></Links><SeeAlsoLinks /><IndexControlLinks /><SortAsLinks /></IndexEntry><IndexEntry Term="Command line applications"><Entries><IndexEntry Term="common switches"><Entries /><Links><IndexLink Title="Switches Common to All Tools" Link="/content/switches_common_to_all_tools.htm#kanchor42" UsedConditions="" LocalConditions="" /></Links><SeeAlsoLinks /><IndexControlLinks /><SortAsLinks /></IndexEntry><IndexEntry Term="mrsiddecode"><Entries /><Links><IndexLink Title="mrsiddecode" Link="/content/mrsiddecode.htm#kanchor63" UsedConditions="" LocalConditions="" /></Links><SeeAlsoLinks /><IndexControlLinks /><SortAsLinks /></IndexEntry><IndexEntry Term="mrsidinfo"><Entries /><Links><IndexLink Title="mrsidinfo" Link="/content/mrsidinfo.htm#kanchor59" UsedConditions="" LocalConditions="" /></Links><SeeAlsoLinks /><IndexControlLinks /><SortAsLinks /></IndexEntry><IndexEntry Term="mrsidviewer"><Entries /><Links><IndexLink Title="mrsidviewer" Link="/content/mrsidviewer.htm#kanchor62" UsedConditions="" LocalConditions="" /></Links><SeeAlsoLinks /><IndexControlLinks /><SortAsLinks /></IndexEntry></Entries><Links><IndexLink Title="Command Line Applications" Link="/content/command_line_applications.htm#kanchor1" UsedConditions="" LocalConditions="" /></Links><SeeAlsoLinks /><IndexControlLinks /><SortAsLinks /></IndexEntry><IndexEntry Term="Composites"><Entries /><Links><IndexLink Title="Key Features of MrSID" Link="/content/key_features_of_mrsid.htm#kanchor74" UsedConditions="" LocalConditions="" /></Links><SeeAlsoLinks /><IndexControlLinks /><SortAsLinks /></IndexEntry><IndexEntry Term="Compression"><Entries /><Links><IndexLink Title="Key Features of MrSID" Link="/content/key_features_of_mrsid.htm#kanchor68" UsedConditions="" LocalConditions="" /></Links><SeeAlsoLinks /><IndexControlLinks /><SortAsLinks /></IndexEntry><IndexEntry Term="Concrete image filters and writers"><Entries /><Links><IndexLink Title="Concrete Image Filters and Writers" Link="/content/concrete_image_readers_filters_and_writers.htm#kanchor79" UsedConditions="" LocalConditions="" /></Links><SeeAlsoLinks /><IndexControlLinks /><SortAsLinks /></IndexEntry><IndexEntry Term="Creator Deletes rule"><Entries /><Links><IndexLink Title="Other Design Considerations" Link="/content/other_design_considerations.htm#kanchor56" UsedConditions="" LocalConditions="" /></Links><SeeAlsoLinks /><IndexControlLinks /><SortAsLinks /></IndexEntry><IndexEntry Term="Decode support (C API)"><Entries /><Links><IndexLink Title="Decode Support" Link="/content/decode_support.htm#kanchor18" UsedConditions="" LocalConditions="" /></Links><SeeAlsoLinks /><IndexControlLinks /><SortAsLinks /></IndexEntry><IndexEntry Term="Decompression"><Entries /><Links><IndexLink Title="Key Features of MrSID" Link="/content/key_features_of_mrsid.htm#kanchor69" UsedConditions="" LocalConditions="" /></Links><SeeAlsoLinks /><IndexControlLinks /><SortAsLinks /></IndexEntry><IndexEntry Term="Developer website"><Entries /><Links><IndexLink Title="Technical Support" Link="/content/technical_support.htm#kanchor85" UsedConditions="" LocalConditions="" /></Links><SeeAlsoLinks /><IndexControlLinks /><SortAsLinks /></IndexEntry><IndexEntry Term="Enums"><Entries /><Links><IndexLink Title="Base Enums" Link="/content/base_enums.htm#kanchor78" UsedConditions="" LocalConditions="" /></Links><SeeAlsoLinks /><IndexControlLinks /><SortAsLinks /></IndexEntry><IndexEntry Term="Floating point data"><Entries /><Links><IndexLink Title="Key Features of MrSID" Link="/content/key_features_of_mrsid.htm#kanchor65" UsedConditions="" LocalConditions="" /></Links><SeeAlsoLinks /><IndexControlLinks /><SortAsLinks /></IndexEntry><IndexEntry Term="Formats"><Entries /><Links><IndexLink Title="Key Features of MrSID" Link="/content/key_features_of_mrsid.htm#kanchor65" UsedConditions="" LocalConditions="" /></Links><SeeAlsoLinks /><IndexControlLinks /><SortAsLinks /></IndexEntry><IndexEntry Term="Georeferencing"><Entries><IndexEntry Term="NITF imagery"><Entries /><Links><IndexLink Title="Georeferencing of NITF Imagery" Link="/content/georeferencing_of_nitf_imagery.htm#kanchor16" UsedConditions="" LocalConditions="" /></Links><SeeAlsoLinks /><IndexControlLinks /><SortAsLinks /></IndexEntry></Entries><Links /><SeeAlsoLinks /><IndexControlLinks /><SortAsLinks /></IndexEntry><IndexEntry Term="GeoTIFF metadata"><Entries /><Links><IndexLink Title="GeoTIFF Metadata for JPEG 2000" Link="/content/geotiff_metadata_for_jpeg_2000.htm#kanchor51" UsedConditions="" LocalConditions="" /></Links><SeeAlsoLinks /><IndexControlLinks /><SortAsLinks /></IndexEntry><IndexEntry Term="Glossary"><Entries /><Links><IndexLink Title="Glossary" Link="/content/glossary.htm#kanchor20" UsedConditions="" LocalConditions="" /></Links><SeeAlsoLinks /><IndexControlLinks /><SortAsLinks /></IndexEntry><IndexEntry Term="Image classes"><Entries /><Links><IndexLink Title="The Image Classes" Link="/content/the_image_classes.htm#kanchor44" UsedConditions="" LocalConditions="" /></Links><SeeAlsoLinks /><IndexControlLinks /><SortAsLinks /></IndexEntry><IndexEntry Term="Image filters"><Entries /><Links><IndexLink Title="Pipeline Design" Link="/content/pipeline_design.htm#kanchor5" UsedConditions="" LocalConditions="" /><IndexLink Title="Image Filters" Link="/content/image_filters.htm#kanchor49" UsedConditions="" LocalConditions="" /></Links><SeeAlsoLinks /><IndexControlLinks /><SortAsLinks /></IndexEntry><IndexEntry Term="Image quality"><Entries /><Links><IndexLink Title="Key Features of MrSID" Link="/content/key_features_of_mrsid.htm#kanchor66" UsedConditions="" LocalConditions="" /></Links><SeeAlsoLinks /><IndexControlLinks /><SortAsLinks /></IndexEntry><IndexEntry Term="Image readers"><Entries /><Links><IndexLink Title="Pipeline Design" Link="/content/pipeline_design.htm#kanchor5" UsedConditions="" LocalConditions="" /></Links><SeeAlsoLinks /><IndexControlLinks /><SortAsLinks /></IndexEntry><IndexEntry Term="Image stages"><Entries /><Links><IndexLink Title="Pipeline Design" Link="/content/pipeline_design.htm#kanchor5" UsedConditions="" LocalConditions="" /></Links><SeeAlsoLinks /><IndexControlLinks /><SortAsLinks /></IndexEntry><IndexEntry Term="Image support (C API)"><Entries /><Links><IndexLink Title="Image Support" Link="/content/image_support.htm#kanchor80" UsedConditions="" LocalConditions="" /></Links><SeeAlsoLinks /><IndexControlLinks /><SortAsLinks /></IndexEntry><IndexEntry Term="Image writers"><Entries /><Links><IndexLink Title="Pipeline Design" Link="/content/pipeline_design.htm#kanchor5" UsedConditions="" LocalConditions="" /><IndexLink Title="Image Writers" Link="/content/image_writers.htm#kanchor32" UsedConditions="" LocalConditions="" /></Links><SeeAlsoLinks /><IndexControlLinks /><SortAsLinks /></IndexEntry><IndexEntry Term="Initializations"><Entries /><Links><IndexLink Title="Other Design Considerations" Link="/content/other_design_considerations.htm#kanchor55" UsedConditions="" LocalConditions="" /></Links><SeeAlsoLinks /><IndexControlLinks /><SortAsLinks /></IndexEntry><IndexEntry Term="install.txt"><Entries /><Links><IndexLink Title="Installation" Link="/content/installation.htm#kanchor2" UsedConditions="" LocalConditions="" /></Links><SeeAlsoLinks /><IndexControlLinks /><SortAsLinks /></IndexEntry><IndexEntry Term="Installation"><Entries /><Links><IndexLink Title="Installation" Link="/content/installation.htm#kanchor2" UsedConditions="" LocalConditions="" /></Links><SeeAlsoLinks /><IndexControlLinks /><SortAsLinks /></IndexEntry><IndexEntry Term="JPEG 2000"><Entries><IndexEntry Term="GeoTIFFmetadata"><Entries /><Links><IndexLink Title="GeoTIFF Metadata for JPEG 2000" Link="/content/geotiff_metadata_for_jpeg_2000.htm#kanchor51" UsedConditions="" LocalConditions="" /></Links><SeeAlsoLinks /><IndexControlLinks /><SortAsLinks /></IndexEntry><IndexEntry Term="reader"><Entries /><Links><IndexLink Title="The JPEG 2000 Reader" Link="/content/the_jpeg_2000_reader.htm#kanchor38" UsedConditions="" LocalConditions="" /></Links><SeeAlsoLinks /><IndexControlLinks /><SortAsLinks /></IndexEntry><IndexEntry Term="support for"><Entries /><Links><IndexLink Title="JPEG 2000 Support" Link="/content/jpeg_2000_support.htm#kanchor61" UsedConditions="" LocalConditions="" /></Links><SeeAlsoLinks /><IndexControlLinks /><SortAsLinks /></IndexEntry></Entries><Links /><SeeAlsoLinks /><IndexControlLinks /><SortAsLinks /></IndexEntry><IndexEntry Term="Key Features of MrSID"><Entries /><Links><IndexLink Title="Key Features of MrSID" Link="/content/key_features_of_mrsid.htm#kanchor64" UsedConditions="" LocalConditions="" /></Links><SeeAlsoLinks /><IndexControlLinks /><SortAsLinks /></IndexEntry><IndexEntry Term="LTIFileSpec class"><Entries /><Links><IndexLink Title="The LTIFileSpec Class" Link="/content/the_ltifilespec_class.htm#kanchor14" UsedConditions="" LocalConditions="" /></Links><SeeAlsoLinks /><IndexControlLinks /><SortAsLinks /></IndexEntry><IndexEntry Term="Metadata"><Entries><IndexEntry Term="GeoTIFF metadata for JPEG 2000"><Entries /><Links><IndexLink Title="GeoTIFF Metadata for JPEG 2000" Link="/content/geotiff_metadata_for_jpeg_2000.htm#kanchor51" UsedConditions="" LocalConditions="" /></Links><SeeAlsoLinks /><IndexControlLinks /><SortAsLinks /></IndexEntry><IndexEntry Term="NITF input"><Entries /><Links><IndexLink Title="NITF Input Metadata" Link="/content/nitf_input_metadata.htm#kanchor11" UsedConditions="" LocalConditions="" /><IndexLink Title="NITF Input Metadata" Link="/content/nitf_input_metadata.htm#kanchor12" UsedConditions="" LocalConditions="" /></Links><SeeAlsoLinks /><IndexControlLinks /><SortAsLinks /></IndexEntry><IndexEntry Term="support for"><Entries /><Links><IndexLink Title="Metadata Support" Link="/content/metadata_support.htm#kanchor46" UsedConditions="" LocalConditions="" /></Links><SeeAlsoLinks /><IndexControlLinks /><SortAsLinks /></IndexEntry><IndexEntry Term="tags"><Entries /><Links><IndexLink Title="Metadata Tags" Link="/content/metadata_tags.htm#kanchor41" UsedConditions="" LocalConditions="" /></Links><SeeAlsoLinks /><IndexControlLinks /><SortAsLinks /></IndexEntry></Entries><Links><IndexLink Title="Key Features of MrSID" Link="/content/key_features_of_mrsid.htm#kanchor71" UsedConditions="" LocalConditions="" /></Links><SeeAlsoLinks /><IndexControlLinks /><SortAsLinks /></IndexEntry><IndexEntry Term="Metadata database"><Entries /><Links><IndexLink Title="The Metadata Database" Link="/content/the_metadata_database.htm#kanchor34" UsedConditions="" LocalConditions="" /></Links><SeeAlsoLinks /><IndexControlLinks /><SortAsLinks /></IndexEntry><IndexEntry Term="Metadata record"><Entries /><Links><IndexLink Title="The Metadata Record" Link="/content/the_metadata_record.htm#kanchor17" UsedConditions="" LocalConditions="" /></Links><SeeAlsoLinks /><IndexControlLinks /><SortAsLinks /></IndexEntry><IndexEntry Term="Metadata support (C API)"><Entries /><Links><IndexLink Title="Metadata Support" Link="/content/metadata_support2.htm#kanchor82" UsedConditions="" LocalConditions="" /></Links><SeeAlsoLinks /><IndexControlLinks /><SortAsLinks /></IndexEntry><IndexEntry Term="Metadata tags"><Entries /><Links><IndexLink Title="The Tags" Link="/content/the_tags.htm#kanchor40" UsedConditions="" LocalConditions="" /></Links><SeeAlsoLinks /><IndexControlLinks /><SortAsLinks /></IndexEntry><IndexEntry Term="MG4, MG3"><Entries><IndexEntry Term="and MG2"><Entries /><Links><IndexLink Title="MG2, MG3 and MG4" Link="/content/mg2_mg3_and_mg4.htm#kanchor37" UsedConditions="" LocalConditions="" /></Links><SeeAlsoLinks /><IndexControlLinks /><SortAsLinks /></IndexEntry></Entries><Links /><SeeAlsoLinks /><IndexControlLinks /><SortAsLinks /></IndexEntry><IndexEntry Term="MrSID"><Entries><IndexEntry Term="alpha bands"><Entries /><Links><IndexLink Title="Key Features of MrSID" Link="/content/key_features_of_mrsid.htm#kanchor73" UsedConditions="" LocalConditions="" /></Links><SeeAlsoLinks /><IndexControlLinks /><SortAsLinks /></IndexEntry><IndexEntry Term="compression"><Entries /><Links><IndexLink Title="Key Features of MrSID" Link="/content/key_features_of_mrsid.htm#kanchor68" UsedConditions="" LocalConditions="" /></Links><SeeAlsoLinks /><IndexControlLinks /><SortAsLinks /></IndexEntry><IndexEntry Term="datatypes and formats"><Entries /><Links><IndexLink Title="Key Features of MrSID" Link="/content/key_features_of_mrsid.htm#kanchor65" UsedConditions="" LocalConditions="" /></Links><SeeAlsoLinks /><IndexControlLinks /><SortAsLinks /></IndexEntry><IndexEntry Term="decompression"><Entries /><Links><IndexLink Title="Key Features of MrSID" Link="/content/key_features_of_mrsid.htm#kanchor69" UsedConditions="" LocalConditions="" /></Links><SeeAlsoLinks /><IndexControlLinks /><SortAsLinks /></IndexEntry><IndexEntry Term="Generation 2"><Entries /><Links><IndexLink Title="MG2, MG3 and MG4" Link="/content/mg2_mg3_and_mg4.htm#kanchor37" UsedConditions="" LocalConditions="" /></Links><SeeAlsoLinks /><IndexControlLinks /><SortAsLinks /></IndexEntry><IndexEntry Term="Generation 3"><Entries /><Links><IndexLink Title="MG2, MG3 and MG4" Link="/content/mg2_mg3_and_mg4.htm#kanchor37" UsedConditions="" LocalConditions="" /></Links><SeeAlsoLinks /><IndexControlLinks /><SortAsLinks /></IndexEntry><IndexEntry Term="Generation 4"><Entries /><Links><IndexLink Title="MG2, MG3 and MG4" Link="/content/mg2_mg3_and_mg4.htm#kanchor37" UsedConditions="" LocalConditions="" /></Links><SeeAlsoLinks /><IndexControlLinks /><SortAsLinks /></IndexEntry><IndexEntry Term="image quality"><Entries /><Links><IndexLink Title="Key Features of MrSID" Link="/content/key_features_of_mrsid.htm#kanchor66" UsedConditions="" LocalConditions="" /></Links><SeeAlsoLinks /><IndexControlLinks /><SortAsLinks /></IndexEntry><IndexEntry Term="key features"><Entries /><Links><IndexLink Title="Key Features of MrSID" Link="/content/key_features_of_mrsid.htm#kanchor64" UsedConditions="" LocalConditions="" /></Links><SeeAlsoLinks /><IndexControlLinks /><SortAsLinks /></IndexEntry><IndexEntry Term="metadata"><Entries /><Links><IndexLink Title="Key Features of MrSID" Link="/content/key_features_of_mrsid.htm#kanchor71" UsedConditions="" LocalConditions="" /></Links><SeeAlsoLinks /><IndexControlLinks /><SortAsLinks /></IndexEntry><IndexEntry Term="multispectral"><Entries /><Links><IndexLink Title="Key Features of MrSID" Link="/content/key_features_of_mrsid.htm#kanchor72" UsedConditions="" LocalConditions="" /></Links><SeeAlsoLinks /><IndexControlLinks /><SortAsLinks /></IndexEntry><IndexEntry Term="optimization"><Entries /><Links><IndexLink Title="Key Features of MrSID" Link="/content/key_features_of_mrsid.htm#kanchor70" UsedConditions="" LocalConditions="" /></Links><SeeAlsoLinks /><IndexControlLinks /><SortAsLinks /></IndexEntry><IndexEntry Term="performance"><Entries /><Links><IndexLink Title="Key Features of MrSID" Link="/content/key_features_of_mrsid.htm#kanchor67" UsedConditions="" LocalConditions="" /></Links><SeeAlsoLinks /><IndexControlLinks /><SortAsLinks /></IndexEntry><IndexEntry Term="support for"><Entries /><Links><IndexLink Title="MrSID Support" Link="/content/mrsid_support.htm#kanchor87" UsedConditions="" LocalConditions="" /></Links><SeeAlsoLinks /><IndexControlLinks /><SortAsLinks /></IndexEntry><IndexEntry Term="tiling and composites"><Entries /><Links><IndexLink Title="Key Features of MrSID" Link="/content/key_features_of_mrsid.htm#kanchor74" UsedConditions="" LocalConditions="" /></Links><SeeAlsoLinks /><IndexControlLinks /><SortAsLinks /></IndexEntry></Entries><Links /><SeeAlsoLinks /><IndexControlLinks /><SortAsLinks /></IndexEntry><IndexEntry Term="MrSID readers"><Entries /><Links><IndexLink Title="MrSID Readers" Link="/content/mrsid_readers.htm#kanchor35" UsedConditions="" LocalConditions="" /></Links><SeeAlsoLinks /><IndexControlLinks /><SortAsLinks /></IndexEntry><IndexEntry Term="mrsiddecode"><Entries /><Links><IndexLink Title="mrsiddecode" Link="/content/mrsiddecode.htm#kanchor63" UsedConditions="" LocalConditions="" /></Links><SeeAlsoLinks /><IndexControlLinks /><SortAsLinks /></IndexEntry><IndexEntry Term="mrsidinfo"><Entries /><Links><IndexLink Title="mrsidinfo" Link="/content/mrsidinfo.htm#kanchor59" UsedConditions="" LocalConditions="" /></Links><SeeAlsoLinks /><IndexControlLinks /><SortAsLinks /></IndexEntry><IndexEntry Term="mrsidviewer"><Entries /><Links><IndexLink Title="mrsidviewer" Link="/content/mrsidviewer.htm#kanchor62" UsedConditions="" LocalConditions="" /></Links><SeeAlsoLinks /><IndexControlLinks /><SortAsLinks /></IndexEntry><IndexEntry Term="Multispectral"><Entries /><Links><IndexLink Title="Key Features of MrSID" Link="/content/key_features_of_mrsid.htm#kanchor72" UsedConditions="" LocalConditions="" /></Links><SeeAlsoLinks /><IndexControlLinks /><SortAsLinks /></IndexEntry></Entries></IndexEntry></CatapultTargetIndex>