<?xml version="1.0" encoding="utf-8"?><index><stem n="minutia"><phr n="minutiae"><ent r="3" t="2" w="75" /></phr></stem><stem n="might"><phr n="might"><ent r="3" t="2" w="76" /><ent r="3" t="10" w="243" /><ent r="3" t="25" w="160" /><ent r="3" t="31" w="571" /><ent r="3" t="31" w="759" /><ent r="3" t="31" w="1078" /><ent r="3" t="31" w="1088" /><ent r="3" t="31" w="1109" /><ent r="3" t="31" w="1160" /><ent r="3" t="50" w="788" /><ent r="3" t="50" w="795" /><ent r="3" t="64" w="339" /></phr></stem><stem n="curious"><phr n="curious"><ent r="3" t="2" w="77" /></phr></stem><stem n="content"><phr n="contents"><ent r="268435456" t="3" w="2" /><ent r="1048578" t="3" w="4" /><ent r="3" t="3" w="5" /><ent r="3" t="6" w="14" /><ent r="3" t="32" w="40" /><ent r="3" t="60" w="370" /><ent r="3" t="60" w="636" /></phr><phr n="content"><ent r="4" t="69" w="639" /></phr></stem><stem n="follow"><phr n="following"><ent r="3" t="3" w="8" /><ent r="3" t="5" w="28" /><ent r="3" t="8" w="189" /><ent r="3" t="11" w="42" /><ent r="3" t="13" w="88" /><ent r="3" t="13" w="106" /><ent r="3" t="16" w="42" /><ent r="3" t="18" w="49" /><ent r="3" t="19" w="88" /><ent r="3" t="27" w="21" /><ent r="3" t="28" w="34" /><ent r="3" t="35" w="72" /><ent r="3" t="35" w="106" /><ent r="3" t="36" w="50" /><ent r="3" t="37" w="16" /><ent r="3" t="37" w="75" /><ent r="3" t="37" w="85" /><ent r="3" t="37" w="176" /><ent r="3" t="37" w="263" /><ent r="3" t="37" w="333" /><ent r="4" t="37" w="356" /><ent r="4" t="37" w="363" /><ent r="3" t="42" w="51" /><ent r="3" t="48" w="12" /><ent r="3" t="49" w="137" /><ent r="3" t="49" w="152" /><ent r="3" t="49" w="170" /><ent r="3" t="50" w="463" /><ent r="3" t="50" w="624" /><ent r="3" t="50" w="827" /><ent r="3" t="50" w="865" /><ent r="3" t="53" w="11" /><ent r="3" t="53" w="26" /><ent r="3" t="53" w="243" /><ent r="3" t="55" w="101" /><ent r="3" t="56" w="74" /><ent r="4" t="57" w="233" /><ent r="4" t="57" w="318" /><ent r="4" t="57" w="496" /><ent r="3" t="59" w="748" /><ent r="3" t="60" w="25" /><ent r="3" t="60" w="895" /><ent r="3" t="61" w="80" /><ent r="3" t="61" w="521" /><ent r="7" t="62" w="312" /><ent r="3" t="62" w="414" /><ent r="3" t="64" w="27" /><ent r="3" t="64" w="278" /><ent r="3" t="69" w="4" /></phr><phr n="follow"><ent r="3" t="8" w="156" /><ent r="3" t="14" w="12" /><ent r="3" t="14" w="109" /><ent r="3" t="15" w="25" /><ent r="3" t="54" w="14" /><ent r="3" t="54" w="45" /><ent r="3" t="60" w="651" /></phr><phr n="followed"><ent r="3" t="31" w="515" /><ent r="3" t="31" w="552" /><ent r="3" t="58" w="52" /><ent r="3" t="60" w="772" /></phr><phr n="follows"><ent r="3" t="35" w="105" /><ent r="5" t="37" w="386" /><ent r="3" t="55" w="117" /><ent r="3" t="59" w="169" /><ent r="3" t="61" w="291" /><ent r="3" t="61" w="577" /><ent r="3" t="63" w="114" /></phr></stem><stem n="cover"><phr n="cover"><ent r="3" t="3" w="10" /><ent r="3" t="31" w="860" /></phr><phr n="covering"><ent r="4" t="31" w="639" /></phr><phr n="covers"><ent r="3" t="31" w="1221" /></phr></stem><stem n="top"><phr n="top"><ent r="3" t="3" w="12" /><ent r="3" t="3" w="25" /><ent r="3" t="31" w="531" /><ent r="3" t="31" w="1062" /><ent r="3" t="31" w="1283" /><ent r="3" t="42" w="93" /><ent r="4" t="54" w="94" /><ent r="3" t="59" w="497" /><ent r="3" t="59" w="517" /><ent r="3" t="64" w="216" /><ent r="3" t="64" w="270" /><ent r="3" t="64" w="320" /></phr></stem><stem n="directori"><phr n="directory"><ent r="3" t="3" w="14" /><ent r="3" t="3" w="27" /><ent r="3" t="3" w="66" /><ent r="3" t="3" w="78" /><ent r="3" t="3" w="88" /><ent r="3" t="3" w="98" /><ent r="3" t="3" w="115" /><ent r="3" t="6" w="32" /><ent r="5" t="13" w="91" /><ent r="3" t="15" w="41" /><ent r="3" t="15" w="45" /><ent r="4" t="18" w="53" /><ent r="3" t="20" w="53" /><ent r="3" t="20" w="66" /><ent r="3" t="38" w="66" /><ent r="3" t="42" w="118" /></phr></stem><stem n="txt"><phr n="txt"><ent r="4" t="3" w="16" /><ent r="4" t="3" w="18" /><ent r="4" t="3" w="30" /><ent r="4096" t="6" w="4" /><ent r="4" t="6" w="30" /><ent r="4" t="49" w="185" /><ent r="3" t="49" w="191" /></phr></stem><stem n="chang"><phr n="changes"><ent r="4" t="3" w="17" /><ent r="3" t="3" w="22" /><ent r="3" t="4" w="79" /><ent r="3" t="10" w="187" /><ent r="4" t="27" w="69" /><ent r="4" t="27" w="225" /><ent r="3" t="40" w="43" /><ent r="6" t="62" w="306" /><ent r="4" t="69" w="760" /></phr><phr n="change"><ent r="4" t="10" w="91" /><ent r="4" t="10" w="112" /><ent r="3" t="31" w="1089" /><ent r="3" t="35" w="155" /><ent r="4" t="54" w="488" /><ent r="3" t="55" w="38" /><ent r="3" t="55" w="49" /><ent r="3" t="68" w="18" /></phr><phr n="changed"><ent r="3" t="31" w="1080" /><ent r="3" t="31" w="1163" /><ent r="4" t="54" w="319" /><ent r="4" t="62" w="500" /></phr></stem><stem n="contain"><phr n="contain"><ent r="3" t="3" w="20" /><ent r="3" t="16" w="40" /><ent r="3" t="30" w="133" /><ent r="3" t="30" w="241" /><ent r="4" t="30" w="307" /><ent r="3" t="31" w="797" /><ent r="3" t="37" w="64" /><ent r="4" t="54" w="572" /><ent r="3" t="59" w="56" /><ent r="3" t="59" w="512" /><ent r="3" t="60" w="476" /><ent r="3" t="60" w="487" /><ent r="3" t="61" w="85" /><ent r="3" t="61" w="472" /><ent r="4" t="69" w="1080" /><ent r="4" t="69" w="1137" /></phr><phr n="contains"><ent r="3" t="3" w="31" /><ent r="3" t="8" w="38" /><ent r="3" t="19" w="132" /><ent r="3" t="21" w="11" /><ent r="3" t="22" w="137" /><ent r="3" t="27" w="297" /><ent r="3" t="28" w="71" /><ent r="3" t="31" w="1189" /><ent r="3" t="33" w="121" /><ent r="3" t="36" w="44" /><ent r="3" t="39" w="157" /><ent r="3" t="42" w="121" /><ent r="3" t="46" w="35" /><ent r="3" t="52" w="8" /><ent r="4" t="54" w="643" /><ent r="4" t="54" w="649" /><ent r="3" t="60" w="277" /><ent r="3" t="60" w="289" /><ent r="3" t="60" w="372" /><ent r="3" t="60" w="547" /><ent r="3" t="61" w="360" /><ent r="3" t="61" w="530" /><ent r="3" t="61" w="536" /><ent r="3" t="62" w="71" /><ent r="3" t="65" w="12" /><ent r="4" t="69" w="711" /><ent r="4" t="69" w="737" /><ent r="4" t="69" w="1249" /><ent r="4" t="69" w="1326" /></phr><phr n="containing"><ent r="3" t="3" w="49" /><ent r="4" t="27" w="127" /><ent r="4" t="31" w="629" /><ent r="4" t="31" w="634" /><ent r="4" t="35" w="83" /><ent r="3" t="38" w="47" /><ent r="3" t="42" w="13" /><ent r="3" t="49" w="179" /><ent r="4" t="54" w="631" /><ent r="3" t="58" w="18" /><ent r="3" t="58" w="105" /><ent r="3" t="59" w="20" /><ent r="3" t="59" w="127" /><ent r="7" t="62" w="186" /><ent r="3" t="70" w="9" /></phr><phr n="contained"><ent r="3" t="59" w="73" /><ent r="3" t="62" w="94" /><ent r="4" t="69" w="978" /></phr></stem><stem n="complet"><phr n="complete"><ent r="3" t="3" w="32" /><ent r="3" t="6" w="33" /><ent r="3" t="22" w="128" /><ent r="3" t="30" w="123" /><ent r="3" t="42" w="122" /></phr></stem><stem n="doc"><phr n="doc"><ent r="4" t="3" w="41" /><ent r="4" t="3" w="54" /><ent r="4" t="70" w="14" /></phr></stem><stem n="usermanu"><phr n="usermanual"><ent r="4" t="3" w="42" /></phr></stem><stem n="index"><phr n="index"><ent r="4" t="3" w="43" /><ent r="4" t="3" w="56" /><ent r="3" t="60" w="779" /><ent r="3" t="60" w="812" /><ent r="3" t="60" w="955" /><ent r="3" t="60" w="994" /><ent r="3" t="60" w="1033" /><ent r="4" t="70" w="16" /></phr><phr n="indexing"><ent r="3" t="61" w="456" /></phr></stem><stem n="htm"><phr n="htm"><ent r="4" t="3" w="44" /></phr></stem><stem n="referencemanu"><phr n="referencemanual"><ent r="4" t="3" w="55" /><ent r="4" t="70" w="15" /></phr></stem><stem n="html"><phr n="html"><ent r="4" t="3" w="57" /><ent r="4" t="70" w="17" /></phr></stem><stem n="header"><phr n="headers"><ent r="3" t="3" w="58" /><ent r="3" t="3" w="60" /><ent r="3" t="3" w="72" /><ent r="3" t="16" w="31" /><ent r="3" t="24" w="83" /><ent r="3" t="38" w="65" /><ent r="3" t="54" w="628" /><ent r="3" t="63" w="200" /></phr><phr n="header"><ent r="3" t="3" w="61" /><ent r="3" t="13" w="101" /><ent r="3" t="15" w="39" /><ent r="4096" t="16" w="10" /><ent r="3" t="16" w="17" /><ent r="3" t="20" w="51" /><ent r="3" t="21" w="10" /><ent r="3" t="24" w="41" /><ent r="3" t="24" w="90" /><ent r="4" t="36" w="120" /><ent r="3" t="37" w="57" /><ent r="3" t="37" w="78" /><ent r="3" t="37" w="83" /><ent r="4" t="37" w="88" /><ent r="3" t="37" w="173" /><ent r="4" t="37" w="341" /><ent r="4" t="54" w="79" /><ent r="4" t="54" w="198" /><ent r="4" t="54" w="209" /><ent r="3" t="54" w="567" /><ent r="4" t="54" w="569" /><ent r="4" t="54" w="578" /><ent r="4" t="54" w="588" /><ent r="4" t="54" w="629" /><ent r="3" t="59" w="61" /><ent r="3" t="59" w="74" /><ent r="3" t="59" w="77" /><ent r="3" t="59" w="111" /><ent r="3" t="59" w="120" /><ent r="3" t="59" w="122" /><ent r="3" t="59" w="515" /><ent r="3" t="59" w="658" /><ent r="3" t="59" w="715" /><ent r="3" t="59" w="736" /><ent r="3" t="60" w="642" /><ent r="3" t="60" w="668" /><ent r="3" t="60" w="769" /></phr></stem><stem n="locat"><phr n="located"><ent r="3" t="3" w="65" /><ent r="3" t="3" w="76" /><ent r="3" t="3" w="85" /><ent r="3" t="3" w="122" /></phr><phr n="location"><ent r="3" t="13" w="89" /><ent r="4" t="25" w="57" /><ent r="6" t="62" w="392" /></phr></stem><stem n="lib"><phr n="lib"><ent r="4" t="3" w="77" /><ent r="4" t="13" w="92" /></phr></stem><stem n="suppli"><phr n="supplied"><ent r="3" t="3" w="83" /><ent r="3" t="4" w="56" /><ent r="4" t="19" w="121" /><ent r="3" t="25" w="121" /><ent r="3" t="27" w="24" /><ent r="3" t="28" w="37" /></phr><phr n="supply"><ent r="3" t="11" w="131" /></phr></stem><stem n="3rd"><phr n="3rd"><ent r="4" t="3" w="86" /></phr></stem><stem n="parti"><phr n="party"><ent r="4" t="3" w="87" /><ent r="3" t="31" w="750" /><ent r="3" t="46" w="26" /><ent r="3" t="54" w="25" /></phr></stem><stem n="sampl"><phr n="sample"><ent r="3" t="3" w="89" /><ent r="3" t="22" w="23" /><ent r="3" t="22" w="26" /><ent r="4" t="27" w="96" /><ent r="3" t="31" w="97" /><ent r="3" t="59" w="22" /><ent r="3" t="59" w="382" /><ent r="3" t="59" w="390" /><ent r="3" t="59" w="396" /><ent r="3" t="59" w="577" /><ent r="3" t="59" w="725" /><ent r="4" t="60" w="400" /><ent r="6" t="62" w="130" /><ent r="6" t="62" w="169" /><ent r="6" t="62" w="317" /><ent r="6" t="62" w="359" /><ent r="6" t="62" w="756" /><ent r="6" t="62" w="769" /><ent r="6" t="62" w="776" /><ent r="6" t="62" w="789" /><ent r="3" t="64" w="119" /><ent r="4" t="69" w="91" /><ent r="4" t="69" w="162" /><ent r="4" t="69" w="232" /><ent r="4" t="69" w="488" /><ent r="4" t="69" w="492" /><ent r="4" t="69" w="1015" /><ent r="5" t="69" w="1085" /><ent r="3" t="69" w="1121" /><ent r="4" t="69" w="1128" /></phr><phr n="sampling"><ent r="3" t="12" w="276" /><ent r="3" t="12" w="285" /></phr><phr n="samples"><ent r="3" t="22" w="35" /><ent r="3" t="22" w="38" /><ent r="4" t="23" w="45" /><ent r="3" t="25" w="329" /><ent r="3" t="59" w="241" /><ent r="3" t="59" w="696" /><ent r="6" t="62" w="149" /><ent r="7" t="62" w="182" /><ent r="6" t="62" w="372" /><ent r="6" t="62" w="797" /><ent r="6" t="62" w="806" /><ent r="4" t="69" w="34" /><ent r="4" t="69" w="84" /><ent r="4" t="69" w="155" /><ent r="4" t="69" w="225" /><ent r="4" t="69" w="427" /><ent r="4" t="69" w="1064" /><ent r="4" t="69" w="1140" /></phr></stem><stem n="bin"><phr n="bin"><ent r="4" t="3" w="97" /></phr></stem><stem n="aid"><phr n="aid"><ent r="3" t="3" w="99" /><ent r="3" t="23" w="109" /><ent r="3" t="39" w="174" /><ent r="3" t="40" w="74" /><ent r="3" t="47" w="16" /><ent r="3" t="54" w="31" /><ent r="3" t="63" w="178" /></phr></stem><stem n="debug"><phr n="debugging"><ent r="3" t="3" w="101" /><ent r="3" t="17" w="47" /><ent r="3" t="24" w="20" /><ent r="3" t="39" w="173" /><ent r="3" t="40" w="73" /><ent r="3" t="63" w="177" /></phr></stem><stem n="test"><phr n="testing"><ent r="3" t="3" w="102" /><ent r="3" t="47" w="18" /></phr><phr n="test"><ent r="3" t="3" w="118" /><ent r="4" t="8" w="226" /></phr></stem><stem n="src"><phr n="src"><ent r="4" t="3" w="117" /></phr></stem><stem n="get"><phr n="getting"><ent r="268435456" t="4" w="1" /><ent r="16777218" t="4" w="3" /><ent r="6" t="7" w="59" /></phr><phr n="get"><ent r="3" t="4" w="9" /><ent r="3" t="31" w="1161" /><ent r="3" t="39" w="161" /><ent r="3" t="54" w="701" /><ent r="5" t="54" w="703" /><ent r="6" t="57" w="246" /><ent r="4" t="57" w="492" /><ent r="3" t="60" w="526" /></phr></stem><stem n="start"><phr n="started"><ent r="268435456" t="4" w="2" /><ent r="16777218" t="4" w="4" /><ent r="3" t="4" w="10" /><ent r="3" t="31" w="780" /></phr><phr n="starting"><ent r="3" t="48" w="93" /><ent r="3" t="50" w="569" /><ent r="3" t="50" w="582" /></phr><phr n="starts"><ent r="3" t="50" w="841" /><ent r="3" t="61" w="238" /></phr><phr n="start"><ent r="3" t="62" w="51" /><ent r="6" t="62" w="355" /></phr></stem><stem n="preliminari"><phr n="preliminary"><ent r="3" t="4" w="7" /></phr></stem><stem n="least"><phr n="least"><ent r="3" t="4" w="14" /><ent r="3" t="25" w="150" /><ent r="3" t="59" w="65" /></phr></stem><stem n="suggest"><phr n="suggest"><ent r="3" t="4" w="15" /><ent r="3" t="61" w="485" /></phr></stem><stem n="skim"><phr n="skim"><ent r="3" t="4" w="16" /></phr></stem><stem n="accompani"><phr n="accompanying"><ent r="3" t="4" w="19" /></phr><phr n="accompany"><ent r="3" t="24" w="84" /></phr></stem><stem n="build"><phr n="build"><ent r="3" t="4" w="22" /><ent r="3" t="60" w="726" /></phr><phr n="building"><ent r="6" t="7" w="155" /><ent r="65538" t="13" w="63" /><ent r="3" t="13" w="70" /></phr></stem><stem n="execut"><phr n="execute"><ent r="3" t="4" w="23" /></phr><phr n="execution"><ent r="3" t="5" w="223" /></phr></stem><stem n="sourc"><phr n="sources"><ent r="3" t="4" w="28" /><ent r="3" t="31" w="78" /><ent r="3" t="67" w="57" /></phr><phr n="source"><ent r="3" t="4" w="77" /><ent r="4" t="8" w="218" /><ent r="4" t="10" w="70" /><ent r="3" t="16" w="23" /><ent r="4" t="27" w="50" /><ent r="3" t="29" w="21" /><ent r="3" t="29" w="40" /><ent r="3" t="30" w="242" /><ent r="4" t="30" w="326" /><ent r="4" t="30" w="334" /><ent r="3" t="31" w="560" /><ent r="4" t="54" w="88" /><ent r="4" t="54" w="97" /><ent r="4" t="54" w="189" /><ent r="4" t="54" w="613" /><ent r="4" t="54" w="636" /><ent r="4" t="54" w="641" /><ent r="3" t="60" w="513" /><ent r="3" t="60" w="890" /><ent r="4" t="62" w="515" /><ent r="4" t="69" w="1026" /></phr></stem><stem n="should"><phr n="should"><ent r="3" t="4" w="29" /><ent r="3" t="14" w="233" /><ent r="3" t="14" w="244" /><ent r="3" t="14" w="256" /><ent r="3" t="16" w="21" /><ent r="4" t="31" w="199" /><ent r="3" t="33" w="145" /><ent r="3" t="40" w="59" /><ent r="3" t="43" w="64" /><ent r="3" t="43" w="71" /><ent r="4" t="54" w="65" /><ent r="4" t="54" w="81" /><ent r="4" t="54" w="90" /><ent r="4" t="54" w="99" /><ent r="4" t="54" w="217" /><ent r="4" t="54" w="245" /><ent r="4" t="54" w="327" /><ent r="4" t="54" w="346" /><ent r="4" t="54" w="403" /><ent r="4" t="54" w="414" /><ent r="4" t="54" w="426" /><ent r="4" t="54" w="499" /><ent r="4" t="54" w="571" /><ent r="4" t="54" w="577" /><ent r="4" t="54" w="585" /><ent r="4" t="54" w="634" /><ent r="4" t="54" w="683" /><ent r="4" t="57" w="477" /><ent r="3" t="60" w="227" /><ent r="3" t="60" w="240" /><ent r="3" t="60" w="457" /><ent r="3" t="60" w="471" /><ent r="3" t="60" w="480" /><ent r="3" t="60" w="601" /><ent r="3" t="60" w="938" /><ent r="3" t="61" w="107" /><ent r="3" t="61" w="488" /><ent r="3" t="61" w="658" /><ent r="3" t="63" w="212" /><ent r="3" t="64" w="360" /></phr></stem><stem n="enough"><phr n="enough"><ent r="3" t="4" w="31" /><ent r="3" t="60" w="169" /></phr></stem><stem n="determin"><phr n="determine"><ent r="3" t="4" w="33" /><ent r="4" t="25" w="65" /><ent r="3" t="31" w="733" /><ent r="3" t="31" w="1147" /><ent r="4" t="57" w="255" /><ent r="4" t="57" w="337" /><ent r="4" t="61" w="443" /><ent r="4" t="61" w="598" /><ent r="4" t="69" w="596" /><ent r="4" t="69" w="695" /><ent r="4" t="69" w="1190" /><ent r="4" t="69" w="1307" /></phr><phr n="determined"><ent r="3" t="43" w="97" /><ent r="3" t="53" w="66" /><ent r="3" t="53" w="158" /><ent r="3" t="59" w="264" /><ent r="3" t="59" w="281" /><ent r="3" t="59" w="298" /><ent r="3" t="59" w="315" /><ent r="3" t="59" w="555" /><ent r="3" t="59" w="571" /><ent r="3" t="59" w="602" /><ent r="3" t="59" w="619" /><ent r="3" t="59" w="663" /><ent r="3" t="59" w="698" /><ent r="3" t="59" w="702" /><ent r="3" t="59" w="706" /><ent r="3" t="59" w="710" /><ent r="3" t="61" w="576" /></phr></stem><stem n="what"><phr n="what"><ent r="3" t="4" w="34" /><ent r="3" t="31" w="728" /><ent r="4" t="50" w="382" /><ent r="3" t="60" w="163" /><ent r="3" t="60" w="165" /><ent r="3" t="60" w="661" /><ent r="3" t="61" w="145" /><ent r="3" t="63" w="26" /><ent r="4" t="69" w="329" /></phr></stem><stem n="requir"><phr n="require"><ent r="3" t="4" w="41" /><ent r="3" t="4" w="76" /><ent r="3" t="8" w="168" /><ent r="3" t="31" w="1266" /><ent r="4" t="54" w="323" /><ent r="3" t="61" w="302" /><ent r="3" t="61" w="317" /></phr><phr n="requirements"><ent r="4" t="4" w="83" /><ent r="268435456" t="5" w="2" /><ent r="4096" t="5" w="4" /><ent r="1048578" t="5" w="6" /><ent r="3" t="5" w="32" /><ent r="4096" t="5" w="47" /><ent r="4096" t="5" w="152" /><ent r="4096" t="5" w="247" /><ent r="4096" t="5" w="299" /><ent r="4096" t="5" w="366" /><ent r="3" t="31" w="71" /><ent r="3" t="31" w="646" /><ent r="3" t="33" w="150" /><ent r="3" t="63" w="147" /><ent r="3" t="63" w="151" /><ent r="3" t="63" w="209" /><ent r="3" t="67" w="243" /><ent r="4" t="69" w="1234" /></phr><phr n="required"><ent r="3" t="6" w="8" /><ent r="3" t="10" w="173" /><ent r="3" t="11" w="34" /><ent r="3" t="11" w="89" /><ent r="3" t="11" w="112" /><ent r="4" t="19" w="110" /><ent r="3" t="25" w="170" /><ent r="4" t="27" w="267" /><ent r="3" t="31" w="468" /><ent r="3" t="31" w="653" /><ent r="3" t="31" w="897" /><ent r="3" t="31" w="916" /><ent r="3" t="31" w="942" /><ent r="3" t="31" w="1002" /><ent r="3" t="32" w="106" /><ent r="3" t="42" w="105" /><ent r="3" t="44" w="19" /><ent r="3" t="46" w="55" /><ent r="3" t="49" w="101" /><ent r="3" t="50" w="28" /><ent r="3" t="50" w="34" /><ent r="3" t="53" w="85" /><ent r="4" t="54" w="545" /><ent r="6" t="57" w="245" /><ent r="6" t="57" w="328" /><ent r="4" t="57" w="507" /><ent r="3" t="58" w="220" /><ent r="3" t="59" w="376" /><ent r="3" t="59" w="408" /><ent r="3" t="59" w="420" /><ent r="4" t="59" w="627" /><ent r="3" t="61" w="346" /><ent r="6" t="62" w="231" /><ent r="4" t="62" w="558" /><ent r="3" t="64" w="106" /><ent r="4" t="69" w="1054" /></phr><phr n="requiring"><ent r="3" t="14" w="68" /><ent r="4" t="31" w="613" /></phr><phr n="requires"><ent r="3" t="14" w="84" /><ent r="3" t="18" w="26" /><ent r="3" t="19" w="42" /><ent r="4" t="54" w="311" /><ent r="4" t="54" w="330" /></phr></stem><stem n="point"><phr n="point"><ent r="3" t="4" w="42" /><ent r="3" t="12" w="78" /><ent r="3" t="25" w="32" /><ent r="4" t="30" w="286" /><ent r="4096" t="31" w="49" /><ent r="3" t="31" w="104" /><ent r="4" t="54" w="219" /><ent r="3" t="58" w="164" /><ent r="3" t="59" w="257" /><ent r="3" t="59" w="274" /><ent r="3" t="59" w="291" /><ent r="3" t="59" w="308" /><ent r="3" t="59" w="325" /><ent r="3" t="59" w="447" /><ent r="3" t="59" w="468" /><ent r="3" t="59" w="481" /><ent r="3" t="59" w="491" /><ent r="3" t="59" w="550" /><ent r="3" t="59" w="566" /><ent r="3" t="59" w="597" /><ent r="3" t="59" w="614" /><ent r="3" t="60" w="523" /><ent r="6" t="62" w="347" /><ent r="4" t="62" w="561" /><ent r="3" t="67" w="221" /><ent r="4" t="69" w="781" /><ent r="4" t="69" w="1071" /></phr><phr n="points"><ent r="4" t="25" w="85" /><ent r="3" t="31" w="686" /><ent r="3" t="50" w="780" /><ent r="3" t="61" w="54" /><ent r="3" t="61" w="98" /><ent r="3" t="61" w="117" /><ent r="3" t="61" w="147" /><ent r="4" t="61" w="686" /><ent r="4" t="61" w="749" /><ent r="3" t="63" w="188" /></phr><phr n="pointed"><ent r="3" t="39" w="55" /></phr></stem><stem n="go"><phr n="go"><ent r="3" t="4" w="43" /><ent r="3" t="61" w="478" /></phr></stem><stem n="back"><phr n="back"><ent r="3" t="4" w="44" /><ent r="3" t="14" w="93" /><ent r="3" t="31" w="524" /><ent r="4" t="54" w="339" /><ent r="4" t="61" w="580" /></phr></stem><stem n="reread"><phr n="reread"><ent r="3" t="4" w="45" /></phr></stem><stem n="close"><phr n="closely"><ent r="3" t="4" w="49" /><ent r="3" t="23" w="71" /><ent r="3" t="44" w="44" /><ent r="3" t="45" w="40" /></phr><phr n="close"><ent r="5" t="19" w="48" /><ent r="3" t="43" w="54" /><ent r="5" t="57" w="128" /><ent r="4" t="57" w="165" /><ent r="5" t="57" w="166" /><ent r="5" t="57" w="178" /><ent r="5" t="57" w="186" /><ent r="5" t="57" w="192" /><ent r="4" t="69" w="1250" /></phr><phr n="closing"><ent r="3" t="43" w="15" /><ent r="3" t="46" w="51" /></phr><phr n="closed"><ent r="4" t="57" w="179" /><ent r="4" t="57" w="197" /></phr></stem><stem n="focus"><phr n="focusing"><ent r="3" t="4" w="50" /></phr></stem><stem n="area"><phr n="areas"><ent r="3" t="4" w="51" /><ent r="3" t="30" w="115" /><ent r="3" t="31" w="858" /><ent r="3" t="31" w="1125" /><ent r="4" t="54" w="726" /><ent r="3" t="62" w="574" /><ent r="4" t="69" w="602" /><ent r="4" t="69" w="1194" /></phr><phr n="area"><ent r="4" t="31" w="631" /><ent r="3" t="62" w="564" /><ent r="4" t="62" w="576" /></phr></stem><stem n="appropri"><phr n="appropriate"><ent r="3" t="4" w="52" /><ent r="4" t="8" w="237" /><ent r="3" t="11" w="91" /><ent r="4" t="27" w="105" /><ent r="3" t="39" w="148" /><ent r="4" t="54" w="231" /><ent r="4" t="54" w="687" /><ent r="3" t="61" w="133" /></phr><phr n="appropriately"><ent r="6" t="61" w="733" /></phr></stem><stem n="situat"><phr n="situation"><ent r="3" t="4" w="53" /></phr><phr n="situations"><ent r="3" t="14" w="157" /><ent r="3" t="31" w="128" /><ent r="3" t="40" w="54" /><ent r="4" t="69" w="416" /></phr></stem><stem n="compat"><phr n="compatible"><ent r="3" t="4" w="59" /><ent r="3" t="10" w="280" /></phr><phr n="compatibility"><ent r="3" t="54" w="52" /><ent r="3" t="64" w="165" /></phr></stem><stem n="previous"><phr n="previous"><ent r="3" t="4" w="61" /><ent r="3" t="12" w="5" /><ent r="3" t="23" w="10" /><ent r="3" t="31" w="1038" /></phr></stem><stem n="7"><phr n="7"><ent r="3" t="4" w="62" /><ent r="5" t="5" w="65" /><ent r="5" t="5" w="90" /><ent r="5" t="5" w="114" /><ent r="5" t="5" w="137" /><ent r="5" t="5" w="173" /><ent r="5" t="5" w="195" /><ent r="5" t="5" w="198" /><ent r="5" t="5" w="255" /><ent r="5" t="5" w="259" /><ent r="5" t="5" w="308" /><ent r="5" t="5" w="312" /><ent r="5" t="5" w="332" /><ent r="4" t="27" w="117" /></phr></stem><stem n="seri"><phr n="series"><ent r="3" t="4" w="64" /></phr></stem><stem n="releas"><phr n="releases"><ent r="3" t="4" w="67" /><ent r="3" t="35" w="145" /></phr><phr n="release"><ent r="4" t="14" w="243" /><ent r="4" t="14" w="274" /><ent r="3" t="35" w="157" /><ent r="5" t="54" w="413" /><ent r="5" t="54" w="444" /><ent r="5" t="56" w="28" /><ent r="4" t="56" w="41" /><ent r="4" t="56" w="72" /><ent r="3" t="56" w="101" /><ent r="3" t="56" w="106" /><ent r="3" t="56" w="116" /><ent r="3" t="56" w="120" /><ent r="3" t="56" w="123" /><ent r="3" t="61" w="25" /></phr><phr n="releasing"><ent r="3" t="56" w="113" /></phr><phr n="released"><ent r="4" t="69" w="850" /><ent r="4" t="69" w="871" /></phr></stem><stem n="call"><phr n="called"><ent r="3" t="4" w="68" /><ent r="3" t="14" w="77" /><ent r="3" t="35" w="51" /><ent r="3" t="46" w="22" /><ent r="3" t="57" w="112" /><ent r="4" t="57" w="120" /><ent r="4" t="57" w="125" /><ent r="4" t="57" w="188" /><ent r="4" t="57" w="205" /><ent r="4" t="57" w="521" /><ent r="3" t="60" w="274" /><ent r="3" t="60" w="285" /><ent r="4" t="69" w="608" /></phr><phr n="call"><ent r="3" t="8" w="172" /><ent r="3" t="11" w="77" /><ent r="3" t="11" w="100" /><ent r="3" t="12" w="8" /><ent r="3" t="14" w="130" /><ent r="3" t="14" w="269" /><ent r="3" t="25" w="119" /><ent r="3" t="44" w="18" /><ent r="3" t="45" w="36" /><ent r="3" t="50" w="771" /><ent r="4" t="54" w="349" /><ent r="4" t="54" w="439" /><ent r="4" t="54" w="481" /><ent r="3" t="55" w="31" /><ent r="3" t="56" w="71" /><ent r="4" t="57" w="172" /><ent r="4" t="57" w="191" /><ent r="4" t="57" w="359" /><ent r="4" t="57" w="483" /><ent r="4" t="57" w="524" /><ent r="4" t="57" w="528" /><ent r="3" t="60" w="641" /><ent r="3" t="60" w="663" /></phr><phr n="calling"><ent r="3" t="11" w="162" /><ent r="3" t="43" w="98" /><ent r="4" t="57" w="157" /><ent r="4" t="57" w="177" /><ent r="3" t="60" w="79" /></phr><phr n="calls"><ent r="3" t="14" w="273" /><ent r="4" t="54" w="443" /><ent r="3" t="56" w="57" /><ent r="4" t="57" w="470" /></phr></stem><stem n="must"><phr n="must"><ent r="3" t="5" w="12" /><ent r="3" t="12" w="13" /><ent r="3" t="12" w="314" /><ent r="3" t="13" w="44" /><ent r="3" t="13" w="78" /><ent r="3" t="14" w="59" /><ent r="3" t="14" w="76" /><ent r="3" t="14" w="204" /><ent r="3" t="25" w="149" /><ent r="4" t="27" w="285" /><ent r="4" t="30" w="313" /><ent r="3" t="31" w="440" /><ent r="3" t="36" w="23" /><ent r="4" t="36" w="77" /><ent r="3" t="40" w="49" /><ent r="4" t="54" w="621" /><ent r="4" t="54" w="669" /><ent r="3" t="56" w="38" /><ent r="3" t="56" w="47" /><ent r="3" t="56" w="70" /><ent r="3" t="57" w="111" /><ent r="4" t="57" w="119" /><ent r="4" t="57" w="199" /><ent r="4" t="59" w="642" /><ent r="4" t="59" w="647" /><ent r="4" t="60" w="396" /><ent r="3" t="61" w="170" /><ent r="3" t="61" w="227" /><ent r="3" t="61" w="270" /><ent r="3" t="63" w="131" /><ent r="3" t="63" w="138" /><ent r="3" t="63" w="170" /><ent r="4" t="69" w="807" /></phr></stem><stem n="conjunct"><phr n="conjunction"><ent r="3" t="5" w="14" /></phr></stem><stem n="environ"><phr n="environment"><ent r="3" t="5" w="17" /><ent r="5" t="5" w="50" /><ent r="5" t="5" w="155" /><ent r="5" t="5" w="250" /><ent r="5" t="5" w="303" /><ent r="5" t="5" w="370" /><ent r="4" t="16" w="59" /><ent r="3" t="48" w="69" /><ent r="3" t="48" w="87" /></phr><phr n="environments"><ent r="3" t="18" w="15" /><ent r="3" t="29" w="87" /><ent r="3" t="33" w="105" /></phr></stem><stem n="configur"><phr n="configurations"><ent r="3" t="5" w="20" /></phr><phr n="configuration"><ent r="3" t="14" w="196" /></phr><phr n="configured"><ent r="3" t="25" w="134" /></phr><phr n="configure"><ent r="3" t="67" w="183" /></phr></stem><stem n="list"><phr n="listed"><ent r="3" t="5" w="21" /><ent r="3" t="62" w="49" /></phr><phr n="list"><ent r="3" t="50" w="188" /><ent r="3" t="55" w="110" /><ent r="3" t="62" w="74" /><ent r="7" t="62" w="311" /><ent r="3" t="68" w="96" /></phr></stem><stem n="below"><phr n="below"><ent r="3" t="5" w="22" /><ent r="3" t="7" w="15" /><ent r="3" t="9" w="38" /><ent r="3" t="15" w="51" /><ent r="4" t="20" w="87" /><ent r="4" t="26" w="29" /><ent r="3" t="29" w="101" /><ent r="4" t="31" w="230" /><ent r="3" t="31" w="899" /><ent r="3" t="31" w="981" /><ent r="3" t="35" w="180" /><ent r="3" t="38" w="75" /><ent r="3" t="42" w="128" /><ent r="3" t="47" w="22" /><ent r="3" t="52" w="37" /><ent r="3" t="53" w="24" /><ent r="3" t="53" w="170" /><ent r="3" t="62" w="50" /><ent r="3" t="62" w="115" /><ent r="3" t="62" w="570" /><ent r="3" t="62" w="694" /><ent r="3" t="65" w="26" /><ent r="4" t="69" w="504" /><ent r="4" t="69" w="555" /></phr></stem></index>