<?xml version="1.0" encoding="utf-8"?><index><stem n="ltiembeddedimag"><phr n="ltiembeddedimage"><ent r="5" t="27" w="121" /></phr></stem><stem n="embed"><phr n="embedded"><ent r="4" t="27" w="130" /><ent r="4" t="30" w="178" /><ent r="3" t="30" w="229" /><ent r="3" t="49" w="105" /><ent r="4" t="62" w="449" /><ent r="4" t="62" w="451" /></phr></stem><stem n="increas"><phr n="increasing"><ent r="4" t="27" w="137" /><ent r="3" t="33" w="85" /></phr><phr n="increased"><ent r="3" t="53" w="194" /></phr></stem><stem n="stretch"><phr n="stretching"><ent r="4" t="27" w="142" /><ent r="4" t="62" w="462" /></phr><phr n="stretch"><ent r="4" t="69" w="499" /></phr></stem><stem n="canva"><phr n="canvas"><ent r="4" t="27" w="149" /></phr></stem><stem n="ltimosaicfilt"><phr n="ltimosaicfilter"><ent r="5" t="27" w="156" /><ent r="5" t="27" w="170" /></phr></stem><stem n="grid"><phr n="grid"><ent r="4" t="27" w="167" /><ent r="3" t="61" w="178" /><ent r="3" t="61" w="183" /><ent r="3" t="61" w="205" /><ent r="3" t="61" w="249" /></phr></stem><stem n="shape"><phr n="shape"><ent r="4" t="27" w="168" /><ent r="3" t="39" w="51" /></phr></stem><stem n="ltimultiresfilt"><phr n="ltimultiresfilter"><ent r="5" t="27" w="185" /></phr></stem><stem n="normal"><phr n="normally"><ent r="4" t="27" w="197" /><ent r="4" t="36" w="82" /><ent r="4" t="50" w="383" /></phr><phr n="normalized"><ent r="3" t="31" w="919" /></phr><phr n="normal"><ent r="3" t="50" w="637" /><ent r="3" t="51" w="50" /><ent r="3" t="60" w="338" /><ent r="3" t="60" w="558" /><ent r="3" t="61" w="417" /><ent r="4" t="61" w="581" /><ent r="3" t="61" w="814" /><ent r="3" t="63" w="56" /></phr></stem><stem n="ltistaticzoomfilt"><phr n="ltistaticzoomfilter"><ent r="5" t="27" w="202" /><ent r="5" t="27" w="218" /></phr></stem><stem n="magnifi"><phr n="magnifies"><ent r="4" t="27" w="219" /></phr></stem><stem n="simpli"><phr n="simply"><ent r="4" t="27" w="224" /><ent r="3" t="61" w="329" /></phr></stem><stem n="life"><phr n="life"><ent r="4" t="27" w="232" /></phr></stem><stem n="ltitranslationfilt"><phr n="ltitranslationfilter"><ent r="5" t="27" w="234" /></phr></stem><stem n="ltiviewerimagefilt"><phr n="ltiviewerimagefilter"><ent r="5" t="27" w="240" /></phr></stem><stem n="readili"><phr n="readily"><ent r="4" t="27" w="248" /></phr></stem><stem n="ltidatatypetransform"><phr n="ltidatatypetransformer"><ent r="5" t="27" w="252" /></phr></stem><stem n="engin"><phr n="engines"><ent r="4" t="27" w="269" /></phr></stem><stem n="ltiwatermarkfilt"><phr n="ltiwatermarkfilter"><ent r="5" t="27" w="270" /></phr></stem><stem n="nonetheless"><phr n="nonetheless"><ent r="3" t="28" w="21" /><ent r="3" t="61" w="422" /><ent r="3" t="61" w="573" /></phr></stem><stem n="act"><phr n="act"><ent r="3" t="28" w="23" /></phr></stem><stem n="stripwis"><phr n="stripwise"><ent r="3" t="28" w="32" /></phr></stem><stem n="bbbimagewrit"><phr n="bbbimagewriter"><ent r="5" t="28" w="39" /></phr></stem><stem n="bmpimagewrit"><phr n="bmpimagewriter"><ent r="5" t="28" w="46" /></phr></stem><stem n="geotiffimagewrit"><phr n="geotiffimagewriter"><ent r="5" t="28" w="51" /></phr></stem><stem n="jpegimagewrit"><phr n="jpegimagewriter"><ent r="5" t="28" w="55" /></phr></stem><stem n="tiffimagewrit"><phr n="tiffimagewriter"><ent r="5" t="28" w="64" /></phr></stem><stem n="solut"><phr n="solution"><ent r="3" t="29" w="9" /><ent r="3" t="64" w="331" /><ent r="3" t="67" w="304" /><ent r="3" t="67" w="329" /></phr></stem><stem n="challeng"><phr n="challenges"><ent r="3" t="29" w="10" /></phr></stem><stem n="opportun"><phr n="opportunities"><ent r="3" t="29" w="12" /></phr></stem><stem n="present"><phr n="presents"><ent r="3" t="29" w="15" /></phr><phr n="presented"><ent r="3" t="40" w="62" /><ent r="3" t="50" w="496" /><ent r="3" t="62" w="80" /></phr><phr n="present"><ent r="3" t="58" w="113" /><ent r="3" t="60" w="454" /><ent r="3" t="60" w="755" /><ent r="3" t="60" w="936" /><ent r="4" t="61" w="604" /><ent r="3" t="61" w="805" /><ent r="4" t="69" w="1294" /></phr><phr n="presentation"><ent r="4" t="69" w="502" /></phr></stem><stem n="lossless"><phr n="lossless"><ent r="3" t="29" w="19" /><ent r="3" t="30" w="61" /><ent r="3" t="30" w="83" /><ent r="3" t="30" w="208" /><ent r="4" t="30" w="269" /><ent r="4" t="31" w="184" /><ent r="4" t="31" w="197" /><ent r="4" t="31" w="218" /><ent r="4" t="31" w="232" /><ent r="3" t="31" w="574" /><ent r="3" t="31" w="738" /><ent r="3" t="31" w="882" /><ent r="3" t="31" w="1168" /><ent r="3" t="33" w="35" /><ent r="3" t="33" w="55" /><ent r="4" t="62" w="420" /><ent r="3" t="67" w="239" /><ent r="5" t="69" w="335" /><ent r="3" t="69" w="709" /><ent r="4" t="69" w="717" /><ent r="4" t="69" w="723" /><ent r="5" t="69" w="733" /><ent r="5" t="69" w="770" /><ent r="5" t="69" w="772" /><ent r="4" t="69" w="878" /><ent r="3" t="69" w="1247" /><ent r="4" t="69" w="1257" /><ent r="4" t="69" w="1266" /><ent r="5" t="69" w="1271" /></phr><phr n="losslessly"><ent r="3" t="30" w="202" /><ent r="3" t="31" w="1200" /><ent r="4" t="62" w="428" /><ent r="4" t="62" w="440" /></phr></stem><stem n="yield"><phr n="yields"><ent r="3" t="29" w="24" /><ent r="4" t="31" w="188" /></phr></stem><stem n="economi"><phr n="economy"><ent r="3" t="29" w="27" /></phr></stem><stem n="transfer"><phr n="transfer"><ent r="3" t="29" w="29" /></phr></stem><stem n="improv"><phr n="improved"><ent r="3" t="29" w="31" /><ent r="4" t="30" w="175" /><ent r="3" t="32" w="75" /><ent r="4" t="69" w="909" /></phr><phr n="improves"><ent r="3" t="31" w="431" /></phr><phr n="improve"><ent r="3" t="31" w="851" /></phr></stem><stem n="instant"><phr n="instant"><ent r="3" t="29" w="46" /></phr></stem><stem n="devic"><phr n="device"><ent r="3" t="29" w="49" /><ent r="3" t="67" w="315" /></phr></stem><stem n="acquir"><phr n="acquired"><ent r="3" t="29" w="52" /><ent r="3" t="31" w="1247" /><ent r="3" t="60" w="219" /></phr></stem><stem n="los"><phr n="los"><ent r="3" t="29" w="56" /><ent r="3" t="30" w="44" /></phr></stem><stem n="alamo"><phr n="alamos"><ent r="3" t="29" w="57" /><ent r="3" t="30" w="45" /></phr></stem><stem n="nation"><phr n="national"><ent r="3" t="29" w="58" /><ent r="3" t="30" w="46" /><ent r="3" t="35" w="8" /></phr></stem><stem n="laboratori"><phr n="laboratories"><ent r="3" t="29" w="59" /></phr><phr n="laboratory"><ent r="3" t="30" w="47" /></phr></stem><stem n="lanl"><phr n="lanl"><ent r="3" t="29" w="60" /></phr></stem><stem n="aegi"><phr n="aegis"><ent r="3" t="29" w="62" /></phr></stem><stem n="u"><phr n="u"><ent r="3" t="29" w="63" /></phr></stem><stem n="fingerprint"><phr n="fingerprints"><ent r="3" t="29" w="67" /></phr></stem><stem n="fbi"><phr n="fbi"><ent r="3" t="29" w="68" /></phr></stem><stem n="commerci"><phr n="commercialize"><ent r="3" t="29" w="71" /></phr><phr n="commercial"><ent r="3" t="30" w="36" /><ent r="3" t="60" w="109" /></phr></stem><stem n="today"><phr n="today"><ent r="3" t="29" w="97" /><ent r="3" t="31" w="92" /></phr></stem><stem n="key"><phr n="key"><ent r="4" t="29" w="106" /><ent r="3" t="30" w="165" /><ent r="4" t="30" w="248" /><ent r="268435456" t="31" w="1" /><ent r="4096" t="31" w="5" /><ent r="4096" t="31" w="7" /><ent r="1048578" t="31" w="10" /><ent r="3" t="31" w="878" /><ent r="3" t="38" w="33" /><ent r="3" t="38" w="51" /><ent r="3" t="39" w="8" /></phr><phr n="keys"><ent r="3" t="60" w="491" /><ent r="3" t="60" w="495" /></phr></stem><stem n="first"><phr n="first"><ent r="3" t="30" w="35" /><ent r="3" t="31" w="332" /><ent r="3" t="31" w="416" /><ent r="3" t="31" w="665" /><ent r="3" t="50" w="559" /><ent r="3" t="50" w="595" /><ent r="4" t="54" w="735" /><ent r="3" t="57" w="65" /><ent r="3" t="58" w="46" /><ent r="4" t="58" w="127" /><ent r="3" t="59" w="97" /><ent r="3" t="60" w="27" /><ent r="3" t="60" w="201" /><ent r="3" t="60" w="273" /><ent r="3" t="60" w="637" /><ent r="3" t="60" w="708" /><ent r="3" t="60" w="877" /><ent r="4" t="61" w="578" /><ent r="3" t="62" w="65" /><ent r="3" t="63" w="40" /><ent r="4" t="69" w="438" /></phr></stem><stem n="unlik"><phr n="unlike"><ent r="3" t="30" w="54" /><ent r="3" t="36" w="18" /><ent r="3" t="67" w="267" /></phr></stem><stem n="tile"><phr n="tile"><ent r="3" t="30" w="68" /><ent r="3" t="30" w="146" /><ent r="3" t="31" w="337" /><ent r="3" t="31" w="364" /><ent r="3" t="31" w="1288" /><ent r="4" t="31" w="1320" /><ent r="3" t="32" w="39" /><ent r="3" t="49" w="74" /><ent r="3" t="49" w="77" /></phr><phr n="tiles"><ent r="3" t="30" w="118" /><ent r="3" t="30" w="135" /><ent r="3" t="30" w="151" /><ent r="3" t="30" w="163" /><ent r="3" t="30" w="243" /><ent r="4" t="30" w="327" /><ent r="4" t="30" w="335" /><ent r="3" t="31" w="335" /><ent r="3" t="31" w="1051" /><ent r="3" t="31" w="1150" /><ent r="3" t="31" w="1243" /><ent r="3" t="31" w="1246" /><ent r="3" t="31" w="1254" /><ent r="3" t="31" w="1278" /><ent r="3" t="31" w="1293" /><ent r="4" t="31" w="1326" /><ent r="4" t="31" w="1333" /><ent r="3" t="32" w="31" /><ent r="3" t="49" w="75" /><ent r="3" t="61" w="653" /><ent r="4" t="62" w="521" /><ent r="5" t="69" w="302" /></phr><phr n="tiling"><ent r="3" t="31" w="354" /><ent r="3" t="31" w="381" /><ent r="3" t="31" w="387" /><ent r="4096" t="31" w="1211" /><ent r="4096" t="31" w="1213" /><ent r="258" t="31" w="1214" /></phr></stem><stem n="somewhat"><phr n="somewhat"><ent r="3" t="30" w="77" /><ent r="3" t="31" w="495" /><ent r="3" t="59" w="751" /></phr></stem><stem n="inferior"><phr n="inferior"><ent r="3" t="30" w="78" /></phr></stem><stem n="valid"><phr n="valid"><ent r="3" t="30" w="124" /><ent r="3" t="31" w="1127" /><ent r="4" t="57" w="219" /><ent r="3" t="60" w="373" /><ent r="3" t="64" w="63" /><ent r="3" t="64" w="72" /><ent r="4" t="69" w="972" /></phr></stem><stem n="unto"><phr n="unto"><ent r="3" t="30" w="126" /></phr></stem><stem n="inspect"><phr n="inspect"><ent r="3" t="30" w="142" /></phr><phr n="inspections"><ent r="4" t="31" w="294" /></phr></stem><stem n="overview"><phr n="overviews"><ent r="4" t="30" w="179" /><ent r="3" t="30" w="230" /></phr><phr n="overview"><ent r="3" t="31" w="1287" /><ent r="4" t="31" w="1319" /></phr></stem><stem n="naip"><phr n="naip"><ent r="3" t="30" w="191" /><ent r="3" t="31" w="789" /></phr></stem><stem n="landsat"><phr n="landsat"><ent r="3" t="30" w="195" /></phr></stem><stem n="even"><phr n="even"><ent r="3" t="30" w="197" /><ent r="3" t="31" w="486" /><ent r="4" t="31" w="1322" /><ent r="4" t="54" w="639" /><ent r="3" t="64" w="321" /><ent r="3" t="67" w="319" /></phr></stem><stem n="224"><phr n="224"><ent r="3" t="30" w="198" /></phr></stem><stem n="aviri"><phr n="aviris"><ent r="3" t="30" w="200" /></phr></stem><stem n="shapefil"><phr n="shapefiles"><ent r="3" t="30" w="218" /></phr></stem><stem n="ever"><phr n="ever"><ent r="3" t="30" w="227" /><ent r="4" t="31" w="215" /><ent r="3" t="60" w="593" /><ent r="4" t="62" w="423" /></phr></stem><stem n="evolv"><phr n="evolved"><ent r="3" t="30" w="258" /><ent r="3" t="30" w="263" /></phr></stem><stem n="sign"><phr n="signed"><ent r="4" t="30" w="290" /><ent r="3" t="31" w="98" /><ent r="3" t="31" w="123" /><ent r="3" t="31" w="143" /><ent r="3" t="50" w="243" /><ent r="4" t="69" w="1150" /><ent r="4" t="69" w="1344" /></phr><phr n="sign"><ent r="3" t="63" w="141" /><ent r="3" t="63" w="162" /></phr></stem><stem n="flat"><phr n="flat"><ent r="4" t="30" w="323" /><ent r="4" t="69" w="600" /></phr></stem><stem n="alway"><phr n="always"><ent r="3" t="30" w="350" /><ent r="3" t="31" w="110" /><ent r="3" t="31" w="1166" /><ent r="3" t="31" w="1169" /><ent r="3" t="32" w="103" /><ent r="3" t="32" w="108" /><ent r="3" t="50" w="726" /><ent r="3" t="50" w="742" /><ent r="4" t="54" w="273" /><ent r="4" t="57" w="362" /><ent r="4" t="57" w="457" /><ent r="3" t="57" w="575" /><ent r="3" t="60" w="745" /><ent r="3" t="61" w="370" /><ent r="3" t="61" w="667" /></phr></stem><stem n="continu"><phr n="continue"><ent r="3" t="30" w="351" /></phr><phr n="continues"><ent r="3" t="53" w="78" /></phr></stem><stem n="mind"><phr n="mind"><ent r="3" t="30" w="358" /><ent r="3" t="31" w="320" /></phr></stem><stem n="sinc"><phr n="since"><ent r="3" t="30" w="359" /><ent r="3" t="31" w="497" /><ent r="3" t="66" w="4" /></phr></stem><stem n="older"><phr n="older"><ent r="3" t="30" w="361" /><ent r="3" t="31" w="1284" /><ent r="7" t="62" w="184" /><ent r="6" t="62" w="322" /><ent r="3" t="64" w="186" /></phr></stem><stem n="kept"><phr n="kept"><ent r="3" t="30" w="365" /><ent r="3" t="31" w="1167" /></phr></stem><stem n="agnost"><phr n="agnostic"><ent r="3" t="31" w="59" /></phr></stem><stem n="respect"><phr n="respect"><ent r="3" t="31" w="60" /><ent r="3" t="63" w="132" /><ent r="4" t="69" w="294" /></phr><phr n="respects"><ent r="3" t="36" w="41" /></phr><phr n="respectively"><ent r="3" t="59" w="104" /><ent r="4" t="69" w="473" /><ent r="4" t="69" w="1168" /></phr></stem><stem n="imagin"><phr n="imagine"><ent r="3" t="31" w="81" /><ent r="3" t="62" w="838" /></phr></stem><stem n="ecw"><phr n="ecw"><ent r="3" t="31" w="82" /></phr></stem><stem n="per"><phr n="per"><ent r="3" t="31" w="96" /><ent r="4" t="31" w="603" /><ent r="3" t="54" w="566" /><ent r="3" t="59" w="136" /><ent r="3" t="59" w="381" /><ent r="3" t="59" w="389" /><ent r="3" t="59" w="395" /><ent r="3" t="59" w="576" /><ent r="3" t="59" w="675" /><ent r="3" t="59" w="724" /><ent r="3" t="61" w="813" /><ent r="6" t="62" w="129" /><ent r="6" t="62" w="204" /><ent r="6" t="62" w="220" /><ent r="4" t="69" w="88" /><ent r="4" t="69" w="159" /><ent r="4" t="69" w="229" /><ent r="4" t="69" w="1014" /><ent r="4" t="69" w="1113" /></phr></stem><stem n="almost"><phr n="almost"><ent r="3" t="31" w="109" /><ent r="3" t="41" w="9" /></phr></stem><stem n="elev"><phr n="elevation"><ent r="3" t="31" w="116" /></phr></stem><stem n="dted"><phr n="dted"><ent r="3" t="31" w="121" /></phr></stem><stem n="our"><phr n="our"><ent r="3" t="31" w="129" /><ent r="3" t="31" w="1216" /><ent r="3" t="50" w="626" /><ent r="3" t="50" w="646" /><ent r="3" t="50" w="809" /><ent r="3" t="50" w="870" /><ent r="4" t="54" w="257" /><ent r="3" t="61" w="44" /><ent r="3" t="61" w="71" /><ent r="3" t="61" w="465" /><ent r="3" t="61" w="473" /><ent r="3" t="68" w="92" /></phr></stem><stem n="sort"><phr n="sorts"><ent r="3" t="31" w="133" /></phr></stem><stem n="perhap"><phr n="perhaps"><ent r="3" t="31" w="135" /><ent r="3" t="31" w="647" /><ent r="3" t="31" w="955" /><ent r="3" t="31" w="1250" /></phr></stem><stem n="terrain"><phr n="terrain"><ent r="3" t="31" w="136" /></phr></stem><stem n="layer"><phr n="layers"><ent r="3" t="31" w="139" /><ent r="3" t="50" w="195" /><ent r="3" t="50" w="201" /><ent r="4098" t="67" w="36" /><ent r="3" t="67" w="55" /></phr><phr n="layer"><ent r="4" t="31" w="255" /><ent r="4" t="31" w="283" /><ent r="3" t="31" w="1282" /><ent r="6" t="62" w="600" /></phr></stem><stem n="255"><phr n="255"><ent r="3" t="31" w="159" /><ent r="3" t="31" w="875" /></phr></stem><stem n="excel"><phr n="excellent"><ent r="3" t="31" w="176" /></phr></stem><stem n="ratio"><phr n="ratio"><ent r="4" t="31" w="192" /><ent r="3" t="49" w="66" /><ent r="6" t="62" w="811" /><ent r="6" t="62" w="819" /><ent r="3" t="67" w="254" /><ent r="3" t="69" w="338" /><ent r="4" t="69" w="345" /><ent r="4" t="69" w="374" /></phr><phr n="ratios"><ent r="4" t="31" w="272" /><ent r="4" t="69" w="355" /></phr></stem><stem n="50"><phr n="50"><ent r="4" t="31" w="193" /><ent r="4" t="31" w="275" /><ent r="3" t="50" w="302" /><ent r="3" t="50" w="303" /><ent r="3" t="50" w="471" /><ent r="3" t="50" w="472" /><ent r="3" t="50" w="483" /><ent r="3" t="50" w="484" /><ent r="3" t="50" w="817" /><ent r="3" t="50" w="835" /><ent r="3" t="50" w="847" /><ent r="3" t="50" w="875" /><ent r="3" t="50" w="910" /><ent r="3" t="50" w="911" /><ent r="3" t="50" w="921" /><ent r="3" t="50" w="931" /><ent r="3" t="50" w="964" /><ent r="3" t="50" w="965" /><ent r="3" t="50" w="984" /><ent r="3" t="50" w="985" /><ent r="3" t="50" w="992" /><ent r="3" t="50" w="1002" /><ent r="3" t="50" w="1054" /><ent r="3" t="50" w="1064" /><ent r="3" t="50" w="1086" /><ent r="3" t="50" w="1087" /></phr></stem><stem n="preserv"><phr n="preserved"><ent r="4" t="31" w="205" /></phr><phr n="preserves"><ent r="4" t="31" w="248" /></phr><phr n="preserve"><ent r="4" t="62" w="438" /></phr></stem><stem n="uncommon"><phr n="uncommon"><ent r="4" t="31" w="210" /></phr></stem><stem n="loss"><phr n="loss"><ent r="4" t="31" w="213" /><ent r="3" t="60" w="128" /><ent r="4" t="69" w="1237" /></phr></stem><stem n="accept"><phr n="acceptable"><ent r="4" t="31" w="216" /><ent r="4" t="31" w="279" /><ent r="3" t="62" w="415" /></phr></stem><stem n="master"><phr n="master"><ent r="4" t="31" w="221" /><ent r="3" t="31" w="577" /><ent r="3" t="31" w="580" /></phr></stem><stem n="appear"><phr n="appearance"><ent r="4" t="31" w="249" /><ent r="4" t="31" w="284" /></phr><phr n="appear"><ent r="4" t="31" w="267" /><ent r="3" t="31" w="1113" /><ent r="3" t="60" w="758" /><ent r="3" t="62" w="55" /><ent r="4" t="62" w="424" /><ent r="4" t="69" w="748" /></phr><phr n="appears"><ent r="3" t="60" w="113" /><ent r="3" t="60" w="419" /><ent r="3" t="60" w="767" /><ent r="4" t="69" w="1259" /></phr></stem><stem n="analysi"><phr n="analysis"><ent r="4" t="31" w="258" /></phr></stem><stem n="exploit"><phr n="exploitation"><ent r="4" t="31" w="259" /></phr></stem><stem n="lossi"><phr n="lossy"><ent r="4" t="31" w="260" /><ent r="4" t="31" w="277" /><ent r="3" t="31" w="490" /><ent r="3" t="31" w="883" /><ent r="3" t="31" w="1082" /><ent r="3" t="31" w="1151" /><ent r="3" t="31" w="1185" /><ent r="4" t="62" w="549" /><ent r="3" t="67" w="265" /><ent r="5" t="69" w="336" /><ent r="5" t="69" w="734" /><ent r="3" t="69" w="735" /><ent r="4" t="69" w="746" /><ent r="4" t="69" w="857" /><ent r="4" t="69" w="1268" /><ent r="5" t="69" w="1272" /></phr></stem><stem n="degrad"><phr n="degradation"><ent r="4" t="31" w="265" /></phr></stem><stem n="artifact"><phr n="artifacts"><ent r="4" t="31" w="266" /><ent r="3" t="31" w="356" /><ent r="3" t="31" w="388" /><ent r="3" t="31" w="1112" /></phr></stem><stem n="too"><phr n="too"><ent r="4" t="31" w="270" /></phr></stem><stem n="signific"><phr n="significantly"><ent r="4" t="31" w="271" /><ent r="3" t="31" w="430" /></phr><phr n="significant"><ent r="4" t="69" w="529" /><ent r="4" t="69" w="539" /></phr></stem><stem n="speed"><phr n="speed"><ent r="4" t="31" w="291" /></phr></stem><stem n="decompress"><phr n="decompression"><ent r="3" t="31" w="307" /><ent r="4096" t="31" w="389" /><ent r="4096" t="31" w="391" /><ent r="3" t="31" w="392" /><ent r="3" t="31" w="470" /><ent r="3" t="31" w="493" /><ent r="3" t="31" w="972" /><ent r="3" t="31" w="1268" /></phr><phr n="decompressing"><ent r="3" t="31" w="393" /><ent r="3" t="31" w="465" /></phr><phr n="decompressions"><ent r="3" t="31" w="517" /></phr></stem><stem n="cpu"><phr n="cpu"><ent r="3" t="31" w="311" /><ent r="3" t="31" w="439" /></phr></stem><stem n="o"><phr n="o"><ent r="3" t="31" w="314" /><ent r="3" t="31" w="434" /><ent r="3" t="31" w="461" /><ent r="3" t="32" w="114" /><ent r="3" t="50" w="29" /><ent r="3" t="50" w="266" /><ent r="3" t="50" w="278" /><ent r="3" t="50" w="295" /><ent r="3" t="50" w="317" /><ent r="3" t="57" w="19" /><ent r="3" t="57" w="26" /><ent r="3" t="57" w="29" /><ent r="3" t="57" w="33" /><ent r="4" t="57" w="498" /><ent r="4" t="57" w="510" /><ent r="4" t="57" w="531" /></phr></stem><stem n="concern"><phr n="concerns"><ent r="3" t="31" w="319" /></phr></stem><stem n="deal"><phr n="dealing"><ent r="3" t="31" w="325" /></phr></stem><stem n="veri"><phr n="very"><ent r="3" t="31" w="326" /><ent r="3" t="31" w="1194" /><ent r="3" t="31" w="1273" /><ent r="3" t="33" w="37" /><ent r="3" t="33" w="46" /><ent r="3" t="51" w="10" /><ent r="3" t="57" w="41" /><ent r="3" t="60" w="379" /><ent r="3" t="61" w="102" /><ent r="4" t="69" w="482" /></phr></stem><stem n="algorithm"><phr n="algorithms"><ent r="3" t="31" w="331" /><ent r="3" t="31" w="353" /><ent r="3" t="31" w="359" /><ent r="3" t="31" w="968" /><ent r="3" t="33" w="66" /></phr><phr n="algorithmically"><ent r="3" t="33" w="40" /></phr></stem><stem n="partit"><phr n="partition"><ent r="3" t="31" w="333" /></phr></stem><stem n="independ"><phr n="independently"><ent r="3" t="31" w="338" /></phr><phr n="independent"><ent r="3" t="60" w="178" /><ent r="3" t="61" w="69" /></phr></stem><stem n="proceed"><phr n="proceed"><ent r="3" t="31" w="341" /><ent r="3" t="63" w="98" /></phr></stem><stem n="slow"><phr n="slowing"><ent r="3" t="31" w="343" /></phr></stem><stem n="down"><phr n="down"><ent r="3" t="31" w="344" /><ent r="3" t="50" w="587" /><ent r="3" t="63" w="72" /><ent r="3" t="63" w="100" /><ent r="3" t="63" w="107" /></phr></stem><stem n="due"><phr n="due"><ent r="3" t="31" w="345" /><ent r="3" t="43" w="59" /><ent r="3" t="58" w="173" /></phr></stem><stem n="disk"><phr n="disk"><ent r="3" t="31" w="349" /><ent r="3" t="31" w="432" /><ent r="4" t="69" w="1057" /></phr></stem><stem n="especi"><phr n="especially"><ent r="3" t="31" w="350" /></phr></stem><stem n="cannot"><phr n="cannot"><ent r="3" t="31" w="360" /><ent r="3" t="34" w="53" /><ent r="3" t="61" w="282" /><ent r="3" t="61" w="296" /><ent r="3" t="61" w="308" /><ent r="3" t="61" w="327" /></phr></stem><stem n="whose"><phr n="whose"><ent r="3" t="31" w="372" /><ent r="4" t="39" w="71" /><ent r="4" t="39" w="92" /><ent r="4" t="39" w="119" /><ent r="3" t="68" w="90" /></phr></stem><stem n="resort"><phr n="resorting"><ent r="3" t="31" w="380" /><ent r="3" t="31" w="550" /></phr></stem><stem n="scheme"><phr n="schemes"><ent r="3" t="31" w="382" /></phr><phr n="scheme"><ent r="3" t="31" w="701" /></phr></stem><stem n="therefor"><phr n="therefore"><ent r="3" t="31" w="383" /><ent r="3" t="64" w="251" /></phr></stem><stem n="inher"><phr n="inherent"><ent r="3" t="31" w="411" /><ent r="3" t="31" w="691" /></phr></stem><stem n="decid"><phr n="decide"><ent r="3" t="31" w="417" /></phr></stem><stem n="physic"><phr n="physical"><ent r="3" t="31" w="423" /><ent r="4" t="69" w="399" /><ent r="5" t="69" w="1017" /><ent r="3" t="69" w="1045" /></phr></stem><stem n="screen"><phr n="screen"><ent r="3" t="31" w="424" /></phr></stem><stem n="portion"><phr n="portions"><ent r="3" t="31" w="447" /></phr><phr n="portion"><ent r="3" t="50" w="12" /><ent r="3" t="50" w="330" /><ent r="3" t="64" w="91" /><ent r="3" t="67" w="121" /><ent r="4" t="69" w="1311" /></phr></stem><stem n="rough"><phr n="roughly"><ent r="3" t="31" w="472" /><ent r="4" t="69" w="469" /></phr></stem><stem n="compar"><phr n="comparable"><ent r="3" t="31" w="473" /></phr></stem><stem n="earlier"><phr n="earlier"><ent r="3" t="31" w="474" /></phr></stem><stem n="reason"><phr n="reasonable"><ent r="3" t="31" w="483" /></phr><phr n="reasonably"><ent r="3" t="50" w="663" /></phr><phr n="reasons"><ent r="3" t="54" w="48" /><ent r="3" t="63" w="164" /><ent r="3" t="64" w="166" /></phr></stem><stem n="faster"><phr n="faster"><ent r="3" t="31" w="496" /><ent r="3" t="67" w="318" /><ent r="3" t="67" w="325" /></phr></stem><stem n="bring"><phr n="bringing"><ent r="3" t="31" w="522" /></phr></stem><stem n="purpos"><phr n="purpose"><ent r="3" t="31" w="527" /><ent r="3" t="68" w="53" /><ent r="4" t="69" w="1034" /></phr><phr n="purposes"><ent r="3" t="61" w="106" /><ent r="3" t="61" w="457" /></phr></stem><stem n="re"><phr n="re"><ent r="3" t="31" w="553" /><ent r="3" t="61" w="772" /><ent r="3" t="67" w="16" /></phr></stem><stem n="bottom"><phr n="bottom"><ent r="3" t="31" w="562" /><ent r="3" t="50" w="654" /></phr></stem><stem n="baselin"><phr n="baseline"><ent r="4" t="31" w="594" /></phr></stem><stem n="remov"><phr n="removed"><ent r="4" t="31" w="599" /></phr><phr n="remove"><ent r="4" t="40" w="22" /></phr><phr n="removal"><ent r="4" t="69" w="1042" /></phr></stem><stem n="foot"><phr n="foot"><ent r="4" t="31" w="602" /></phr></stem><stem n="six"><phr n="six"><ent r="4" t="31" w="607" /><ent r="3" t="58" w="102" /><ent r="3" t="58" w="119" /><ent r="3" t="60" w="291" /><ent r="3" t="60" w="559" /><ent r="3" t="60" w="770" /><ent r="3" t="60" w="795" /><ent r="3" t="60" w="870" /><ent r="3" t="60" w="1069" /></phr></stem><stem n="inch"><phr n="inch"><ent r="4" t="31" w="608" /></phr></stem><stem n="dvd"><phr n="dvd"><ent r="4" t="31" w="626" /></phr></stem><stem n="neighborhood"><phr n="neighborhood"><ent r="4" t="31" w="636" /></phr></stem><stem n="whole"><phr n="whole"><ent r="4" t="31" w="640" /><ent r="3" t="50" w="335" /><ent r="3" t="50" w="829" /><ent r="3" t="50" w="1024" /><ent r="3" t="50" w="1077" /><ent r="3" t="50" w="1100" /></phr></stem><stem n="citi"><phr n="city"><ent r="4" t="31" w="641" /></phr></stem><stem n="fast"><phr n="fast"><ent r="3" t="31" w="651" /><ent r="4098" t="67" w="97" /></phr></stem><stem n="referenc"><phr n="referencing"><ent r="3" t="31" w="677" /></phr></stem><stem n="crs"><phr n="crs"><ent r="3" t="31" w="682" /></phr></stem><stem n="tag"><phr n="tag"><ent r="3" t="31" w="700" /><ent r="4" t="36" w="137" /><ent r="4" t="36" w="150" /><ent r="3" t="37" w="31" /><ent r="3" t="37" w="40" /><ent r="7" t="37" w="93" /><ent r="7" t="37" w="184" /><ent r="7" t="37" w="271" /><ent r="4" t="37" w="357" /><ent r="4" t="39" w="16" /><ent r="3" t="39" w="27" /><ent r="3" t="40" w="27" /><ent r="3" t="40" w="48" /><ent r="3" t="41" w="41" /><ent r="3" t="62" w="70" /><ent r="7" t="62" w="122" /><ent r="7" t="62" w="189" /><ent r="6" t="62" w="203" /><ent r="6" t="62" w="219" /><ent r="6" t="62" w="232" /><ent r="3" t="62" w="413" /><ent r="4" t="62" w="419" /><ent r="7" t="62" w="580" /><ent r="7" t="62" w="700" /><ent r="3" t="63" w="157" /><ent r="3" t="64" w="169" /></phr><phr n="tags"><ent r="4" t="37" w="38" /><ent r="3" t="37" w="73" /><ent r="3" t="37" w="86" /><ent r="3" t="37" w="177" /><ent r="3" t="37" w="264" /><ent r="3" t="38" w="38" /><ent r="4" t="38" w="81" /><ent r="3" t="39" w="38" /><ent r="268435456" t="41" w="1" /><ent r="4096" t="41" w="3" /><ent r="1048578" t="41" w="4" /><ent r="3" t="41" w="7" /><ent r="3" t="41" w="15" /><ent r="4" t="41" w="47" /><ent r="3" t="49" w="72" /><ent r="4" t="52" w="62" /><ent r="3" t="60" w="479" /><ent r="268435456" t="62" w="2" /><ent r="4096" t="62" w="6" /><ent r="4096" t="62" w="8" /><ent r="1048578" t="62" w="10" /><ent r="3" t="62" w="19" /><ent r="3" t="62" w="25" /><ent r="3" t="62" w="28" /><ent r="3" t="62" w="42" /><ent r="3" t="62" w="48" /><ent r="3" t="62" w="53" /><ent r="3" t="62" w="54" /><ent r="3" t="62" w="112" /><ent r="3" t="62" w="113" /><ent r="4" t="62" w="121" /><ent r="3" t="62" w="567" /><ent r="3" t="62" w="568" /><ent r="4" t="62" w="579" /><ent r="3" t="62" w="690" /><ent r="3" t="62" w="692" /><ent r="4" t="62" w="699" /><ent r="3" t="62" w="822" /><ent r="3" t="62" w="829" /><ent r="3" t="62" w="845" /><ent r="3" t="64" w="164" /><ent r="3" t="64" w="178" /></phr></stem><stem n="reproject"><phr n="reprojection"><ent r="3" t="31" w="703" /></phr><phr n="reprojected"><ent r="4" t="61" w="687" /><ent r="4" t="61" w="750" /><ent r="4" t="62" w="525" /></phr><phr n="reprojecting"><ent r="3" t="67" w="166" /></phr></stem><stem n="accord"><phr n="accordingly"><ent r="3" t="31" w="723" /><ent r="3" t="39" w="151" /></phr><phr n="according"><ent r="3" t="57" w="94" /><ent r="3" t="60" w="888" /><ent r="3" t="61" w="172" /></phr><phr n="accordance"><ent r="3" t="68" w="32" /></phr></stem></index>