<?xml version="1.0" encoding="utf-8"?><index><stem n="display"><phr n="displayed"><ent r="3" t="10" w="251" /><ent r="3" t="51" w="58" /><ent r="3" t="61" w="651" /></phr><phr n="displaying"><ent r="4" t="27" w="110" /><ent r="3" t="31" w="1275" /></phr><phr n="displayable"><ent r="4" t="27" w="249" /></phr><phr n="display"><ent r="4" t="27" w="268" /><ent r="3" t="31" w="421" /><ent r="3" t="61" w="222" /><ent r="4" t="69" w="481" /></phr><phr n="displays"><ent r="3" t="49" w="10" /><ent r="3" t="49" w="140" /><ent r="3" t="49" w="156" /><ent r="3" t="49" w="174" /></phr></stem><stem n="two"><phr n="two"><ent r="3" t="10" w="265" /><ent r="3" t="10" w="284" /><ent r="3" t="12" w="118" /><ent r="3" t="12" w="306" /><ent r="3" t="22" w="80" /><ent r="3" t="22" w="102" /><ent r="3" t="23" w="77" /><ent r="3" t="24" w="30" /><ent r="3" t="25" w="11" /><ent r="4" t="26" w="16" /><ent r="3" t="31" w="823" /><ent r="3" t="31" w="826" /><ent r="3" t="37" w="47" /><ent r="3" t="42" w="112" /><ent r="3" t="45" w="17" /><ent r="3" t="50" w="374" /><ent r="3" t="53" w="168" /><ent r="4" t="54" w="449" /><ent r="3" t="56" w="46" /><ent r="3" t="59" w="16" /><ent r="3" t="60" w="269" /><ent r="3" t="61" w="330" /><ent r="6" t="62" w="400" /><ent r="3" t="64" w="206" /><ent r="3" t="64" w="264" /><ent r="3" t="64" w="303" /><ent r="3" t="64" w="337" /><ent r="4" t="69" w="432" /><ent r="4" t="69" w="809" /><ent r="4" t="69" w="918" /><ent r="4" t="69" w="948" /></phr></stem><stem n="turn"><phr n="turn"><ent r="3" t="10" w="272" /><ent r="3" t="50" w="687" /><ent r="3" t="56" w="119" /><ent r="3" t="67" w="219" /></phr></stem><stem n="sens"><phr n="sense"><ent r="3" t="10" w="282" /></phr><phr n="sensing"><ent r="3" t="31" w="836" /></phr></stem><stem n="insert"><phr n="inserted"><ent r="3" t="10" w="299" /><ent r="4" t="27" w="293" /><ent r="3" t="62" w="846" /></phr><phr n="insert"><ent r="3" t="25" w="196" /><ent r="3" t="27" w="306" /></phr><phr n="inserts"><ent r="4" t="27" w="271" /></phr></stem><stem n="onto"><phr n="onto"><ent r="3" t="10" w="300" /><ent r="3" t="14" w="259" /><ent r="3" t="25" w="198" /><ent r="4" t="27" w="274" /><ent r="4" t="31" w="624" /><ent r="4" t="54" w="429" /><ent r="3" t="64" w="244" /></phr></stem><stem n="diagram"><phr n="diagram"><ent r="3" t="10" w="311" /><ent r="3" t="10" w="406" /></phr></stem><stem n="structur"><phr n="structurally"><ent r="3" t="10" w="312" /></phr><phr n="structures"><ent r="3" t="46" w="31" /></phr><phr n="structure"><ent r="3" t="60" w="268" /></phr></stem><stem n="similar"><phr n="similar"><ent r="3" t="10" w="313" /><ent r="3" t="14" w="223" /><ent r="3" t="33" w="47" /><ent r="3" t="38" w="40" /><ent r="4" t="54" w="393" /><ent r="3" t="57" w="42" /><ent r="3" t="62" w="26" /></phr><phr n="similarly"><ent r="3" t="14" w="239" /><ent r="3" t="31" w="949" /><ent r="3" t="32" w="91" /><ent r="4" t="54" w="409" /><ent r="3" t="60" w="458" /></phr></stem><stem n="ltiimag"><phr n="ltiimage"><ent r="4096" t="10" w="322" /><ent r="5" t="10" w="338" /><ent r="5" t="10" w="350" /><ent r="5" t="10" w="396" /><ent r="4" t="22" w="84" /><ent r="4" t="23" w="25" /><ent r="4" t="23" w="56" /><ent r="4" t="23" w="90" /><ent r="4" t="24" w="61" /><ent r="4" t="28" w="19" /><ent r="4" t="59" w="265" /><ent r="4" t="59" w="282" /><ent r="4" t="59" w="299" /><ent r="4" t="59" w="316" /><ent r="4" t="59" w="556" /><ent r="4" t="59" w="572" /><ent r="4" t="59" w="603" /><ent r="4" t="59" w="620" /><ent r="4" t="61" w="529" /><ent r="4" t="62" w="95" /><ent r="4" t="62" w="99" /></phr></stem><stem n="abstract"><phr n="abstract"><ent r="3" t="10" w="332" /><ent r="3" t="19" w="7" /><ent r="4" t="54" w="468" /><ent r="4" t="54" w="692" /><ent r="3" t="55" w="18" /><ent r="4" t="69" w="407" /><ent r="4" t="69" w="1203" /></phr><phr n="abstraction"><ent r="3" t="57" w="16" /></phr></stem><stem n="width"><phr n="width"><ent r="4" t="10" w="343" /><ent r="3" t="11" w="126" /><ent r="4" t="12" w="27" /><ent r="3" t="12" w="53" /><ent r="3" t="12" w="58" /><ent r="3" t="12" w="65" /><ent r="3" t="12" w="103" /><ent r="3" t="12" w="114" /><ent r="4" t="23" w="31" /><ent r="4" t="27" w="82" /><ent r="4" t="27" w="138" /><ent r="4" t="27" w="226" /><ent r="3" t="31" w="939" /><ent r="3" t="31" w="1029" /><ent r="3" t="38" w="18" /><ent r="3" t="40" w="44" /><ent r="4" t="41" w="16" /><ent r="3" t="43" w="83" /><ent r="3" t="43" w="95" /><ent r="3" t="44" w="32" /><ent r="3" t="49" w="14" /><ent r="3" t="50" w="239" /><ent r="5" t="50" w="414" /><ent r="5" t="50" w="445" /><ent r="3" t="50" w="764" /><ent r="4" t="53" w="29" /><ent r="3" t="55" w="50" /><ent r="3" t="59" w="398" /><ent r="3" t="59" w="684" /><ent r="4" t="60" w="386" /><ent r="3" t="60" w="436" /><ent r="6" t="62" w="374" /><ent r="6" t="62" w="375" /><ent r="4" t="69" w="99" /><ent r="4" t="69" w="170" /><ent r="4" t="69" w="240" /><ent r="4" t="69" w="828" /><ent r="4" t="69" w="1004" /><ent r="4" t="69" w="1182" /><ent r="4" t="69" w="1351" /></phr></stem><stem n="height"><phr n="height"><ent r="4" t="10" w="344" /><ent r="3" t="11" w="127" /><ent r="4" t="12" w="28" /><ent r="3" t="12" w="54" /><ent r="3" t="12" w="59" /><ent r="3" t="12" w="66" /><ent r="3" t="12" w="104" /><ent r="3" t="12" w="115" /><ent r="4" t="23" w="32" /><ent r="4" t="27" w="83" /><ent r="4" t="27" w="139" /><ent r="4" t="27" w="227" /><ent r="3" t="31" w="940" /><ent r="3" t="31" w="1030" /><ent r="3" t="38" w="19" /><ent r="4" t="41" w="17" /><ent r="3" t="43" w="84" /><ent r="3" t="44" w="35" /><ent r="3" t="49" w="15" /><ent r="3" t="50" w="145" /><ent r="3" t="50" w="240" /><ent r="5" t="50" w="415" /><ent r="5" t="50" w="446" /><ent r="3" t="50" w="766" /><ent r="4" t="53" w="33" /><ent r="3" t="55" w="51" /><ent r="3" t="59" w="410" /><ent r="3" t="59" w="679" /><ent r="4" t="60" w="385" /><ent r="6" t="62" w="253" /><ent r="6" t="62" w="254" /><ent r="4" t="69" w="101" /><ent r="4" t="69" w="172" /><ent r="4" t="69" w="242" /><ent r="4" t="69" w="829" /><ent r="4" t="69" w="1007" /><ent r="4" t="69" w="1183" /><ent r="3" t="69" w="1220" /><ent r="4" t="69" w="1352" /></phr><phr n="heights"><ent r="4" t="69" w="1231" /></phr></stem><stem n="extend"><phr n="extends"><ent r="4" t="10" w="349" /><ent r="4" t="10" w="359" /><ent r="4" t="10" w="367" /><ent r="3" t="23" w="55" /><ent r="3" t="23" w="114" /><ent r="3" t="25" w="47" /><ent r="4" t="27" w="186" /><ent r="3" t="63" w="51" /><ent r="3" t="63" w="71" /></phr><phr n="extend"><ent r="3" t="23" w="68" /><ent r="3" t="24" w="73" /><ent r="3" t="50" w="339" /></phr><phr n="extended"><ent r="4" t="27" w="214" /></phr><phr n="extending"><ent r="3" t="50" w="586" /></phr></stem><stem n="constructor"><phr n="constructor"><ent r="4" t="10" w="374" /><ent r="4" t="10" w="398" /><ent r="3" t="14" w="82" /><ent r="3" t="14" w="97" /><ent r="3" t="44" w="64" /><ent r="4" t="54" w="553" /><ent r="4" t="54" w="555" /><ent r="3" t="57" w="86" /><ent r="3" t="57" w="104" /><ent r="3" t="57" w="106" /><ent r="3" t="59" w="664" /><ent r="3" t="59" w="676" /></phr><phr n="constructors"><ent r="3" t="14" w="71" /><ent r="3" t="54" w="320" /><ent r="4" t="54" w="326" /><ent r="4" t="54" w="355" /></phr></stem><stem n="take"><phr n="takes"><ent r="4" t="10" w="376" /><ent r="4" t="10" w="400" /><ent r="3" t="30" w="235" /><ent r="3" t="31" w="923" /><ent r="3" t="31" w="985" /><ent r="3" t="31" w="1009" /><ent r="3" t="46" w="43" /></phr><phr n="take"><ent r="3" t="13" w="81" /><ent r="3" t="31" w="931" /><ent r="3" t="31" w="1019" /><ent r="3" t="43" w="29" /></phr></stem><stem n="inherit"><phr n="inherit"><ent r="4" t="10" w="383" /><ent r="3" t="23" w="88" /></phr><phr n="inheritance"><ent r="3" t="10" w="405" /><ent r="3" t="10" w="415" /><ent r="3" t="23" w="24" /><ent r="3" t="55" w="97" /></phr><phr n="inherited"><ent r="3" t="25" w="127" /></phr></stem><stem n="sink"><phr n="sink"><ent r="4" t="10" w="388" /></phr></stem><stem n="i"><phr n="i"><ent r="4" t="10" w="389" /><ent r="3" t="14" w="261" /><ent r="4" t="27" w="230" /><ent r="3" t="31" w="313" /><ent r="3" t="31" w="433" /><ent r="3" t="31" w="460" /><ent r="3" t="32" w="113" /><ent r="4" t="39" w="74" /><ent r="4" t="39" w="96" /><ent r="4" t="39" w="123" /><ent r="3" t="50" w="23" /><ent r="3" t="50" w="263" /><ent r="3" t="50" w="275" /><ent r="3" t="50" w="292" /><ent r="3" t="50" w="308" /><ent r="3" t="50" w="314" /><ent r="4" t="54" w="431" /><ent r="3" t="57" w="18" /><ent r="3" t="57" w="25" /><ent r="3" t="57" w="28" /><ent r="3" t="57" w="32" /><ent r="4" t="57" w="497" /><ent r="4" t="57" w="509" /><ent r="4" t="57" w="530" /><ent r="6" t="59" w="194" /><ent r="3" t="60" w="515" /><ent r="3" t="60" w="519" /><ent r="3" t="60" w="525" /><ent r="3" t="60" w="531" /><ent r="3" t="60" w="596" /><ent r="3" t="60" w="675" /></phr></stem><stem n="e"><phr n="e"><ent r="4" t="10" w="390" /><ent r="3" t="14" w="193" /><ent r="3" t="14" w="262" /><ent r="3" t="21" w="24" /><ent r="3" t="21" w="32" /><ent r="4" t="27" w="231" /><ent r="4" t="39" w="75" /><ent r="4" t="39" w="97" /><ent r="4" t="39" w="124" /><ent r="3" t="50" w="309" /><ent r="3" t="50" w="355" /><ent r="4" t="54" w="178" /><ent r="4" t="54" w="432" /><ent r="4" t="57" w="139" /><ent r="4" t="69" w="40" /><ent r="4" t="69" w="358" /></phr></stem><stem n="export"><phr n="export"><ent r="4" t="10" w="392" /><ent r="3" t="25" w="259" /><ent r="3" t="67" w="53" /></phr><phr n="exporting"><ent r="3" t="63" w="134" /><ent r="4098" t="67" w="32" /></phr><phr n="exports"><ent r="3" t="67" w="72" /></phr></stem><stem n="would"><phr n="would"><ent r="4" t="10" w="397" /><ent r="4" t="27" w="196" /><ent r="3" t="31" w="1055" /><ent r="4" t="37" w="351" /><ent r="3" t="50" w="826" /><ent r="3" t="53" w="53" /><ent r="3" t="55" w="48" /><ent r="3" t="55" w="56" /><ent r="3" t="57" w="563" /><ent r="3" t="57" w="571" /><ent r="3" t="58" w="62" /><ent r="3" t="58" w="72" /><ent r="3" t="61" w="149" /><ent r="3" t="61" w="301" /><ent r="3" t="61" w="316" /><ent r="3" t="61" w="471" /><ent r="3" t="61" w="477" /></phr></stem><stem n="ltiimagestagemanag"><phr n="ltiimagestagemanager"><ent r="4096" t="10" w="417" /><ent r="4" t="10" w="420" /><ent r="4" t="10" w="442" /><ent r="4" t="23" w="127" /><ent r="4" t="23" w="149" /><ent r="5" t="54" w="455" /><ent r="4" t="56" w="44" /></phr></stem><stem n="anoth"><phr n="another"><ent r="3" t="10" w="418" /><ent r="3" t="25" w="128" /><ent r="3" t="31" w="1063" /><ent r="3" t="61" w="214" /><ent r="3" t="61" w="252" /><ent r="3" t="61" w="789" /></phr></stem><stem n="manag"><phr n="managing"><ent r="3" t="10" w="423" /><ent r="3" t="23" w="130" /><ent r="3" t="33" w="134" /><ent r="3" t="66" w="12" /><ent r="3" t="67" w="22" /></phr><phr n="manage"><ent r="3" t="13" w="73" /><ent r="3" t="14" w="217" /><ent r="3" t="25" w="332" /><ent r="4" t="54" w="387" /></phr><phr n="management"><ent r="4" t="20" w="100" /><ent r="268435456" t="25" w="3" /><ent r="4096" t="25" w="6" /><ent r="1048578" t="25" w="10" /></phr><phr n="managed"><ent r="3" t="25" w="105" /><ent r="3" t="67" w="277" /></phr></stem><stem n="thought"><phr n="thought"><ent r="3" t="10" w="427" /><ent r="3" t="23" w="134" /><ent r="4" t="60" w="919" /></phr></stem><stem n="array"><phr n="array"><ent r="3" t="10" w="428" /><ent r="3" t="23" w="135" /><ent r="4" t="37" w="353" /><ent r="4" t="39" w="24" /><ent r="4" t="39" w="67" /><ent r="4" t="39" w="88" /><ent r="4" t="39" w="115" /><ent r="4" t="39" w="136" /><ent r="3" t="44" w="60" /><ent r="7" t="62" w="174" /><ent r="6" t="62" w="279" /><ent r="6" t="62" w="364" /><ent r="6" t="62" w="399" /><ent r="6" t="62" w="725" /><ent r="6" t="62" w="761" /><ent r="6" t="62" w="781" /><ent r="6" t="62" w="799" /><ent r="4" t="69" w="1209" /></phr><phr n="arrays"><ent r="4" t="19" w="53" /></phr></stem><stem n="certain"><phr n="certain"><ent r="3" t="10" w="435" /><ent r="4" t="27" w="159" /><ent r="4" t="27" w="242" /><ent r="3" t="30" w="114" /><ent r="3" t="31" w="69" /><ent r="4" t="31" w="635" /><ent r="3" t="32" w="84" /><ent r="3" t="35" w="46" /><ent r="3" t="41" w="5" /><ent r="3" t="60" w="213" /><ent r="3" t="61" w="280" /><ent r="3" t="62" w="842" /></phr><phr n="certainly"><ent r="3" t="54" w="21" /></phr></stem><stem n="mosaic"><phr n="mosaic"><ent r="3" t="10" w="437" /><ent r="3" t="23" w="144" /><ent r="3" t="48" w="100" /><ent r="3" t="49" w="53" /><ent r="3" t="49" w="56" /><ent r="4" t="49" w="184" /><ent r="3" t="49" w="190" /><ent r="3" t="50" w="60" /><ent r="3" t="50" w="63" /><ent r="3" t="61" w="326" /><ent r="3" t="61" w="652" /><ent r="3" t="61" w="655" /><ent r="3" t="61" w="711" /><ent r="6" t="61" w="731" /><ent r="6" t="61" w="768" /><ent r="3" t="62" w="67" /><ent r="6" t="62" w="263" /><ent r="3" t="64" w="225" /><ent r="3" t="64" w="318" /><ent r="3" t="69" w="916" /></phr><phr n="mosaics"><ent r="4" t="30" w="306" /><ent r="4" t="30" w="312" /><ent r="4" t="30" w="324" /><ent r="4" t="30" w="337" /><ent r="3" t="61" w="281" /><ent r="4" t="69" w="911" /></phr></stem><stem n="wrap"><phr n="wrapping"><ent r="3" t="10" w="444" /><ent r="3" t="23" w="151" /></phr><phr n="wraps"><ent r="4" t="27" w="251" /><ent r="3" t="35" w="59" /></phr></stem><stem n="hold"><phr n="hold"><ent r="3" t="10" w="447" /><ent r="3" t="14" w="126" /><ent r="3" t="14" w="258" /><ent r="3" t="23" w="154" /><ent r="3" t="25" w="115" /><ent r="3" t="32" w="71" /><ent r="4" t="54" w="428" /></phr></stem><stem n="accommod"><phr n="accommodate"><ent r="3" t="11" w="17" /></phr></stem><stem n="gigabyt"><phr n="gigabyte"><ent r="3" t="11" w="19" /></phr></stem><stem n="dataset"><phr n="datasets"><ent r="3" t="11" w="21" /><ent r="4" t="27" w="111" /><ent r="3" t="31" w="134" /><ent r="3" t="31" w="488" /><ent r="3" t="31" w="758" /><ent r="3" t="31" w="779" /><ent r="3" t="31" w="841" /><ent r="3" t="31" w="869" /><ent r="3" t="67" w="223" /></phr><phr n="dataset"><ent r="3" t="31" w="731" /></phr></stem><stem n="horizont"><phr n="horizontal"><ent r="3" t="11" w="29" /></phr></stem><stem n="general"><phr n="general"><ent r="3" t="11" w="43" /><ent r="3" t="11" w="109" /><ent r="3" t="14" w="14" /><ent r="3" t="37" w="39" /><ent r="3" t="54" w="15" /><ent r="4" t="54" w="243" /><ent r="4" t="54" w="727" /><ent r="3" t="62" w="97" /><ent r="3" t="62" w="111" /><ent r="4" t="62" w="119" /></phr><phr n="generally"><ent r="3" t="14" w="108" /><ent r="3" t="15" w="34" /><ent r="3" t="20" w="46" /><ent r="3" t="22" w="141" /><ent r="3" t="27" w="17" /><ent r="5" t="54" w="165" /><ent r="3" t="61" w="489" /><ent r="3" t="62" w="63" /><ent r="3" t="63" w="122" /><ent r="3" t="64" w="150" /><ent r="4" t="69" w="832" /><ent r="4" t="69" w="926" /><ent r="4" t="69" w="1342" /></phr></stem><stem n="begin"><phr n="begin"><ent r="3" t="11" w="45" /><ent r="3" t="11" w="178" /><ent r="3" t="15" w="9" /></phr><phr n="begins"><ent r="3" t="59" w="150" /></phr></stem><stem n="foreach"><phr n="foreach"><ent r="3" t="11" w="49" /></phr></stem><stem n="xxxxx"><phr n="xxxxx"><ent r="4" t="11" w="52" /></phr></stem><stem n="done"><phr n="done"><ent r="3" t="11" w="55" /><ent r="3" t="14" w="246" /><ent r="3" t="31" w="1272" /><ent r="3" t="42" w="98" /><ent r="3" t="50" w="752" /><ent r="3" t="50" w="805" /><ent r="4" t="54" w="416" /><ent r="4" t="56" w="29" /><ent r="3" t="56" w="111" /></phr></stem><stem n="phase"><phr n="phases"><ent r="3" t="11" w="59" /></phr></stem><stem n="readbegin"><phr n="readbegin"><ent r="4" t="11" w="65" /></phr></stem><stem n="readstrip"><phr n="readstrip"><ent r="4" t="11" w="66" /></phr></stem><stem n="readend"><phr n="readend"><ent r="4" t="11" w="67" /></phr></stem><stem n="handl"><phr n="handle"><ent r="3" t="11" w="69" /><ent r="3" t="32" w="101" /><ent r="3" t="43" w="37" /><ent r="3" t="43" w="40" /><ent r="4" t="57" w="142" /></phr><phr n="handles"><ent r="3" t="30" w="159" /><ent r="3" t="32" w="121" /><ent r="4" t="37" w="334" /></phr><phr n="handled"><ent r="4" t="37" w="339" /></phr><phr n="handling"><ent r="3" t="53" w="16" /></phr></stem><stem n="logic"><phr n="logic"><ent r="3" t="11" w="70" /><ent r="3" t="30" w="160" /></phr></stem><stem n="decompos"><phr n="decomposing"><ent r="3" t="11" w="71" /></phr></stem><stem n="sequenti"><phr n="sequential"><ent r="3" t="11" w="74" /><ent r="3" t="59" w="45" /><ent r="4" t="69" w="222" /></phr></stem><stem n="correspond"><phr n="corresponding"><ent r="3" t="11" w="78" /><ent r="3" t="12" w="206" /><ent r="3" t="12" w="251" /><ent r="3" t="15" w="38" /><ent r="3" t="20" w="50" /><ent r="3" t="31" w="1140" /><ent r="3" t="35" w="63" /><ent r="5" t="37" w="379" /><ent r="3" t="39" w="39" /><ent r="3" t="40" w="46" /><ent r="3" t="41" w="39" /><ent r="3" t="42" w="19" /><ent r="3" t="44" w="63" /><ent r="3" t="46" w="48" /><ent r="4" t="54" w="635" /><ent r="3" t="56" w="40" /><ent r="3" t="60" w="940" /><ent r="3" t="64" w="245" /><ent r="4" t="69" w="35" /><ent r="4" t="69" w="1152" /></phr><phr n="corresponds"><ent r="3" t="12" w="88" /><ent r="3" t="12" w="151" /><ent r="3" t="12" w="182" /><ent r="3" t="12" w="229" /><ent r="3" t="25" w="210" /><ent r="3" t="31" w="737" /><ent r="3" t="31" w="1136" /><ent r="3" t="62" w="64" /><ent r="4" t="69" w="969" /></phr><phr n="correspond"><ent r="3" t="31" w="449" /><ent r="3" t="44" w="53" /><ent r="3" t="60" w="750" /><ent r="6" t="62" w="766" /><ent r="6" t="62" w="786" /><ent r="4" t="69" w="468" /></phr><phr n="correspondingly"><ent r="3" t="31" w="498" /><ent r="3" t="33" w="137" /></phr></stem><stem n="pure"><phr n="pure"><ent r="3" t="11" w="79" /></phr></stem><stem n="virtual"><phr n="virtual"><ent r="3" t="11" w="80" /><ent r="3" t="55" w="96" /><ent r="3" t="61" w="176" /></phr></stem><stem n="decodebegin"><phr n="decodebegin"><ent r="4" t="11" w="83" /></phr></stem><stem n="decodestrip"><phr n="decodestrip"><ent r="4" t="11" w="84" /></phr></stem><stem n="decodeend"><phr n="decodeend"><ent r="4" t="11" w="85" /></phr></stem><stem n="accomplish"><phr n="accomplished"><ent r="3" t="11" w="94" /></phr></stem><stem n="via"><phr n="via"><ent r="3" t="11" w="95" /><ent r="3" t="14" w="135" /><ent r="3" t="14" w="195" /><ent r="4" t="19" w="119" /><ent r="3" t="36" w="31" /><ent r="3" t="40" w="26" /><ent r="3" t="45" w="16" /><ent r="3" t="51" w="59" /><ent r="3" t="59" w="82" /><ent r="3" t="64" w="156" /></phr></stem><stem n="subsect"><phr n="subsection"><ent r="3" t="11" w="104" /></phr></stem><stem n="intermedi"><phr n="intermediate"><ent r="3" t="11" w="110" /></phr></stem><stem n="entir"><phr n="entire"><ent r="3" t="11" w="116" /><ent r="3" t="15" w="15" /><ent r="3" t="31" w="452" /><ent r="3" t="31" w="466" /><ent r="3" t="31" w="663" /><ent r="3" t="50" w="503" /></phr><phr n="entirely"><ent r="3" t="57" w="560" /></phr></stem><stem n="store"><phr n="stores"><ent r="3" t="11" w="120" /><ent r="3" t="37" w="26" /><ent r="3" t="37" w="69" /><ent r="3" t="37" w="81" /><ent r="3" t="37" w="168" /><ent r="3" t="37" w="259" /><ent r="4" t="37" w="342" /><ent r="3" t="58" w="78" /></phr><phr n="stored"><ent r="3" t="13" w="87" /><ent r="3" t="25" w="226" /><ent r="3" t="33" w="127" /><ent r="4" t="36" w="124" /><ent r="4" t="36" w="133" /><ent r="4" t="37" w="352" /><ent r="3" t="60" w="797" /><ent r="3" t="60" w="831" /><ent r="3" t="60" w="873" /><ent r="3" t="60" w="967" /><ent r="3" t="60" w="1006" /><ent r="3" t="60" w="1045" /><ent r="7" t="62" w="173" /><ent r="7" t="62" w="180" /><ent r="6" t="62" w="278" /><ent r="6" t="62" w="363" /><ent r="6" t="62" w="370" /><ent r="6" t="62" w="398" /><ent r="3" t="63" w="160" /><ent r="3" t="68" w="39" /><ent r="4" t="69" w="525" /><ent r="4" t="69" w="532" /><ent r="4" t="69" w="541" /><ent r="4" t="69" w="1118" /></phr><phr n="storing"><ent r="3" t="29" w="66" /><ent r="3" t="29" w="80" /></phr><phr n="store"><ent r="3" t="30" w="98" /></phr></stem><stem n="specifi"><phr n="specified"><ent r="3" t="11" w="125" /><ent r="3" t="12" w="14" /><ent r="3" t="30" w="152" /><ent r="3" t="30" w="162" /><ent r="3" t="50" w="82" /><ent r="3" t="50" w="500" /><ent r="3" t="64" w="81" /></phr><phr n="specify"><ent r="3" t="25" w="21" /><ent r="3" t="50" w="401" /><ent r="3" t="50" w="667" /><ent r="3" t="61" w="424" /></phr><phr n="specifying"><ent r="3" t="50" w="377" /></phr></stem><stem n="typic"><phr n="typically"><ent r="3" t="11" w="128" /><ent r="4" t="31" w="187" /><ent r="4" t="31" w="235" /><ent r="3" t="31" w="842" /><ent r="3" t="31" w="1048" /><ent r="4" t="36" w="84" /><ent r="4" t="57" w="133" /><ent r="3" t="61" w="17" /><ent r="3" t="61" w="804" /></phr><phr n="typical"><ent r="3" t="31" w="509" /><ent r="4" t="69" w="1260" /></phr></stem><stem n="creation"><phr n="creation"><ent r="3" t="11" w="139" /><ent r="4" t="18" w="51" /><ent r="3" t="38" w="27" /></phr></stem><stem n="excess"><phr n="excessive"><ent r="3" t="11" w="156" /><ent r="3" t="31" w="346" /></phr></stem><stem n="clear"><phr n="clearly"><ent r="3" t="11" w="167" /></phr><phr n="clear"><ent r="3" t="50" w="577" /><ent r="4" t="57" w="363" /><ent r="3" t="60" w="589" /><ent r="3" t="61" w="103" /></phr><phr n="clears"><ent r="4" t="57" w="458" /></phr></stem><stem n="inappropri"><phr n="inappropriate"><ent r="3" t="11" w="168" /></phr></stem><stem n="case"><phr n="case"><ent r="3" t="11" w="169" /><ent r="3" t="14" w="199" /><ent r="4" t="31" w="206" /><ent r="3" t="31" w="351" /><ent r="3" t="31" w="396" /><ent r="3" t="31" w="1108" /><ent r="3" t="50" w="739" /><ent r="3" t="59" w="140" /><ent r="4" t="61" w="744" /><ent r="4" t="62" w="517" /><ent r="3" t="64" w="59" /><ent r="3" t="64" w="102" /><ent r="3" t="64" w="302" /></phr><phr n="cases"><ent r="3" t="14" w="132" /><ent r="3" t="18" w="24" /><ent r="3" t="30" w="76" /><ent r="3" t="31" w="535" /><ent r="3" t="39" w="138" /><ent r="3" t="58" w="162" /><ent r="3" t="61" w="513" /></phr></stem><stem n="client"><phr n="client"><ent r="3" t="11" w="170" /><ent r="3" t="23" w="102" /><ent r="3" t="25" w="247" /></phr></stem><stem n="choos"><phr n="choose"><ent r="3" t="11" w="173" /><ent r="3" t="32" w="69" /><ent r="3" t="32" w="97" /></phr><phr n="choosing"><ent r="3" t="67" w="251" /></phr></stem><stem n="explicit"><phr n="explicitly"><ent r="3" t="11" w="174" /><ent r="3" t="14" w="205" /><ent r="4" t="37" w="361" /><ent r="3" t="50" w="404" /><ent r="4" t="54" w="347" /><ent r="4" t="54" w="548" /><ent r="3" t="64" w="275" /></phr><phr n="explicit"><ent r="4" t="36" w="67" /></phr></stem><stem n="pull"><phr n="pull"><ent r="3" t="11" w="182" /></phr></stem><stem n="worth"><phr n="worth"><ent r="3" t="11" w="187" /></phr></stem><stem n="resid"><phr n="resident"><ent r="3" t="11" w="190" /></phr></stem><stem n="impli"><phr n="implied"><ent r="3" t="12" w="4" /><ent r="3" t="59" w="337" /></phr><phr n="imply"><ent r="3" t="59" w="99" /></phr><phr n="implies"><ent r="3" t="59" w="107" /><ent r="4" t="69" w="727" /></phr></stem><stem n="upper"><phr n="upper"><ent r="4" t="12" w="22" /><ent r="3" t="12" w="45" /><ent r="3" t="12" w="158" /><ent r="3" t="12" w="191" /><ent r="3" t="12" w="237" /><ent r="3" t="22" w="72" /><ent r="3" t="25" w="30" /><ent r="4" t="25" w="80" /><ent r="3" t="25" w="204" /><ent r="3" t="25" w="207" /><ent r="3" t="50" w="214" /><ent r="3" t="50" w="283" /><ent r="5" t="50" w="408" /><ent r="5" t="50" w="423" /><ent r="3" t="50" w="459" /><ent r="3" t="50" w="520" /><ent r="3" t="50" w="570" /><ent r="3" t="50" w="583" /><ent r="3" t="50" w="728" /><ent r="3" t="50" w="758" /><ent r="3" t="50" w="786" /><ent r="3" t="50" w="812" /><ent r="3" t="50" w="842" /><ent r="4" t="58" w="142" /><ent r="4" t="58" w="148" /><ent r="3" t="58" w="209" /><ent r="3" t="60" w="862" /><ent r="3" t="60" w="868" /><ent r="4" t="60" w="912" /><ent r="4" t="60" w="915" /><ent r="3" t="61" w="52" /><ent r="3" t="61" w="190" /><ent r="3" t="61" w="198" /><ent r="3" t="61" w="425" /><ent r="4" t="61" w="543" /><ent r="4" t="61" w="585" /><ent r="6" t="62" w="394" /><ent r="6" t="62" w="614" /><ent r="6" t="62" w="625" /><ent r="3" t="63" w="69" /><ent r="3" t="64" w="227" /><ent r="4" t="69" w="1179" /></phr></stem><stem n="left"><phr n="left"><ent r="4" t="12" w="23" /><ent r="3" t="12" w="46" /><ent r="3" t="12" w="159" /><ent r="3" t="12" w="192" /><ent r="3" t="12" w="238" /><ent r="3" t="22" w="73" /><ent r="3" t="25" w="31" /><ent r="4" t="25" w="81" /><ent r="3" t="25" w="205" /><ent r="3" t="25" w="208" /><ent r="3" t="50" w="215" /><ent r="3" t="50" w="284" /><ent r="5" t="50" w="409" /><ent r="5" t="50" w="424" /><ent r="3" t="50" w="460" /><ent r="3" t="50" w="571" /><ent r="3" t="50" w="584" /><ent r="3" t="50" w="656" /><ent r="3" t="50" w="729" /><ent r="3" t="50" w="759" /><ent r="3" t="50" w="787" /><ent r="3" t="50" w="813" /><ent r="3" t="50" w="843" /><ent r="4" t="51" w="30" /><ent r="4" t="51" w="36" /><ent r="4" t="58" w="143" /><ent r="4" t="58" w="149" /><ent r="3" t="58" w="210" /><ent r="3" t="60" w="863" /><ent r="3" t="60" w="869" /><ent r="4" t="60" w="913" /><ent r="4" t="60" w="916" /><ent r="3" t="61" w="53" /><ent r="3" t="61" w="191" /><ent r="3" t="61" w="199" /><ent r="3" t="61" w="426" /><ent r="4" t="61" w="544" /><ent r="4" t="61" w="586" /><ent r="4" t="61" w="590" /><ent r="6" t="62" w="395" /><ent r="6" t="62" w="615" /><ent r="6" t="62" w="626" /><ent r="3" t="63" w="50" /><ent r="3" t="63" w="70" /><ent r="4" t="69" w="1180" /></phr></stem><stem n="y"><phr n="y"><ent r="5" t="12" w="25" /><ent r="3" t="12" w="138" /><ent r="3" t="12" w="169" /><ent r="3" t="12" w="216" /><ent r="3" t="12" w="261" /><ent r="3" t="22" w="75" /><ent r="4" t="22" w="78" /><ent r="5" t="41" w="28" /><ent r="5" t="41" w="31" /><ent r="3" t="50" w="218" /><ent r="3" t="50" w="226" /><ent r="3" t="50" w="233" /><ent r="5" t="50" w="411" /><ent r="5" t="50" w="419" /><ent r="5" t="50" w="426" /><ent r="5" t="50" w="432" /><ent r="5" t="50" w="437" /><ent r="5" t="50" w="440" /><ent r="5" t="50" w="443" /><ent r="5" t="50" w="450" /><ent r="4" t="50" w="820" /><ent r="4" t="52" w="64" /><ent r="5" t="58" w="137" /><ent r="5" t="58" w="145" /><ent r="4" t="58" w="151" /><ent r="4" t="59" w="559" /><ent r="4" t="59" w="607" /><ent r="3" t="60" w="850" /><ent r="3" t="60" w="855" /><ent r="3" t="60" w="867" /><ent r="4" t="61" w="201" /><ent r="5" t="61" w="542" /><ent r="5" t="61" w="547" /><ent r="5" t="61" w="600" /><ent r="6" t="61" w="718" /><ent r="6" t="62" w="391" /><ent r="6" t="62" w="624" /><ent r="6" t="62" w="627" /><ent r="268435456" t="63" w="2" /><ent r="4096" t="63" w="7" /><ent r="4096" t="63" w="12" /><ent r="1048579" t="63" w="15" /><ent r="4" t="63" w="17" /><ent r="4" t="63" w="102" /><ent r="4" t="69" w="1070" /></phr></stem><stem n="posit"><phr n="position"><ent r="4" t="12" w="26" /><ent r="3" t="12" w="31" /><ent r="3" t="22" w="56" /><ent r="3" t="22" w="76" /><ent r="3" t="24" w="67" /><ent r="4" t="25" w="90" /><ent r="3" t="25" w="206" /><ent r="3" t="25" w="209" /><ent r="4" t="27" w="279" /><ent r="3" t="43" w="87" /><ent r="3" t="50" w="97" /><ent r="3" t="50" w="844" /><ent r="4" t="57" w="267" /><ent r="4" t="57" w="271" /><ent r="4" t="57" w="346" /><ent r="4" t="57" w="350" /><ent r="6" t="57" w="431" /><ent r="6" t="57" w="445" /><ent r="3" t="59" w="544" /><ent r="3" t="59" w="560" /><ent r="3" t="60" w="225" /><ent r="3" t="61" w="247" /><ent r="3" t="61" w="264" /><ent r="4" t="61" w="545" /><ent r="3" t="61" w="575" /><ent r="4" t="61" w="587" /><ent r="4" t="61" w="602" /><ent r="4" t="61" w="613" /><ent r="4" t="61" w="626" /><ent r="3" t="61" w="631" /><ent r="3" t="61" w="785" /><ent r="3" t="62" w="107" /><ent r="4" t="69" w="838" /><ent r="4" t="69" w="1181" /></phr><phr n="positions"><ent r="3" t="20" w="36" /><ent r="3" t="23" w="73" /><ent r="4" t="57" w="381" /><ent r="4" t="61" w="610" /></phr><phr n="positional"><ent r="3" t="40" w="29" /></phr><phr n="positioned"><ent r="3" t="50" w="727" /><ent r="3" t="50" w="743" /><ent r="3" t="57" w="72" /><ent r="4" t="57" w="150" /><ent r="4" t="57" w="419" /><ent r="3" t="61" w="171" /></phr><phr n="positive"><ent r="3" t="59" w="622" /><ent r="3" t="63" w="23" /><ent r="3" t="63" w="63" /><ent r="3" t="63" w="161" /><ent r="3" t="63" w="198" /><ent r="4" t="69" w="779" /></phr><phr n="positioning"><ent r="3" t="61" w="42" /><ent r="3" t="61" w="61" /><ent r="3" t="61" w="94" /><ent r="3" t="61" w="111" /><ent r="4" t="69" w="924" /><ent r="4" t="69" w="1328" /></phr></stem></index>