<?xml version="1.0" encoding="utf-8"?><index><stem n="fraction"><phr n="fraction"><ent r="3" t="0" w="167" /></phr></stem><stem n="origin"><phr n="original"><ent r="3" t="0" w="168" /><ent r="3" t="11" w="144" /><ent r="4" t="28" w="60" /><ent r="3" t="29" w="54" /><ent r="4" t="31" w="203" /><ent r="3" t="31" w="658" /><ent r="3" t="31" w="739" /><ent r="3" t="33" w="19" /><ent r="4" t="41" w="34" /><ent r="4" t="41" w="37" /><ent r="4" t="57" w="468" /><ent r="4" t="57" w="474" /><ent r="3" t="60" w="246" /><ent r="4" t="62" w="431" /><ent r="4" t="62" w="442" /><ent r="4" t="62" w="475" /><ent r="4" t="62" w="490" /><ent r="4" t="62" w="494" /><ent r="4" t="62" w="505" /><ent r="3" t="64" w="336" /><ent r="3" t="67" w="236" /><ent r="4" t="69" w="312" /><ent r="4" t="69" w="713" /><ent r="4" t="69" w="721" /><ent r="4" t="69" w="739" /><ent r="4" t="69" w="751" /><ent r="4" t="69" w="754" /><ent r="4" t="69" w="1252" /><ent r="4" t="69" w="1264" /><ent r="4" t="69" w="1353" /></phr><phr n="originally"><ent r="3" t="30" w="42" /></phr><phr n="origin"><ent r="4" t="41" w="29" /><ent r="3" t="61" w="311" /><ent r="3" t="61" w="343" /><ent r="6" t="61" w="729" /><ent r="3" t="61" w="781" /></phr></stem><stem n="size"><phr n="size"><ent r="3" t="0" w="170" /><ent r="3" t="12" w="278" /><ent r="3" t="12" w="287" /><ent r="4" t="19" w="103" /><ent r="4" t="25" w="71" /><ent r="3" t="25" w="183" /><ent r="3" t="25" w="189" /><ent r="4" t="27" w="87" /><ent r="4" t="27" w="126" /><ent r="4" t="27" w="169" /><ent r="3" t="31" w="181" /><ent r="4" t="31" w="290" /><ent r="3" t="31" w="373" /><ent r="4" t="41" w="36" /><ent r="3" t="50" w="237" /><ent r="3" t="50" w="363" /><ent r="3" t="50" w="573" /><ent r="3" t="50" w="605" /><ent r="3" t="50" w="690" /><ent r="3" t="50" w="716" /><ent r="3" t="50" w="793" /><ent r="3" t="50" w="852" /><ent r="3" t="53" w="51" /><ent r="3" t="53" w="64" /><ent r="3" t="53" w="74" /><ent r="3" t="53" w="82" /><ent r="3" t="53" w="86" /><ent r="3" t="59" w="301" /><ent r="3" t="59" w="505" /><ent r="3" t="59" w="588" /><ent r="3" t="59" w="605" /><ent r="6" t="62" w="200" /><ent r="6" t="62" w="260" /><ent r="6" t="62" w="706" /><ent r="3" t="67" w="238" /><ent r="3" t="67" w="264" /><ent r="4" t="69" w="316" /><ent r="4" t="69" w="322" /><ent r="4" t="69" w="328" /><ent r="4" t="69" w="343" /><ent r="4" t="69" w="348" /><ent r="4" t="69" w="350" /><ent r="4" t="69" w="352" /><ent r="4" t="69" w="396" /><ent r="4" t="69" w="401" /><ent r="5" t="69" w="405" /><ent r="4" t="69" w="453" /><ent r="4" t="69" w="489" /><ent r="3" t="69" w="997" /><ent r="4" t="69" w="998" /><ent r="5" t="69" w="1019" /><ent r="3" t="69" w="1047" /><ent r="4" t="69" w="1048" /><ent r="4" t="69" w="1053" /><ent r="5" t="69" w="1061" /></phr><phr n="sized"><ent r="3" t="11" w="20" /><ent r="3" t="12" w="203" /><ent r="3" t="12" w="248" /><ent r="3" t="50" w="684" /></phr><phr n="sizes"><ent r="3" t="67" w="248" /></phr></stem><stem n="while"><phr n="while"><ent r="3" t="0" w="171" /><ent r="3" t="1" w="163" /><ent r="3" t="14" w="83" /><ent r="3" t="14" w="162" /><ent r="3" t="23" w="84" /><ent r="3" t="25" w="143" /><ent r="3" t="28" w="16" /><ent r="4" t="30" w="303" /><ent r="4" t="30" w="317" /><ent r="3" t="30" w="338" /><ent r="3" t="31" w="1156" /><ent r="3" t="35" w="50" /><ent r="3" t="50" w="75" /><ent r="3" t="53" w="178" /><ent r="3" t="53" w="210" /><ent r="3" t="54" w="20" /><ent r="4" t="54" w="252" /><ent r="4" t="54" w="721" /><ent r="3" t="60" w="156" /><ent r="3" t="63" w="94" /><ent r="3" t="64" w="124" /><ent r="3" t="67" w="15" /><ent r="4" t="69" w="615" /></phr></stem><stem n="maintain"><phr n="maintaining"><ent r="3" t="0" w="172" /><ent r="3" t="40" w="35" /></phr><phr n="maintainability"><ent r="4" t="54" w="737" /></phr></stem><stem n="scalabl"><phr n="scalable"><ent r="3" t="0" w="177" /></phr></stem><stem n="reduc"><phr n="reduce"><ent r="3" t="0" w="178" /><ent r="3" t="10" w="439" /><ent r="3" t="23" w="146" /><ent r="3" t="32" w="111" /><ent r="3" t="67" w="245" /><ent r="4" t="69" w="1232" /></phr><phr n="reduces"><ent r="3" t="11" w="31" /><ent r="4" t="62" w="552" /></phr><phr n="reduced"><ent r="3" t="25" w="243" /><ent r="3" t="31" w="540" /><ent r="3" t="53" w="75" /><ent r="4" t="69" w="330" /><ent r="4" t="69" w="765" /></phr><phr n="reducing"><ent r="3" t="53" w="163" /></phr></stem><stem n="enlarg"><phr n="enlarge"><ent r="3" t="0" w="179" /></phr></stem><stem n="zoom"><phr n="zoom"><ent r="3" t="0" w="180" /><ent r="4" t="25" w="60" /><ent r="4" t="27" w="212" /><ent r="4" t="51" w="29" /><ent r="4" t="51" w="32" /><ent r="4" t="52" w="39" /><ent r="268435456" t="53" w="1" /><ent r="4096" t="53" w="3" /><ent r="4096" t="53" w="7" /><ent r="1048578" t="53" w="9" /><ent r="3" t="53" w="17" /><ent r="3" t="53" w="42" /><ent r="3" t="53" w="121" /><ent r="3" t="53" w="156" /><ent r="3" t="53" w="187" /><ent r="3" t="53" w="216" /><ent r="3" t="53" w="229" /><ent r="6" t="62" w="747" /><ent r="5" t="69" w="707" /><ent r="5" t="69" w="813" /><ent r="5" t="69" w="1106" /><ent r="5" t="69" w="1171" /><ent r="3" t="69" w="1336" /></phr></stem><stem n="pan"><phr n="pan"><ent r="3" t="0" w="181" /><ent r="4" t="51" w="38" /></phr></stem><stem n="print"><phr n="print"><ent r="3" t="0" w="182" /><ent r="3" t="39" w="169" /><ent r="3" t="40" w="69" /><ent r="3" t="67" w="108" /></phr><phr n="printed"><ent r="268435456" t="68" w="1" /></phr></stem><stem n="without"><phr n="without"><ent r="3" t="0" w="183" /><ent r="3" t="1" w="155" /><ent r="3" t="11" w="154" /><ent r="3" t="14" w="95" /><ent r="4" t="27" w="140" /><ent r="3" t="31" w="342" /><ent r="3" t="31" w="379" /><ent r="3" t="31" w="384" /><ent r="3" t="31" w="549" /><ent r="4" t="54" w="341" /><ent r="3" t="60" w="100" /><ent r="3" t="68" w="19" /><ent r="3" t="68" w="56" /><ent r="4" t="69" w="1299" /></phr></stem><stem n="compromis"><phr n="compromising"><ent r="3" t="0" w="184" /></phr></stem><stem n="select"><phr n="selective"><ent r="3" t="0" w="186" /><ent r="3" t="30" w="50" /><ent r="3" t="30" w="89" /><ent r="3" t="31" w="888" /><ent r="3" t="31" w="971" /><ent r="3" t="33" w="60" /></phr><phr n="selected"><ent r="3" t="0" w="236" /><ent r="4" t="27" w="47" /></phr><phr n="selecting"><ent r="3" t="0" w="260" /></phr><phr n="selection"><ent r="3" t="50" w="210" /><ent r="3" t="50" w="396" /><ent r="3" t="50" w="507" /><ent r="3" t="50" w="737" /></phr><phr n="select"><ent r="3" t="50" w="458" /><ent r="3" t="67" w="258" /></phr><phr n="selections"><ent r="3" t="50" w="804" /><ent r="3" t="50" w="868" /></phr></stem><stem n="capabl"><phr n="capability"><ent r="3" t="0" w="188" /></phr><phr n="capabilities"><ent r="3" t="0" w="201" /><ent r="3" t="30" w="261" /><ent r="3" t="31" w="17" /></phr></stem><stem n="view"><phr n="view"><ent r="3" t="0" w="191" /><ent r="3" t="0" w="243" /><ent r="3" t="0" w="252" /><ent r="3" t="2" w="12" /><ent r="3" t="11" w="143" /><ent r="3" t="12" w="100" /><ent r="3" t="12" w="111" /><ent r="3" t="31" w="953" /><ent r="3" t="67" w="52" /><ent r="3" t="67" w="106" /><ent r="3" t="67" w="138" /></phr><phr n="viewing"><ent r="3" t="8" w="61" /><ent r="3" t="29" w="47" /><ent r="3" t="29" w="78" /><ent r="3" t="31" w="397" /><ent r="3" t="31" w="414" /><ent r="3" t="31" w="519" /><ent r="3" t="31" w="973" /><ent r="3" t="51" w="14" /><ent r="4098" t="67" w="31" /><ent r="3" t="67" w="42" /><ent r="3" t="67" w="79" /><ent r="4098" t="67" w="99" /></phr><phr n="viewed"><ent r="4" t="10" w="153" /><ent r="4" t="31" w="1328" /></phr></stem><stem n="ani"><phr n="any"><ent r="3" t="0" w="192" /><ent r="3" t="9" w="36" /><ent r="4" t="10" w="384" /><ent r="4" t="10" w="393" /><ent r="3" t="15" w="18" /><ent r="3" t="15" w="49" /><ent r="4" t="20" w="85" /><ent r="3" t="23" w="89" /><ent r="4" t="26" w="27" /><ent r="3" t="28" w="18" /><ent r="3" t="29" w="41" /><ent r="3" t="29" w="48" /><ent r="3" t="29" w="99" /><ent r="3" t="30" w="149" /><ent r="3" t="31" w="386" /><ent r="3" t="31" w="406" /><ent r="3" t="31" w="1184" /><ent r="3" t="31" w="1267" /><ent r="3" t="32" w="22" /><ent r="3" t="35" w="178" /><ent r="3" t="36" w="38" /><ent r="3" t="38" w="73" /><ent r="3" t="42" w="126" /><ent r="3" t="47" w="20" /><ent r="3" t="52" w="35" /><ent r="4" t="54" w="351" /><ent r="3" t="57" w="114" /><ent r="4" t="57" w="122" /><ent r="4" t="57" w="203" /><ent r="4" t="57" w="529" /><ent r="3" t="57" w="543" /><ent r="3" t="59" w="548" /><ent r="3" t="59" w="564" /><ent r="3" t="59" w="595" /><ent r="3" t="59" w="612" /><ent r="3" t="60" w="117" /><ent r="3" t="60" w="122" /><ent r="3" t="60" w="124" /><ent r="3" t="60" w="135" /><ent r="3" t="60" w="422" /><ent r="3" t="60" w="488" /><ent r="3" t="61" w="70" /><ent r="3" t="61" w="414" /><ent r="4" t="61" w="446" /><ent r="3" t="61" w="450" /><ent r="3" t="61" w="558" /><ent r="3" t="61" w="635" /><ent r="3" t="61" w="775" /><ent r="3" t="62" w="56" /><ent r="3" t="62" w="83" /><ent r="6" t="62" w="593" /><ent r="3" t="65" w="24" /><ent r="3" t="67" w="314" /><ent r="3" t="67" w="328" /><ent r="3" t="68" w="43" /><ent r="3" t="68" w="45" /><ent r="3" t="68" w="52" /></phr></stem><stem n="differ"><phr n="different"><ent r="3" t="0" w="195" /><ent r="3" t="0" w="209" /><ent r="4" t="27" w="192" /><ent r="4" t="30" w="328" /><ent r="4" t="30" w="332" /><ent r="3" t="31" w="645" /><ent r="3" t="33" w="71" /><ent r="3" t="42" w="16" /><ent r="3" t="50" w="617" /><ent r="3" t="53" w="146" /><ent r="3" t="53" w="190" /><ent r="3" t="57" w="100" /><ent r="3" t="58" w="40" /><ent r="3" t="62" w="33" /><ent r="4" t="62" w="498" /><ent r="4" t="62" w="528" /><ent r="4" t="69" w="1193" /></phr><phr n="differing"><ent r="3" t="30" w="244" /></phr><phr n="differences"><ent r="3" t="30" w="251" /><ent r="3" t="31" w="1295" /><ent r="3" t="43" w="63" /></phr></stem><stem n="optim"><phr n="optimizing"><ent r="3" t="0" w="199" /><ent r="3" t="31" w="566" /></phr><phr n="optimal"><ent r="3" t="5" w="23" /><ent r="3" t="13" w="30" /></phr><phr n="optimized"><ent r="3" t="29" w="45" /><ent r="4" t="54" w="732" /></phr><phr n="optimization"><ent r="3" t="30" w="59" /><ent r="3" t="30" w="85" /><ent r="4" t="30" w="274" /><ent r="4" t="31" w="227" /><ent r="4096" t="31" w="504" /><ent r="4096" t="31" w="506" /><ent r="258" t="31" w="507" /><ent r="3" t="31" w="706" /><ent r="3" t="33" w="58" /><ent r="3" t="54" w="729" /><ent r="4" t="69" w="861" /><ent r="4" t="69" w="881" /><ent r="3" t="69" w="1020" /><ent r="4" t="69" w="1037" /><ent r="4" t="69" w="1039" /></phr><phr n="optimize"><ent r="4" t="54" w="738" /></phr></stem><stem n="give"><phr n="give"><ent r="3" t="0" w="202" /><ent r="3" t="4" w="30" /><ent r="3" t="60" w="643" /><ent r="3" t="61" w="91" /><ent r="3" t="64" w="298" /></phr><phr n="gives"><ent r="3" t="2" w="9" /></phr></stem><stem n="flexibl"><phr n="flexibility"><ent r="3" t="0" w="203" /></phr></stem><stem n="deliv"><phr n="deliver"><ent r="3" t="0" w="206" /></phr><phr n="delivered"><ent r="3" t="66" w="7" /></phr><phr n="delivering"><ent r="3" t="67" w="330" /></phr></stem><stem n="resourc"><phr n="resources"><ent r="3" t="0" w="212" /><ent r="3" t="8" w="12" /><ent r="3" t="32" w="119" /><ent r="4" t="57" w="136" /><ent r="4" t="57" w="169" /><ent r="3" t="67" w="278" /></phr><phr n="resource"><ent r="3" t="10" w="440" /><ent r="3" t="23" w="147" /><ent r="3" t="32" w="61" /></phr></stem><stem n="mainstay"><phr n="mainstay"><ent r="3" t="0" w="214" /></phr></stem><stem n="communiti"><phr n="community"><ent r="3" t="0" w="216" /><ent r="3" t="8" w="78" /><ent r="3" t="8" w="91" /><ent r="3" t="35" w="28" /></phr></stem><stem n="year"><phr n="years"><ent r="3" t="0" w="217" /><ent r="3" t="30" w="259" /><ent r="3" t="31" w="765" /></phr></stem><stem n="implement"><phr n="implemented"><ent r="3" t="0" w="221" /><ent r="3" t="11" w="60" /><ent r="3" t="12" w="16" /><ent r="3" t="19" w="82" /><ent r="4" t="19" w="118" /><ent r="3" t="23" w="110" /><ent r="3" t="42" w="111" /><ent r="4" t="54" w="75" /><ent r="4" t="54" w="471" /><ent r="3" t="55" w="21" /><ent r="3" t="57" w="572" /><ent r="3" t="64" w="32" /></phr><phr n="implement"><ent r="3" t="1" w="231" /><ent r="3" t="11" w="90" /><ent r="3" t="11" w="175" /><ent r="3" t="42" w="38" /><ent r="3" t="55" w="94" /><ent r="3" t="60" w="161" /><ent r="3" t="60" w="231" /><ent r="4" t="69" w="410" /></phr><phr n="implements"><ent r="3" t="2" w="33" /><ent r="3" t="11" w="194" /><ent r="4" t="54" w="476" /><ent r="3" t="55" w="26" /><ent r="3" t="64" w="22" /></phr><phr n="implementation"><ent r="4096" t="10" w="320" /><ent r="3" t="10" w="331" /><ent r="4" t="54" w="239" /><ent r="4" t="54" w="644" /><ent r="4" t="57" w="538" /><ent r="3" t="60" w="202" /><ent r="3" t="60" w="534" /><ent r="3" t="61" w="72" /><ent r="258" t="61" w="496" /></phr><phr n="implementations"><ent r="3" t="19" w="90" /><ent r="4" t="54" w="576" /><ent r="4" t="54" w="584" /><ent r="3" t="59" w="746" /><ent r="3" t="60" w="340" /><ent r="3" t="60" w="606" /></phr><phr n="implementing"><ent r="3" t="27" w="15" /><ent r="3" t="28" w="11" /></phr></stem><stem n="hundr"><phr n="hundreds"><ent r="3" t="0" w="222" /><ent r="4" t="31" w="1325" /></phr><phr n="hundred"><ent r="3" t="31" w="844" /></phr></stem><stem n="latest"><phr n="latest"><ent r="3" t="0" w="227" /></phr></stem><stem n="generat"><phr n="generation"><ent r="3" t="0" w="231" /><ent r="3" t="1" w="77" /><ent r="3" t="1" w="81" /><ent r="3" t="1" w="85" /><ent r="4096" t="30" w="8" /><ent r="4096" t="30" w="11" /><ent r="4096" t="30" w="14" /><ent r="3" t="30" w="27" /><ent r="4" t="69" w="847" /><ent r="4" t="69" w="868" /><ent r="4" t="69" w="890" /></phr><phr n="generate"><ent r="4" t="10" w="64" /><ent r="3" t="23" w="124" /><ent r="3" t="31" w="556" /><ent r="3" t="31" w="584" /><ent r="3" t="31" w="654" /><ent r="3" t="49" w="84" /><ent r="3" t="49" w="118" /><ent r="3" t="50" w="137" /></phr><phr n="generated"><ent r="3" t="31" w="75" /><ent r="3" t="31" w="548" /><ent r="3" t="50" w="357" /></phr><phr n="generating"><ent r="4" t="31" w="220" /></phr></stem><stem n="4"><phr n="4"><ent r="3" t="0" w="232" /><ent r="3" t="1" w="86" /><ent r="5" t="5" w="160" /><ent r="5" t="5" w="176" /><ent r="3" t="5" w="239" /><ent r="5" t="5" w="396" /><ent r="3" t="10" w="293" /><ent r="3" t="12" w="243" /><ent r="4096" t="30" w="9" /><ent r="3" t="30" w="28" /><ent r="3" t="30" w="189" /><ent r="3" t="31" w="909" /><ent r="3" t="31" w="989" /><ent r="3" t="31" w="995" /><ent r="5" t="39" w="128" /><ent r="3" t="50" w="698" /><ent r="3" t="50" w="714" /><ent r="3" t="53" w="95" /><ent r="4" t="54" w="112" /><ent r="4" t="57" w="416" /><ent r="6" t="57" w="424" /><ent r="6" t="57" w="428" /><ent r="6" t="57" w="433" /><ent r="6" t="57" w="442" /><ent r="6" t="57" w="447" /><ent r="3" t="60" w="678" /><ent r="3" t="60" w="827" /><ent r="3" t="61" w="295" /><ent r="3" t="61" w="407" /><ent r="4" t="69" w="58" /><ent r="4" t="69" w="891" /></phr></stem><stem n="mg4"><phr n="mg4"><ent r="3" t="0" w="233" /><ent r="3" t="1" w="87" /><ent r="3" t="1" w="94" /><ent r="4" t="27" w="38" /><ent r="4" t="29" w="105" /><ent r="268435456" t="30" w="3" /><ent r="4096" t="30" w="4" /><ent r="1048578" t="30" w="18" /><ent r="3" t="30" w="29" /><ent r="3" t="30" w="56" /><ent r="3" t="30" w="80" /><ent r="3" t="30" w="131" /><ent r="3" t="30" w="134" /><ent r="3" t="30" w="168" /><ent r="3" t="30" w="185" /><ent r="3" t="30" w="210" /><ent r="3" t="30" w="233" /><ent r="3" t="30" w="239" /><ent r="3" t="30" w="254" /><ent r="4" t="30" w="288" /><ent r="4" t="30" w="293" /><ent r="4" t="30" w="297" /><ent r="4" t="30" w="310" /><ent r="4" t="30" w="315" /><ent r="4" t="30" w="320" /><ent r="4" t="30" w="330" /><ent r="3" t="31" w="101" /><ent r="3" t="31" w="870" /><ent r="3" t="31" w="1114" /><ent r="3" t="31" w="1298" /><ent r="4" t="31" w="1308" /><ent r="4" t="31" w="1312" /><ent r="4" t="31" w="1314" /><ent r="4" t="31" w="1334" /><ent r="3" t="32" w="27" /><ent r="3" t="33" w="45" /><ent r="3" t="49" w="81" /><ent r="3" t="50" w="78" /><ent r="3" t="50" w="191" /><ent r="3" t="53" w="21" /><ent r="3" t="53" w="142" /><ent r="3" t="53" w="145" /><ent r="3" t="53" w="228" /><ent r="6" t="62" w="207" /><ent r="6" t="62" w="223" /><ent r="6" t="62" w="249" /><ent r="6" t="62" w="348" /><ent r="4" t="62" w="562" /><ent r="3" t="64" w="29" /><ent r="4" t="69" w="296" /><ent r="5" t="69" w="305" /><ent r="5" t="69" w="865" /><ent r="5" t="69" w="887" /><ent r="3" t="69" w="888" /><ent r="4" t="69" w="897" /><ent r="4" t="69" w="954" /><ent r="5" t="69" w="958" /><ent r="4" t="69" w="1024" /><ent r="4" t="69" w="1028" /></phr></stem><stem n="band"><phr n="bands"><ent r="3" t="0" w="237" /><ent r="3" t="0" w="253" /><ent r="3" t="0" w="261" /><ent r="4" t="23" w="36" /><ent r="3" t="25" w="137" /><ent r="3" t="25" w="140" /><ent r="4" t="27" w="48" /><ent r="4" t="27" w="56" /><ent r="3" t="30" w="215" /><ent r="3" t="31" w="775" /><ent r="3" t="31" w="802" /><ent r="3" t="31" w="820" /><ent r="3" t="31" w="825" /><ent r="3" t="31" w="828" /><ent r="3" t="31" w="834" /><ent r="3" t="31" w="846" /><ent r="3" t="31" w="848" /><ent r="3" t="31" w="876" /><ent r="3" t="31" w="913" /><ent r="3" t="31" w="921" /><ent r="3" t="31" w="947" /><ent r="3" t="31" w="957" /><ent r="3" t="31" w="960" /><ent r="3" t="31" w="978" /><ent r="3" t="31" w="999" /><ent r="3" t="31" w="1006" /><ent r="4096" t="31" w="1032" /><ent r="4096" t="31" w="1035" /><ent r="258" t="31" w="1037" /><ent r="3" t="31" w="1177" /><ent r="3" t="31" w="1180" /><ent r="4" t="36" w="93" /><ent r="3" t="59" w="180" /><ent r="3" t="59" w="207" /><ent r="3" t="59" w="260" /><ent r="3" t="59" w="277" /><ent r="3" t="59" w="294" /><ent r="3" t="59" w="311" /><ent r="3" t="59" w="354" /><ent r="3" t="59" w="367" /><ent r="3" t="59" w="690" /><ent r="4" t="62" w="484" /><ent r="4" t="62" w="485" /><ent r="4" t="62" w="489" /><ent r="6" t="62" w="768" /><ent r="6" t="62" w="788" /><ent r="3" t="64" w="34" /><ent r="4" t="69" w="52" /><ent r="4" t="69" w="62" /><ent r="4" t="69" w="1010" /></phr><phr n="band"><ent r="3" t="22" w="119" /><ent r="3" t="22" w="125" /><ent r="3" t="25" w="326" /><ent r="4" t="27" w="30" /><ent r="4" t="30" w="173" /><ent r="3" t="30" w="190" /><ent r="3" t="30" w="194" /><ent r="3" t="30" w="199" /><ent r="3" t="31" w="153" /><ent r="3" t="31" w="156" /><ent r="3" t="31" w="160" /><ent r="3" t="31" w="807" /><ent r="3" t="31" w="822" /><ent r="3" t="31" w="990" /><ent r="3" t="31" w="1014" /><ent r="3" t="31" w="1024" /><ent r="3" t="31" w="1118" /><ent r="3" t="31" w="1173" /><ent r="3" t="31" w="1188" /><ent r="3" t="44" w="61" /><ent r="3" t="49" w="64" /><ent r="3" t="50" w="189" /><ent r="3" t="59" w="36" /><ent r="3" t="59" w="40" /><ent r="3" t="59" w="44" /><ent r="7" t="62" w="177" /><ent r="6" t="62" w="205" /><ent r="6" t="62" w="221" /><ent r="6" t="62" w="285" /><ent r="6" t="62" w="367" /><ent r="4" t="62" w="478" /><ent r="6" t="62" w="758" /><ent r="6" t="62" w="778" /><ent r="6" t="62" w="798" /><ent r="6" t="62" w="807" /><ent r="3" t="64" w="111" /><ent r="3" t="64" w="121" /><ent r="3" t="69" w="32" /><ent r="4" t="69" w="43" /><ent r="4" t="69" w="79" /><ent r="4" t="69" w="150" /><ent r="4" t="69" w="221" /><ent r="4" t="69" w="230" /><ent r="5" t="69" w="291" /><ent r="4" t="69" w="700" /></phr><phr n="banded"><ent r="3" t="25" w="219" /><ent r="3" t="31" w="928" /><ent r="3" t="31" w="936" /><ent r="3" t="31" w="1016" /><ent r="3" t="31" w="1026" /><ent r="3" t="59" w="227" /><ent r="3" t="59" w="231" /><ent r="4" t="69" w="97" /><ent r="4" t="69" w="168" /><ent r="4" t="69" w="238" /></phr></stem><stem n="critic"><phr n="critical"><ent r="3" t="0" w="238" /><ent r="4" t="31" w="201" /><ent r="3" t="32" w="118" /><ent r="3" t="67" w="244" /></phr></stem><stem n="if"><phr n="if"><ent r="3" t="0" w="239" /><ent r="4" t="8" w="236" /><ent r="3" t="13" w="5" /><ent r="3" t="13" w="39" /><ent r="3" t="14" w="266" /><ent r="3" t="31" w="489" /><ent r="4" t="31" w="600" /><ent r="3" t="31" w="734" /><ent r="3" t="31" w="741" /><ent r="3" t="31" w="922" /><ent r="3" t="31" w="1008" /><ent r="3" t="32" w="28" /><ent r="4" t="39" w="58" /><ent r="4" t="39" w="80" /><ent r="4" t="39" w="106" /><ent r="3" t="40" w="40" /><ent r="3" t="48" w="68" /><ent r="3" t="49" w="23" /><ent r="3" t="49" w="188" /><ent r="3" t="50" w="53" /><ent r="3" t="50" w="80" /><ent r="3" t="50" w="498" /><ent r="3" t="50" w="808" /><ent r="3" t="53" w="59" /><ent r="3" t="53" w="98" /><ent r="3" t="53" w="126" /><ent r="4" t="54" w="106" /><ent r="4" t="54" w="114" /><ent r="4" t="54" w="268" /><ent r="4" t="54" w="286" /><ent r="4" t="54" w="307" /><ent r="4" t="54" w="436" /><ent r="4" t="54" w="620" /><ent r="4" t="54" w="739" /><ent r="4" t="56" w="25" /><ent r="3" t="56" w="34" /><ent r="4" t="57" w="223" /><ent r="4" t="57" w="259" /><ent r="4" t="57" w="280" /><ent r="4" t="57" w="308" /><ent r="4" t="57" w="341" /><ent r="3" t="59" w="205" /><ent r="3" t="59" w="352" /><ent r="4" t="59" w="634" /><ent r="3" t="59" w="667" /><ent r="3" t="60" w="455" /><ent r="3" t="60" w="460" /><ent r="3" t="60" w="524" /><ent r="3" t="60" w="536" /><ent r="3" t="60" w="590" /><ent r="3" t="60" w="892" /><ent r="3" t="60" w="933" /><ent r="3" t="61" w="150" /><ent r="3" t="61" w="260" /><ent r="4" t="61" w="592" /><ent r="4" t="61" w="603" /><ent r="4" t="61" w="682" /><ent r="4" t="61" w="685" /><ent r="4" t="61" w="745" /><ent r="4" t="61" w="748" /><ent r="3" t="61" w="806" /><ent r="6" t="62" w="592" /><ent r="6" t="62" w="605" /><ent r="3" t="63" w="142" /><ent r="3" t="63" w="165" /><ent r="3" t="64" w="80" /><ent r="4" t="64" w="281" /><ent r="4" t="64" w="287" /><ent r="3" t="64" w="316" /><ent r="3" t="64" w="345" /><ent r="3" t="67" w="241" /></phr></stem><stem n="be"><phr n="being"><ent r="3" t="0" w="241" /><ent r="3" t="0" w="286" /><ent r="3" t="12" w="44" /><ent r="3" t="12" w="298" /><ent r="3" t="24" w="17" /><ent r="3" t="25" w="154" /><ent r="3" t="31" w="501" /><ent r="3" t="31" w="891" /><ent r="3" t="50" w="495" /><ent r="4" t="54" w="514" /><ent r="3" t="59" w="681" /><ent r="3" t="59" w="686" /><ent r="3" t="63" w="29" /><ent r="3" t="63" w="32" /><ent r="3" t="64" w="305" /><ent r="4" t="69" w="1262" /></phr></stem><stem n="multispectr"><phr n="multispectral"><ent r="3" t="0" w="244" /><ent r="6" t="7" w="114" /><ent r="3" t="21" w="27" /><ent r="4" t="30" w="169" /><ent r="3" t="30" w="183" /><ent r="4" t="30" w="300" /><ent r="3" t="31" w="161" /><ent r="4096" t="31" w="760" /><ent r="4096" t="31" w="762" /><ent r="258" t="31" w="763" /><ent r="3" t="31" w="778" /><ent r="3" t="31" w="951" /><ent r="6" t="59" w="223" /><ent r="4" t="59" w="234" /><ent r="6" t="62" w="145" /><ent r="4" t="69" w="59" /><ent r="4" t="69" w="906" /></phr></stem><stem n="multi"><phr n="multi"><ent r="3" t="0" w="247" /><ent r="268435456" t="13" w="1" /><ent r="1048578" t="13" w="3" /><ent r="3" t="13" w="9" /><ent r="3" t="13" w="83" /><ent r="4" t="32" w="141" /><ent r="4" t="50" w="89" /></phr></stem><stem n="hyperspectr"><phr n="hyperspectral"><ent r="3" t="0" w="248" /><ent r="4" t="30" w="170" /><ent r="4" t="30" w="301" /><ent r="3" t="31" w="162" /><ent r="3" t="31" w="840" /><ent r="4" t="69" w="907" /></phr></stem><stem n="don't"><phr n="don't"><ent r="3" t="0" w="250" /><ent r="4" t="27" w="112" /><ent r="3" t="48" w="40" /><ent r="3" t="54" w="22" /><ent r="3" t="60" w="253" /><ent r="3" t="60" w="259" /></phr></stem><stem n="wish"><phr n="wish"><ent r="3" t="0" w="251" /><ent r="4" t="31" w="217" /><ent r="3" t="35" w="172" /><ent r="3" t="42" w="36" /></phr></stem><stem n="onc"><phr n="once"><ent r="3" t="0" w="255" /><ent r="3" t="31" w="541" /><ent r="3" t="60" w="759" /></phr></stem><stem n="so"><phr n="so"><ent r="3" t="0" w="256" /><ent r="3" t="11" w="196" /><ent r="3" t="20" w="39" /><ent r="3" t="23" w="100" /><ent r="3" t="25" w="139" /><ent r="3" t="25" w="253" /><ent r="4" t="27" w="90" /><ent r="4" t="27" w="150" /><ent r="3" t="30" w="360" /><ent r="3" t="31" w="126" /><ent r="3" t="31" w="1106" /><ent r="3" t="31" w="1271" /><ent r="4" t="31" w="1321" /><ent r="3" t="35" w="158" /><ent r="3" t="53" w="79" /><ent r="3" t="55" w="55" /><ent r="3" t="60" w="456" /><ent r="4" t="60" w="920" /><ent r="3" t="61" w="807" /><ent r="3" t="64" w="277" /><ent r="4" t="69" w="767" /></phr></stem><stem n="them"><phr n="them"><ent r="3" t="0" w="258" /><ent r="3" t="10" w="411" /><ent r="3" t="31" w="649" /><ent r="3" t="35" w="25" /><ent r="4" t="36" w="114" /><ent r="4" t="54" w="241" /><ent r="4" t="57" w="144" /><ent r="4" t="57" w="176" /></phr></stem><stem n="mean"><phr n="means"><ent r="3" t="0" w="259" /><ent r="3" t="14" w="89" /><ent r="3" t="22" w="94" /><ent r="3" t="31" w="72" /><ent r="3" t="31" w="398" /><ent r="3" t="31" w="555" /><ent r="3" t="35" w="17" /><ent r="4" t="54" w="335" /><ent r="3" t="61" w="279" /><ent r="3" t="61" w="800" /><ent r="3" t="62" w="82" /><ent r="3" t="63" w="117" /><ent r="3" t="67" w="78" /><ent r="3" t="68" w="46" /></phr><phr n="mean"><ent r="3" t="30" w="231" /><ent r="3" t="57" w="75" /><ent r="6" t="62" w="794" /><ent r="3" t="63" w="46" /><ent r="3" t="63" w="66" /></phr><phr n="meanings"><ent r="3" t="58" w="118" /></phr><phr n="meaning"><ent r="3" t="58" w="218" /><ent r="4" t="59" w="757" /></phr></stem><stem n="will"><phr n="will"><ent r="3" t="0" w="262" /><ent r="3" t="4" w="40" /><ent r="3" t="4" w="75" /><ent r="3" t="9" w="28" /><ent r="4" t="10" w="63" /><ent r="4" t="10" w="90" /><ent r="4" t="10" w="134" /><ent r="3" t="10" w="170" /><ent r="3" t="10" w="195" /><ent r="3" t="10" w="200" /><ent r="3" t="11" w="130" /><ent r="3" t="14" w="276" /><ent r="3" t="17" w="24" /><ent r="3" t="18" w="33" /><ent r="3" t="25" w="114" /><ent r="4" t="27" w="92" /><ent r="3" t="30" w="349" /><ent r="4" t="31" w="225" /><ent r="3" t="31" w="494" /><ent r="3" t="31" w="796" /><ent r="3" t="31" w="896" /><ent r="3" t="31" w="930" /><ent r="3" t="31" w="969" /><ent r="3" t="31" w="976" /><ent r="3" t="31" w="1018" /><ent r="3" t="31" w="1205" /><ent r="3" t="31" w="1280" /><ent r="3" t="32" w="33" /><ent r="3" t="33" w="101" /><ent r="3" t="33" w="146" /><ent r="3" t="34" w="44" /><ent r="3" t="35" w="146" /><ent r="3" t="39" w="141" /><ent r="3" t="48" w="80" /><ent r="3" t="53" w="133" /><ent r="4" t="54" w="318" /><ent r="4" t="54" w="446" /><ent r="4" t="54" w="491" /><ent r="3" t="55" w="41" /><ent r="3" t="56" w="94" /><ent r="3" t="56" w="115" /><ent r="3" t="56" w="118" /><ent r="3" t="57" w="79" /><ent r="3" t="57" w="92" /><ent r="4" t="57" w="134" /><ent r="4" t="57" w="149" /><ent r="4" t="57" w="155" /><ent r="4" t="57" w="162" /><ent r="4" t="57" w="167" /><ent r="4" t="57" w="174" /><ent r="4" t="57" w="181" /><ent r="4" t="57" w="212" /><ent r="6" t="57" w="244" /><ent r="4" t="57" w="286" /><ent r="4" t="57" w="302" /><ent r="6" t="57" w="327" /><ent r="4" t="57" w="361" /><ent r="4" t="57" w="409" /><ent r="6" t="57" w="426" /><ent r="6" t="57" w="440" /><ent r="4" t="57" w="533" /><ent r="3" t="60" w="427" /><ent r="3" t="60" w="516" /><ent r="3" t="60" w="597" /><ent r="3" t="60" w="640" /><ent r="3" t="60" w="662" /><ent r="3" t="61" w="436" /><ent r="4" t="61" w="607" /><ent r="3" t="61" w="666" /><ent r="3" t="62" w="87" /><ent r="4" t="62" w="422" /><ent r="3" t="63" w="97" /><ent r="3" t="63" w="121" /><ent r="3" t="63" w="203" /><ent r="3" t="64" w="112" /><ent r="3" t="64" w="122" /><ent r="4" t="69" w="384" /><ent r="4" t="69" w="1079" /><ent r="4" t="69" w="1136" /></phr></stem></index>