<?xml version="1.0" encoding="utf-8"?><index><stem n="sctln"><phr n="sctln"><ent r="6" t="37" w="245" /><ent r="6" t="37" w="248" /></phr></stem><stem n="iid1"><phr n="iid1"><ent r="6" t="37" w="272" /><ent r="6" t="37" w="275" /><ent r="4" t="37" w="320" /></phr></stem><stem n="im001"><phr n="im001"><ent r="6" t="37" w="274" /><ent r="6" t="37" w="278" /><ent r="6" t="37" w="282" /><ent r="6" t="37" w="286" /><ent r="6" t="37" w="290" /><ent r="6" t="37" w="294" /><ent r="6" t="37" w="298" /><ent r="6" t="37" w="302" /><ent r="6" t="37" w="306" /><ent r="6" t="37" w="310" /><ent r="5" t="37" w="359" /><ent r="5" t="37" w="388" /><ent r="5" t="37" w="391" /><ent r="5" t="37" w="394" /><ent r="5" t="37" w="397" /></phr></stem><stem n="idatim"><phr n="idatim"><ent r="6" t="37" w="276" /><ent r="6" t="37" w="279" /><ent r="4" t="37" w="321" /></phr></stem><stem n="tgtid"><phr n="tgtid"><ent r="6" t="37" w="280" /><ent r="6" t="37" w="283" /><ent r="4" t="37" w="322" /></phr></stem><stem n="iid2"><phr n="iid2"><ent r="6" t="37" w="284" /><ent r="6" t="37" w="287" /><ent r="4" t="37" w="323" /></phr></stem><stem n="isorc"><phr n="isorce"><ent r="6" t="37" w="288" /><ent r="6" t="37" w="291" /><ent r="4" t="37" w="324" /></phr></stem><stem n="icord"><phr n="icords"><ent r="6" t="37" w="292" /><ent r="6" t="37" w="295" /><ent r="3" t="61" w="86" /><ent r="3" t="61" w="112" /><ent r="4" t="61" w="596" /></phr></stem><stem n="igeolo"><phr n="igeolo"><ent r="6" t="37" w="296" /><ent r="6" t="37" w="299" /><ent r="3" t="61" w="82" /><ent r="3" t="61" w="87" /><ent r="3" t="61" w="116" /><ent r="3" t="61" w="142" /><ent r="3" t="61" w="154" /><ent r="3" t="61" w="364" /><ent r="3" t="61" w="380" /><ent r="4" t="61" w="595" /><ent r="6" t="61" w="690" /><ent r="6" t="61" w="753" /></phr></stem><stem n="nicom"><phr n="nicom"><ent r="6" t="37" w="300" /><ent r="6" t="37" w="303" /><ent r="4" t="37" w="325" /></phr></stem><stem n="icom1"><phr n="icom1"><ent r="6" t="37" w="304" /><ent r="6" t="37" w="307" /><ent r="4" t="37" w="326" /></phr></stem><stem n="icom9"><phr n="icom9"><ent r="6" t="37" w="308" /><ent r="6" t="37" w="311" /><ent r="4" t="37" w="327" /></phr></stem><stem n="detect"><phr n="detected"><ent r="4" t="37" w="343" /></phr><phr n="detecting"><ent r="4" t="69" w="417" /></phr></stem><stem n="tre_use00a"><phr n="tre_use00a"><ent r="5" t="37" w="360" /></phr></stem><stem n="entri"><phr n="entries"><ent r="5" t="37" w="377" /><ent r="4" t="39" w="120" /><ent r="6" t="62" w="290" /></phr><phr n="entry"><ent r="4" t="39" w="72" /><ent r="4" t="39" w="93" /></phr></stem><stem n="tre_piaimc_cloudcvr"><phr n="tre_piaimc_cloudcvr"><ent r="5" t="37" w="389" /></phr></stem><stem n="tre_piaimc_srp"><phr n="tre_piaimc_srp"><ent r="5" t="37" w="392" /></phr></stem><stem n="tre_piaimc_sensmod"><phr n="tre_piaimc_sensmode"><ent r="5" t="37" w="395" /></phr></stem><stem n="tre_piaimc_sensnam"><phr n="tre_piaimc_sensname"><ent r="5" t="37" w="398" /></phr></stem><stem n="distinct"><phr n="distinct"><ent r="3" t="38" w="10" /></phr></stem><stem n="everyth"><phr n="everything"><ent r="3" t="38" w="16" /></phr></stem><stem n="date"><phr n="dates"><ent r="3" t="38" w="28" /></phr><phr n="date"><ent r="6" t="62" w="739" /><ent r="4" t="69" w="843" /></phr></stem><stem n="databas"><phr n="database"><ent r="3" t="38" w="46" /><ent r="4" t="38" w="80" /><ent r="268435456" t="40" w="2" /><ent r="4096" t="40" w="4" /><ent r="1048578" t="40" w="6" /><ent r="3" t="40" w="12" /><ent r="3" t="40" w="38" /><ent r="3" t="40" w="53" /><ent r="3" t="40" w="56" /><ent r="3" t="40" w="61" /><ent r="3" t="40" w="71" /><ent r="4" t="69" w="936" /></phr></stem><stem n="ltimetadatarecord"><phr n="ltimetadatarecord"><ent r="4" t="39" w="12" /><ent r="4" t="39" w="155" /></phr></stem><stem n="ascii"><phr n="ascii"><ent r="3" t="39" w="30" /><ent r="3" t="67" w="270" /></phr></stem><stem n="ltimetadatatag"><phr n="ltimetadatatag"><ent r="4" t="39" w="41" /><ent r="4" t="41" w="43" /></phr></stem><stem n="element"><phr n="element"><ent r="3" t="39" w="53" /><ent r="4" t="39" w="69" /><ent r="4" t="39" w="90" /><ent r="4" t="39" w="103" /><ent r="4" t="39" w="117" /><ent r="4" t="39" w="131" /></phr></stem><stem n="void"><phr n="void"><ent r="4" t="39" w="56" /><ent r="4" t="39" w="145" /><ent r="3" t="44" w="40" /><ent r="5" t="54" w="306" /></phr></stem><stem n="scalar"><phr n="scalar"><ent r="4" t="39" w="62" /></phr></stem><stem n="vector"><phr n="vector"><ent r="4" t="39" w="70" /><ent r="4" t="39" w="82" /><ent r="4" t="39" w="91" /><ent r="4" t="39" w="109" /><ent r="4" t="39" w="118" /><ent r="4" t="62" w="539" /><ent r="6" t="62" w="589" /><ent r="6" t="62" w="602" /><ent r="3" t="67" w="45" /></phr></stem><stem n="int"><phr n="int"><ent r="5" t="39" w="76" /><ent r="5" t="39" w="98" /><ent r="5" t="39" w="125" /><ent r="3" t="50" w="143" /><ent r="3" t="50" w="198" /><ent r="3" t="50" w="205" /><ent r="3" t="50" w="244" /><ent r="3" t="60" w="801" /><ent r="3" t="60" w="835" /><ent r="3" t="60" w="971" /><ent r="3" t="60" w="1010" /><ent r="3" t="60" w="1049" /><ent r="6" t="62" w="157" /><ent r="6" t="62" w="166" /><ent r="4" t="69" w="560" /></phr></stem><stem n="dim"><phr n="dims"><ent r="5" t="39" w="77" /><ent r="5" t="39" w="99" /><ent r="5" t="39" w="126" /><ent r="3" t="49" w="87" /></phr></stem><stem n="length"><phr n="lengths"><ent r="4" t="39" w="121" /></phr><phr n="length"><ent r="3" t="54" w="63" /><ent r="3" t="60" w="793" /><ent r="3" t="60" w="823" /><ent r="3" t="60" w="966" /><ent r="3" t="60" w="979" /><ent r="3" t="60" w="1005" /><ent r="3" t="60" w="1018" /><ent r="3" t="60" w="1044" /><ent r="3" t="60" w="1056" /></phr></stem><stem n="4x5"><phr n="4x5"><ent r="4" t="39" w="135" /></phr></stem><stem n="cast"><phr n="cast"><ent r="3" t="39" w="147" /></phr></stem><stem n="dereferenc"><phr n="dereferenced"><ent r="3" t="39" w="150" /></phr></stem><stem n="helper"><phr n="helper"><ent r="3" t="39" w="159" /></phr></stem><stem n="ltimetadatadump"><phr n="ltimetadatadumper"><ent r="4" t="39" w="166" /><ent r="4" t="40" w="66" /></phr></stem><stem n="pretti"><phr n="pretty"><ent r="3" t="39" w="168" /><ent r="3" t="40" w="68" /></phr></stem><stem n="ltimetadatadatabas"><phr n="ltimetadatadatabase"><ent r="4" t="40" w="10" /><ent r="4" t="45" w="45" /></phr></stem><stem n="prototyp"><phr n="prototype"><ent r="3" t="42" w="39" /></phr></stem><stem n="linkag"><phr n="linkage"><ent r="3" t="42" w="97" /><ent r="4" t="54" w="719" /></phr></stem><stem n="runtim"><phr n="runtime"><ent r="3" t="42" w="102" /></phr></stem><stem n="ltic_api"><phr n="ltic_api"><ent r="4" t="42" w="114" /></phr></stem><stem n="lt_iocstream"><phr n="lt_iocstream"><ent r="4" t="42" w="116" /><ent r="4" t="46" w="33" /></phr></stem><stem n="ltic_openmrsidimagefil"><phr n="ltic_openmrsidimagefile"><ent r="5" t="43" w="22" /></phr></stem><stem n="ltic_openmrsidimagestream"><phr n="ltic_openmrsidimagestream"><ent r="5" t="43" w="23" /></phr></stem><stem n="ltic_openjp2imagefil"><phr n="ltic_openjp2imagefile"><ent r="5" t="43" w="24" /></phr></stem><stem n="ltic_openjp2imagestream"><phr n="ltic_openjp2imagestream"><ent r="5" t="43" w="25" /></phr></stem><stem n="ltic_opennitfimagefil"><phr n="ltic_opennitfimagefile"><ent r="5" t="43" w="26" /></phr></stem><stem n="ltic_closeimag"><phr n="ltic_closeimage"><ent r="5" t="43" w="27" /><ent r="4" t="43" w="56" /></phr></stem><stem n="denot"><phr n="denoting"><ent r="3" t="43" w="33" /></phr></stem><stem n="lticimageh"><phr n="lticimageh"><ent r="4" t="43" w="39" /><ent r="3" t="43" w="103" /><ent r="3" t="44" w="22" /></phr></stem><stem n="calcul"><phr n="calculate"><ent r="3" t="43" w="66" /></phr><phr n="calculation"><ent r="3" t="49" w="67" /></phr><phr n="calculations"><ent r="3" t="53" w="123" /><ent r="3" t="53" w="218" /><ent r="3" t="53" w="231" /></phr></stem><stem n="ltic_getdimsatmag"><phr n="ltic_getdimsatmag"><ent r="4" t="43" w="72" /></phr></stem><stem n="lt_int32"><phr n="lt_int32"><ent r="3" t="43" w="100" /></phr></stem><stem n="ltic_getwidth"><phr n="ltic_getwidth"><ent r="3" t="43" w="101" /></phr></stem><stem n="const"><phr n="const"><ent r="3" t="43" w="102" /><ent r="3" t="46" w="13" /><ent r="3" t="54" w="518" /><ent r="5" t="54" w="519" /><ent r="4" t="54" w="562" /><ent r="4" t="54" w="652" /><ent r="4" t="57" w="296" /></phr></stem><stem n="ltic_decod"><phr n="ltic_decode"><ent r="3" t="44" w="21" /><ent r="4" t="45" w="35" /></phr></stem><stem n="xxxxxxxxxxxxxxxxxxxxxx"><phr n="xxxxxxxxxxxxxxxxxxxxxx"><ent r="4" t="44" w="24" /><ent r="4" t="44" w="27" /><ent r="4" t="44" w="30" /><ent r="4" t="44" w="33" /><ent r="4" t="44" w="36" /><ent r="4" t="44" w="39" /></phr></stem><stem n="doubl"><phr n="double"><ent r="3" t="44" w="25" /><ent r="3" t="44" w="28" /><ent r="3" t="44" w="31" /><ent r="3" t="44" w="34" /><ent r="3" t="44" w="37" /><ent r="3" t="44" w="51" /><ent r="3" t="58" w="106" /><ent r="6" t="62" w="198" /><ent r="6" t="62" w="214" /><ent r="6" t="62" w="265" /><ent r="6" t="62" w="386" /><ent r="6" t="62" w="409" /><ent r="6" t="62" w="652" /><ent r="6" t="62" w="660" /><ent r="4" t="69" w="801" /></phr><phr n="doubles"><ent r="3" t="60" w="292" /><ent r="3" t="60" w="560" /><ent r="3" t="60" w="876" /><ent r="6" t="62" w="401" /><ent r="6" t="62" w="800" /></phr></stem><stem n="xupperleft"><phr n="xupperleft"><ent r="3" t="44" w="26" /></phr></stem><stem n="yupperleft"><phr n="yupperleft"><ent r="3" t="44" w="29" /></phr></stem><stem n="approxim"><phr n="approximates"><ent r="3" t="44" w="45" /><ent r="6" t="62" w="816" /></phr><phr n="approximation"><ent r="4" t="69" w="738" /><ent r="4" t="69" w="1251" /></phr></stem><stem n="argument"><phr n="arguments"><ent r="3" t="44" w="52" /></phr><phr n="argument"><ent r="3" t="44" w="58" /><ent r="3" t="59" w="677" /></phr></stem><stem n="exact"><phr n="exactly"><ent r="3" t="44" w="54" /><ent r="4" t="57" w="231" /><ent r="4" t="57" w="316" /></phr></stem><stem n="ltic_getnummetadatarecord"><phr n="ltic_getnummetadatarecords"><ent r="4" t="45" w="19" /></phr></stem><stem n="ltic_metadatarecord"><phr n="ltic_metadatarecord"><ent r="4" t="45" w="26" /></phr></stem><stem n="ltic_getmetadatarecord"><phr n="ltic_getmetadatarecord"><ent r="4" t="45" w="38" /></phr></stem><stem n="mimic"><phr n="mimic"><ent r="3" t="45" w="41" /></phr></stem><stem n="counterpart"><phr n="counterparts"><ent r="3" t="45" w="44" /></phr></stem><stem n="lt_iocallbackstreamcr"><phr n="lt_iocallbackstreamcreate"><ent r="4" t="46" w="42" /></phr></stem><stem n="lt_iocstreamopen"><phr n="lt_iocstreamopen"><ent r="4" t="46" w="59" /></phr></stem><stem n="lt_iocstreamread"><phr n="lt_iocstreamread"><ent r="4" t="46" w="60" /></phr></stem><stem n="switch"><phr n="switches"><ent r="4" t="47" w="24" /><ent r="268435456" t="48" w="1" /><ent r="4096" t="48" w="8" /><ent r="1048578" t="48" w="9" /><ent r="3" t="48" w="13" /><ent r="3" t="49" w="60" /><ent r="258" t="50" w="20" /><ent r="3" t="50" w="67" /></phr></stem><stem n="mrsidinfo"><phr n="mrsidinfo"><ent r="4" t="47" w="27" /><ent r="3" t="48" w="15" /><ent r="3" t="48" w="78" /><ent r="268435456" t="49" w="1" /><ent r="4096" t="49" w="2" /><ent r="4096" t="49" w="6" /><ent r="1048578" t="49" w="7" /><ent r="3" t="49" w="8" /><ent r="3" t="49" w="149" /><ent r="3" t="49" w="166" /><ent r="3" t="49" w="186" /><ent r="3" t="62" w="34" /><ent r="3" t="63" w="179" /></phr></stem><stem n="mrsiddecod"><phr n="mrsiddecode"><ent r="4" t="47" w="28" /><ent r="3" t="48" w="16" /><ent r="3" t="48" w="77" /><ent r="268435456" t="50" w="1" /><ent r="4096" t="50" w="2" /><ent r="4096" t="50" w="6" /><ent r="1048578" t="50" w="7" /><ent r="3" t="50" w="8" /><ent r="3" t="50" w="262" /><ent r="3" t="50" w="274" /><ent r="3" t="50" w="291" /><ent r="3" t="50" w="313" /></phr></stem><stem n="mrsidview"><phr n="mrsidviewer"><ent r="4" t="47" w="29" /><ent r="3" t="48" w="79" /><ent r="268435456" t="51" w="1" /><ent r="4096" t="51" w="2" /><ent r="4096" t="51" w="6" /><ent r="1048578" t="51" w="7" /><ent r="3" t="51" w="8" /><ent r="3" t="51" w="23" /><ent r="3" t="51" w="47" /></phr></stem><stem n="mrsidencod"><phr n="mrsidencode"><ent r="3" t="48" w="17" /></phr></stem><stem n="mrsidoptim"><phr n="mrsidoptimize"><ent r="3" t="48" w="18" /></phr></stem><stem n="mrsidtil"><phr n="mrsidtile"><ent r="3" t="48" w="19" /></phr></stem><stem n="short"><phr n="short"><ent r="3" t="48" w="22" /><ent r="4" t="69" w="69" /></phr></stem><stem n="v"><phr n="v"><ent r="3" t="48" w="30" /></phr></stem><stem n="credit"><phr n="credits"><ent r="3" t="48" w="35" /><ent r="3" t="48" w="37" /><ent r="4" t="65" w="33" /><ent r="3" t="68" w="105" /></phr><phr n="credit"><ent r="3" t="68" w="99" /></phr></stem><stem n="quiet"><phr n="quiet"><ent r="3" t="48" w="39" /></phr></stem><stem n="logfil"><phr n="logfile"><ent r="4" t="48" w="46" /></phr></stem><stem n="log"><phr n="log"><ent r="3" t="48" w="48" /><ent r="3" t="48" w="52" /><ent r="4" t="69" w="511" /><ent r="4" t="69" w="518" /><ent r="4" t="69" w="1154" /></phr></stem><stem n="stdout"><phr n="stdout"><ent r="4" t="48" w="56" /></phr></stem><stem n="meter"><phr n="meter"><ent r="3" t="48" w="61" /></phr></stem><stem n="none"><phr n="none"><ent r="4" t="48" w="63" /><ent r="3" t="59" w="262" /><ent r="3" t="59" w="279" /><ent r="3" t="59" w="296" /><ent r="3" t="59" w="313" /><ent r="3" t="59" w="327" /><ent r="3" t="59" w="364" /><ent r="3" t="59" w="374" /><ent r="3" t="59" w="406" /><ent r="3" t="59" w="418" /><ent r="3" t="59" w="436" /><ent r="3" t="59" w="450" /><ent r="3" t="59" w="460" /><ent r="3" t="59" w="470" /><ent r="3" t="59" w="483" /><ent r="3" t="59" w="493" /><ent r="3" t="59" w="529" /><ent r="3" t="59" w="553" /><ent r="3" t="59" w="569" /><ent r="3" t="59" w="600" /><ent r="3" t="59" w="617" /></phr></stem><stem n="|"><phr n="|"><ent r="4" t="48" w="64" /><ent r="4" t="48" w="66" /><ent r="4" t="49" w="30" /><ent r="4" t="49" w="32" /><ent r="4" t="49" w="34" /><ent r="4" t="49" w="36" /><ent r="4" t="49" w="38" /><ent r="4" t="49" w="40" /><ent r="4" t="49" w="42" /><ent r="4" t="49" w="44" /><ent r="4" t="49" w="46" /><ent r="4" t="49" w="48" /><ent r="4" t="49" w="50" /><ent r="4" t="50" w="41" /><ent r="4" t="50" w="43" /><ent r="4" t="50" w="45" /><ent r="4" t="50" w="47" /><ent r="4" t="50" w="49" /><ent r="4" t="50" w="51" /><ent r="4" t="50" w="100" /><ent r="4" t="50" w="102" /><ent r="4" t="50" w="104" /><ent r="4" t="50" w="106" /><ent r="4" t="50" w="108" /><ent r="4" t="50" w="110" /><ent r="4" t="50" w="112" /><ent r="4" t="50" w="114" /><ent r="4" t="50" w="152" /><ent r="4" t="50" w="154" /><ent r="4" t="50" w="254" /><ent r="4" t="51" w="61" /></phr></stem><stem n="timer"><phr n="timer"><ent r="4" t="48" w="67" /></phr></stem><stem n="variabl"><phr n="variable"><ent r="3" t="48" w="70" /><ent r="3" t="48" w="88" /><ent r="3" t="54" w="121" /><ent r="4" t="54" w="532" /><ent r="4" t="54" w="706" /><ent r="3" t="56" w="104" /></phr><phr n="variables"><ent r="5" t="54" w="126" /><ent r="5" t="54" w="139" /><ent r="5" t="54" w="144" /><ent r="4" t="54" w="216" /><ent r="4" t="54" w="651" /></phr><phr n="variable's"><ent r="4" t="54" w="537" /></phr></stem><stem n="lt_nitf_imagenum"><phr n="lt_nitf_imagenum"><ent r="4" t="48" w="71" /></phr></stem><stem n="inputformat"><phr n="inputformat"><ent r="3" t="49" w="24" /><ent r="3" t="50" w="54" /></phr></stem><stem n="tif"><phr n="tif"><ent r="4" t="49" w="29" /><ent r="4" t="49" w="165" /><ent r="3" t="49" w="169" /><ent r="4" t="50" w="40" /><ent r="3" t="50" w="280" /><ent r="3" t="50" w="297" /><ent r="3" t="50" w="319" /><ent r="4" t="58" w="61" /></phr></stem><stem n="ras"><phr n="ras"><ent r="4" t="49" w="31" /></phr></stem><stem n="jpg"><phr n="jpg"><ent r="4" t="49" w="33" /><ent r="3" t="49" w="189" /><ent r="4" t="50" w="44" /><ent r="3" t="50" w="260" /><ent r="3" t="50" w="268" /></phr></stem><stem n="doq"><phr n="doq"><ent r="4" t="49" w="37" /><ent r="3" t="62" w="840" /></phr></stem><stem n="doq_nc"><phr n="doq_nc"><ent r="4" t="49" w="39" /></phr></stem><stem n="lan"><phr n="lan"><ent r="4" t="49" w="43" /></phr></stem><stem n="img"><phr n="img"><ent r="4" t="49" w="47" /></phr></stem><stem n="mos"><phr n="mos"><ent r="3" t="49" w="52" /><ent r="3" t="49" w="187" /><ent r="3" t="50" w="59" /></phr></stem><stem n="cralpha"><phr n="cralpha"><ent r="3" t="49" w="61" /></phr></stem><stem n="crwithalpha"><phr n="crwithalpha"><ent r="3" t="49" w="62" /></phr></stem><stem n="meta"><phr n="meta"><ent r="3" t="49" w="68" /><ent r="3" t="49" w="167" /></phr></stem><stem n="wf"><phr n="wf"><ent r="3" t="49" w="82" /><ent r="3" t="50" w="135" /></phr></stem><stem n="worldfil"><phr n="worldfile"><ent r="3" t="49" w="83" /><ent r="3" t="50" w="136" /></phr></stem><stem n="projectdim"><phr n="projectdims"><ent r="3" t="49" w="88" /></phr></stem><stem n="inputfil"><phr n="inputfile"><ent r="3" t="49" w="96" /><ent r="3" t="50" w="24" /></phr></stem><stem n="gmljp2"><phr n="gmljp2"><ent r="3" t="49" w="103" /></phr></stem><stem n="schema"><phr n="schemas"><ent r="3" t="49" w="109" /></phr></stem><stem n="prof"><phr n="prof"><ent r="3" t="49" w="115" /></phr></stem><stem n="genprofil"><phr n="genprofile"><ent r="3" t="49" w="116" /></phr></stem><stem n="ignorewf"><phr n="ignorewf"><ent r="3" t="49" w="121" /></phr></stem><stem n="ignoreworldfil"><phr n="ignoreworldfile"><ent r="3" t="49" w="122" /></phr></stem><stem n="iignor"><phr n="iignore"><ent r="3" t="49" w="123" /></phr></stem><stem n="dump"><phr n="dump"><ent r="3" t="49" w="128" /><ent r="3" t="49" w="133" /><ent r="3" t="62" w="37" /></phr></stem><stem n="aoi"><phr n="aoi"><ent r="3" t="49" w="132" /><ent r="3" t="49" w="134" /><ent r="3" t="62" w="566" /><ent r="4" t="62" w="578" /><ent r="6" t="62" w="584" /><ent r="6" t="62" w="596" /><ent r="6" t="62" w="610" /><ent r="6" t="62" w="621" /><ent r="6" t="62" w="632" /><ent r="6" t="62" w="635" /><ent r="6" t="62" w="646" /><ent r="6" t="62" w="654" /><ent r="6" t="62" w="658" /><ent r="6" t="62" w="662" /><ent r="6" t="62" w="667" /><ent r="6" t="62" w="671" /><ent r="6" t="62" w="676" /><ent r="6" t="62" w="680" /><ent r="6" t="62" w="686" /></phr></stem><stem n="info"><phr n="info"><ent r="3" t="49" w="135" /><ent r="3" t="53" w="241" /><ent r="3" t="61" w="193" /></phr></stem><stem n="foo"><phr n="foo"><ent r="4" t="49" w="164" /><ent r="3" t="49" w="168" /><ent r="4" t="54" w="282" /></phr></stem><stem n="outputfil"><phr n="outputfile"><ent r="3" t="50" w="30" /></phr></stem><stem n="outputformat"><phr n="outputformat"><ent r="3" t="50" w="35" /></phr></stem><stem n="tifg"><phr n="tifg"><ent r="4" t="50" w="42" /><ent r="3" t="50" w="281" /></phr></stem><stem n="j"><phr n="j"><ent r="3" t="50" w="68" /></phr></stem><stem n="numthread"><phr n="numthreads"><ent r="3" t="50" w="69" /></phr></stem><stem n="watermarkfil"><phr n="watermarkfile"><ent r="3" t="50" w="91" /></phr></stem><stem n="watermarkposit"><phr n="watermarkposition"><ent r="3" t="50" w="95" /></phr></stem><stem n="center_left"><phr n="center_left"><ent r="4" t="50" w="101" /></phr></stem><stem n="center_right"><phr n="center_right"><ent r="4" t="50" w="103" /></phr></stem><stem n="upper_left"><phr n="upper_left"><ent r="4" t="50" w="105" /></phr></stem><stem n="upper_cent"><phr n="upper_center"><ent r="4" t="50" w="107" /></phr></stem><stem n="upper_right"><phr n="upper_right"><ent r="4" t="50" w="109" /></phr></stem><stem n="lower_left"><phr n="lower_left"><ent r="4" t="50" w="111" /></phr></stem><stem n="lower_cent"><phr n="lower_center"><ent r="4" t="50" w="113" /></phr></stem><stem n="lower_right"><phr n="lower_right"><ent r="4" t="50" w="115" /></phr></stem><stem n="drmin"><phr n="drmin"><ent r="3" t="50" w="117" /></phr></stem><stem n="dynrangemin"><phr n="dynrangemin"><ent r="3" t="50" w="118" /></phr></stem><stem n="drmax"><phr n="drmax"><ent r="3" t="50" w="123" /></phr></stem><stem n="dynrangemax"><phr n="dynrangemax"><ent r="3" t="50" w="124" /></phr></stem><stem n="drauto"><phr n="drauto"><ent r="3" t="50" w="129" /></phr></stem><stem n="autodynrang"><phr n="autodynrange"><ent r="3" t="50" w="130" /></phr></stem><stem n="sh"><phr n="sh"><ent r="3" t="50" w="140" /></phr></stem><stem n="stripheight"><phr n="stripheight"><ent r="3" t="50" w="141" /></phr></stem><stem n="bgc"><phr n="bgc"><ent r="3" t="50" w="161" /></phr></stem><stem n="backgroundcolor"><phr n="backgroundcolor"><ent r="3" t="50" w="162" /></phr></stem><stem n="tpc"><phr n="tpc"><ent r="3" t="50" w="167" /></phr></stem><stem n="transparencycolor"><phr n="transparencycolor"><ent r="3" t="50" w="168" /></phr></stem><stem n="pwd"><phr n="pwd"><ent r="3" t="50" w="175" /></phr></stem><stem n="password"><phr n="password"><ent r="3" t="50" w="176" /><ent r="3" t="50" w="178" /></phr></stem><stem n="bandlist"><phr n="bandlist"><ent r="3" t="50" w="184" /></phr></stem><stem n="comma"><phr n="comma"><ent r="3" t="50" w="186" /><ent r="3" t="62" w="72" /></phr></stem><stem n="qualitylay"><phr n="qualitylayers"><ent r="3" t="50" w="196" /></phr></stem><stem n="prec"><phr n="prec"><ent r="3" t="50" w="202" /></phr></stem><stem n="ulxi"><phr n="ulxy"><ent r="3" t="50" w="211" /><ent r="3" t="50" w="298" /><ent r="5" t="50" w="417" /><ent r="5" t="50" w="435" /><ent r="3" t="50" w="467" /><ent r="3" t="50" w="473" /><ent r="3" t="50" w="535" /><ent r="3" t="50" w="543" /><ent r="3" t="50" w="631" /><ent r="3" t="50" w="699" /><ent r="3" t="50" w="833" /><ent r="3" t="50" w="889" /><ent r="3" t="50" w="899" /><ent r="3" t="50" w="919" /><ent r="3" t="50" w="929" /><ent r="3" t="50" w="960" /><ent r="3" t="50" w="970" /><ent r="3" t="50" w="990" /><ent r="3" t="50" w="1000" /><ent r="3" t="50" w="1032" /><ent r="3" t="50" w="1042" /><ent r="3" t="50" w="1052" /><ent r="3" t="50" w="1062" /></phr></stem><stem n="float0"><phr n="float0"><ent r="3" t="50" w="212" /><ent r="3" t="50" w="220" /><ent r="3" t="50" w="228" /><ent r="3" t="50" w="235" /></phr></stem><stem n="float1"><phr n="float1"><ent r="3" t="50" w="213" /><ent r="3" t="50" w="221" /><ent r="3" t="50" w="229" /><ent r="3" t="50" w="236" /></phr></stem><stem n="lrxi"><phr n="lrxy"><ent r="3" t="50" w="219" /><ent r="5" t="50" w="438" /><ent r="3" t="50" w="476" /><ent r="3" t="50" w="546" /><ent r="3" t="50" w="902" /><ent r="3" t="50" w="932" /><ent r="3" t="50" w="973" /><ent r="3" t="50" w="1003" /><ent r="3" t="50" w="1045" /><ent r="3" t="50" w="1065" /></phr></stem><stem n="cxi"><phr n="cxy"><ent r="3" t="50" w="227" /><ent r="5" t="50" w="448" /><ent r="3" t="50" w="479" /><ent r="3" t="50" w="551" /><ent r="4" t="50" w="735" /><ent r="3" t="50" w="909" /><ent r="3" t="50" w="939" /><ent r="3" t="50" w="980" /><ent r="3" t="50" w="1010" /><ent r="3" t="50" w="1085" /><ent r="3" t="50" w="1107" /></phr></stem><stem n="wh"><phr n="wh"><ent r="3" t="50" w="234" /><ent r="3" t="50" w="301" /><ent r="5" t="50" w="420" /><ent r="5" t="50" w="451" /><ent r="3" t="50" w="470" /><ent r="3" t="50" w="482" /><ent r="3" t="50" w="538" /><ent r="3" t="50" w="556" /><ent r="3" t="50" w="634" /><ent r="3" t="50" w="702" /><ent r="3" t="50" w="836" /><ent r="3" t="50" w="892" /><ent r="3" t="50" w="912" /><ent r="3" t="50" w="922" /><ent r="3" t="50" w="942" /><ent r="3" t="50" w="963" /><ent r="3" t="50" w="983" /><ent r="3" t="50" w="993" /><ent r="3" t="50" w="1013" /><ent r="3" t="50" w="1035" /><ent r="3" t="50" w="1055" /><ent r="3" t="50" w="1088" /><ent r="3" t="50" w="1110" /></phr></stem><stem n="coord"><phr n="coord"><ent r="3" t="50" w="247" /><ent r="3" t="50" w="831" /><ent r="3" t="50" w="897" /><ent r="3" t="50" w="907" /><ent r="3" t="50" w="917" /><ent r="3" t="50" w="927" /><ent r="3" t="50" w="937" /><ent r="3" t="50" w="947" /><ent r="3" t="50" w="968" /><ent r="3" t="50" w="978" /><ent r="3" t="50" w="988" /><ent r="3" t="50" w="998" /><ent r="3" t="50" w="1008" /><ent r="3" t="50" w="1018" /><ent r="3" t="50" w="1040" /><ent r="3" t="50" w="1050" /><ent r="3" t="50" w="1060" /><ent r="3" t="50" w="1070" /><ent r="3" t="50" w="1093" /><ent r="3" t="50" w="1115" /><ent r="3" t="61" w="532" /></phr></stem><stem n="coordspac"><phr n="coordspace"><ent r="3" t="50" w="248" /></phr></stem><stem n="50x50"><phr n="50x50"><ent r="3" t="50" w="285" /><ent r="3" t="50" w="516" /><ent r="3" t="50" w="953" /><ent r="3" t="50" w="1105" /></phr></stem><stem n="quarter"><phr n="quarter"><ent r="3" t="50" w="311" /><ent r="3" t="50" w="461" /><ent r="3" t="50" w="522" /><ent r="3" t="50" w="956" /></phr></stem><stem n="let"><phr n="let"><ent r="3" t="50" w="323" /><ent r="3" t="50" w="343" /><ent r="3" t="50" w="367" /></phr><phr n="lets"><ent r="3" t="50" w="679" /></phr><phr n="letting"><ent r="3" t="67" w="255" /></phr></stem><stem n="outsid"><phr n="outside"><ent r="3" t="50" w="340" /><ent r="3" t="50" w="669" /><ent r="3" t="64" w="75" /><ent r="3" t="64" w="104" /><ent r="3" t="64" w="131" /><ent r="4" t="69" w="19" /><ent r="4" t="69" w="986" /></phr></stem><stem n="occupi"><phr n="occupied"><ent r="3" t="50" w="351" /></phr></stem><stem n="think"><phr n="think"><ent r="4" t="50" w="384" /></phr></stem><stem n="equival"><phr n="equivalent"><ent r="3" t="50" w="466" /><ent r="3" t="50" w="528" /><ent r="3" t="50" w="879" /><ent r="4" t="69" w="1163" /></phr></stem><stem n="49"><phr n="49"><ent r="3" t="50" w="477" /><ent r="3" t="50" w="478" /><ent r="3" t="50" w="974" /><ent r="3" t="50" w="975" /></phr></stem><stem n="25"><phr n="25"><ent r="3" t="50" w="480" /><ent r="3" t="50" w="481" /><ent r="3" t="50" w="539" /><ent r="3" t="50" w="540" /><ent r="3" t="50" w="557" /><ent r="3" t="50" w="558" /><ent r="3" t="50" w="792" /><ent r="3" t="50" w="981" /><ent r="3" t="50" w="982" /><ent r="3" t="67" w="233" /></phr></stem><stem n="strong"><phr n="strongly"><ent r="3" t="50" w="486" /></phr></stem><stem n="encourag"><phr n="encouraged"><ent r="3" t="50" w="487" /></phr></stem><stem n="understand"><phr n="understanding"><ent r="3" t="50" w="493" /><ent r="3" t="54" w="32" /></phr></stem><stem n="materi"><phr n="material"><ent r="3" t="50" w="494" /><ent r="3" t="60" w="103" /></phr></stem><stem n="25x25"><phr n="25x25"><ent r="3" t="50" w="525" /><ent r="3" t="50" w="574" /><ent r="3" t="50" w="606" /></phr></stem><stem n="modulo"><phr n="modulo"><ent r="3" t="50" w="529" /></phr></stem><stem n="off"><phr n="off"><ent r="3" t="50" w="531" /></phr></stem><stem n="24"><phr n="24"><ent r="3" t="50" w="547" /><ent r="3" t="50" w="548" /><ent r="3" t="50" w="588" /><ent r="3" t="50" w="589" /></phr></stem><stem n="straight"><phr n="straight"><ent r="3" t="50" w="561" /></phr></stem><stem n="forward"><phr n="forward"><ent r="3" t="50" w="562" /></phr><phr n="forwarding"><ent r="4" t="54" w="479" /><ent r="3" t="55" w="29" /></phr></stem><stem n="say"><phr n="says"><ent r="3" t="50" w="564" /></phr><phr n="say"><ent r="3" t="61" w="384" /></phr></stem><stem n="second"><phr n="second"><ent r="3" t="50" w="575" /><ent r="4" t="58" w="130" /><ent r="3" t="60" w="284" /><ent r="3" t="60" w="721" /><ent r="4" t="69" w="446" /><ent r="4" t="69" w="870" /></phr><phr n="seconds"><ent r="3" t="61" w="377" /></phr></stem><stem n="realli"><phr n="really"><ent r="3" t="50" w="592" /><ent r="3" t="50" w="651" /></phr></stem><stem n="variat"><phr n="variation"><ent r="3" t="50" w="594" /></phr></stem></index>