<?xml version="1.0" encoding="utf-8"?><index><stem n="record"><phr n="record"><ent r="3" t="31" w="727" /><ent r="4" t="38" w="78" /><ent r="268435456" t="39" w="2" /><ent r="4096" t="39" w="4" /><ent r="1048578" t="39" w="6" /><ent r="4" t="39" w="105" /><ent r="4" t="39" w="133" /><ent r="3" t="39" w="171" /><ent r="4" t="40" w="17" /><ent r="4" t="40" w="19" /><ent r="4" t="40" w="21" /><ent r="4" t="40" w="23" /><ent r="3" t="40" w="30" /><ent r="3" t="45" w="34" /></phr><phr n="records"><ent r="3" t="31" w="815" /><ent r="3" t="38" w="49" /><ent r="3" t="40" w="24" /><ent r="3" t="45" w="24" /></phr><phr n="recording"><ent r="3" t="38" w="37" /><ent r="3" t="68" w="51" /></phr></stem><stem n="still"><phr n="still"><ent r="3" t="31" w="736" /><ent r="3" t="31" w="880" /><ent r="3" t="42" w="104" /></phr></stem><stem n="modifi"><phr n="modified"><ent r="3" t="31" w="742" /></phr><phr n="modify"><ent r="3" t="32" w="135" /></phr></stem><stem n="third"><phr n="third"><ent r="3" t="31" w="749" /><ent r="3" t="46" w="25" /><ent r="3" t="50" w="590" /><ent r="3" t="54" w="24" /></phr></stem><stem n="recent"><phr n="recently"><ent r="3" t="31" w="776" /><ent r="3" t="31" w="810" /></phr><phr n="recent"><ent r="3" t="31" w="1248" /></phr></stem><stem n="wide"><phr n="widely"><ent r="3" t="31" w="781" /><ent r="3" t="60" w="333" /><ent r="3" t="60" w="594" /><ent r="4" t="69" w="656" /></phr><phr n="wide"><ent r="3" t="67" w="68" /></phr></stem><stem n="2011"><phr n="2011"><ent r="3" t="31" w="786" /></phr></stem><stem n="usda"><phr n="usda"><ent r="3" t="31" w="787" /></phr></stem><stem n="state"><phr n="states"><ent r="3" t="31" w="795" /><ent r="3" t="68" w="68" /></phr><phr n="state"><ent r="3" t="33" w="12" /><ent r="4" t="57" w="535" /><ent r="3" t="66" w="8" /></phr></stem><stem n="fourth"><phr n="fourth"><ent r="3" t="31" w="804" /><ent r="3" t="63" w="194" /></phr></stem><stem n="infrar"><phr n="infrared"><ent r="3" t="31" w="805" /></phr></stem><stem n="ir"><phr n="ir"><ent r="3" t="31" w="806" /><ent r="3" t="31" w="824" /></phr></stem><stem n="digitalglob"><phr n="digitalglobe"><ent r="3" t="31" w="808" /></phr></stem><stem n="launch"><phr n="launched"><ent r="3" t="31" w="811" /></phr></stem><stem n="worldview"><phr n="worldview"><ent r="3" t="31" w="812" /></phr></stem><stem n="satellit"><phr n="satellite"><ent r="3" t="31" w="814" /><ent r="3" t="66" w="20" /></phr></stem><stem n="five"><phr n="five"><ent r="3" t="31" w="818" /><ent r="3" t="44" w="50" /></phr></stem><stem n="yellow"><phr n="yellow"><ent r="3" t="31" w="821" /><ent r="3" t="64" w="229" /></phr></stem><stem n="coastal"><phr n="coastal"><ent r="3" t="31" w="827" /></phr></stem><stem n="nasa"><phr n="nasa's"><ent r="3" t="31" w="829" /></phr></stem><stem n="modi"><phr n="modis"><ent r="3" t="31" w="830" /></phr></stem><stem n="now"><phr n="now"><ent r="3" t="31" w="831" /><ent r="3" t="31" w="838" /><ent r="3" t="56" w="9" /><ent r="3" t="60" w="249" /><ent r="3" t="60" w="540" /></phr></stem><stem n="36"><phr n="36"><ent r="3" t="31" w="833" /></phr></stem><stem n="remot"><phr n="remote"><ent r="3" t="31" w="835" /></phr></stem><stem n="narrow"><phr n="narrow"><ent r="3" t="31" w="845" /></phr></stem><stem n="chosen"><phr n="chosen"><ent r="3" t="31" w="849" /></phr></stem><stem n="classif"><phr n="classification"><ent r="3" t="31" w="853" /></phr></stem><stem n="discrimin"><phr n="discriminating"><ent r="3" t="31" w="856" /></phr></stem><stem n="veget"><phr n="vegetation"><ent r="3" t="31" w="859" /></phr></stem><stem n="shallow"><phr n="shallow"><ent r="3" t="31" w="861" /></phr></stem><stem n="water"><phr n="water"><ent r="3" t="31" w="862" /></phr></stem><stem n="bathymetri"><phr n="bathymetry"><ent r="3" t="31" w="863" /></phr></stem><stem n="man"><phr n="man"><ent r="3" t="31" w="864" /></phr></stem><stem n="richer"><phr n="richer"><ent r="3" t="31" w="868" /></phr></stem><stem n="cours"><phr n="course"><ent r="3" t="31" w="894" /></phr></stem><stem n="5kx5k"><phr n="5kx5k"><ent r="3" t="31" w="904" /></phr></stem><stem n="linear"><phr n="linearly"><ent r="3" t="31" w="918" /></phr></stem><stem n="minut"><phr n="minute"><ent r="3" t="31" w="925" /><ent r="3" t="31" w="1011" /><ent r="3" t="31" w="1021" /></phr><phr n="minutes"><ent r="3" t="31" w="933" /><ent r="3" t="61" w="376" /></phr></stem><stem n="vari"><phr n="varying"><ent r="3" t="31" w="945" /></phr><phr n="vary"><ent r="3" t="57" w="93" /></phr><phr n="varied"><ent r="3" t="67" w="56" /></phr><phr n="varies"><ent r="4" t="69" w="1278" /></phr></stem><stem n="familiar"><phr n="familiar"><ent r="3" t="31" w="961" /><ent r="3" t="50" w="753" /><ent r="3" t="69" w="11" /></phr><phr n="familiarity"><ent r="3" t="37" w="19" /></phr></stem><stem n="sentinel"><phr n="sentinel"><ent r="3" t="31" w="1045" /><ent r="3" t="31" w="1104" /><ent r="4" t="54" w="516" /></phr></stem><stem n="black"><phr n="black"><ent r="3" t="31" w="1049" /><ent r="3" t="31" w="1071" /><ent r="3" t="31" w="1099" /><ent r="3" t="50" w="657" /><ent r="3" t="64" w="107" /><ent r="4" t="64" w="293" /><ent r="3" t="64" w="314" /><ent r="3" t="64" w="327" /><ent r="3" t="64" w="341" /><ent r="4" t="69" w="699" /></phr></stem><stem n="past"><phr n="past"><ent r="3" t="31" w="1068" /><ent r="4" t="57" w="395" /></phr></stem><stem n="notic"><phr n="noticed"><ent r="3" t="31" w="1069" /></phr><phr n="noticeable"><ent r="3" t="31" w="1206" /></phr><phr n="notice"><ent r="3" t="60" w="112" /><ent r="3" t="68" w="20" /></phr></stem><stem n="slight"><phr n="slightly"><ent r="3" t="31" w="1079" /><ent r="3" t="31" w="1162" /></phr></stem><stem n="subject"><phr n="subjected"><ent r="3" t="31" w="1081" /><ent r="3" t="31" w="1183" /></phr><phr n="subject"><ent r="3" t="68" w="17" /></phr></stem><stem n="indistinguish"><phr n="indistinguishable"><ent r="3" t="31" w="1098" /><ent r="4" t="69" w="753" /><ent r="4" t="69" w="1263" /></phr></stem><stem n="context"><phr n="context"><ent r="3" t="31" w="1101" /><ent r="3" t="43" w="43" /><ent r="4" t="54" w="677" /><ent r="6" t="62" w="235" /></phr></stem><stem n="longer"><phr n="longer"><ent r="3" t="31" w="1102" /><ent r="3" t="31" w="1153" /><ent r="4" t="54" w="66" /></phr></stem><stem n="worst"><phr n="worst"><ent r="3" t="31" w="1107" /></phr></stem><stem n="caus"><phr n="caused"><ent r="3" t="31" w="1110" /></phr><phr n="cause"><ent r="4" t="54" w="718" /></phr></stem><stem n="speckl"><phr n="speckling"><ent r="3" t="31" w="1111" /><ent r="3" t="64" w="334" /></phr></stem><stem n="affect"><phr n="affects"><ent r="3" t="31" w="1154" /></phr><phr n="affect"><ent r="3" t="48" w="45" /><ent r="3" t="48" w="55" /></phr><phr n="affected"><ent r="4" t="69" w="759" /></phr></stem><stem n="putat"><phr n="putative"><ent r="3" t="31" w="1157" /></phr></stem><stem n="honor"><phr n="honored"><ent r="3" t="31" w="1170" /><ent r="3" t="32" w="55" /><ent r="3" t="64" w="271" /></phr></stem><stem n="treat"><phr n="treated"><ent r="3" t="31" w="1174" /></phr><phr n="treat"><ent r="3" t="64" w="326" /></phr></stem><stem n="never"><phr n="never"><ent r="3" t="31" w="1182" /><ent r="4" t="57" w="367" /><ent r="3" t="61" w="567" /><ent r="3" t="63" w="213" /></phr></stem><stem n="sequenc"><phr n="sequences"><ent r="3" t="31" w="1192" /></phr></stem><stem n="zero"><phr n="zeros"><ent r="3" t="31" w="1198" /></phr><phr n="zero"><ent r="3" t="48" w="95" /><ent r="3" t="53" w="161" /><ent r="3" t="57" w="90" /><ent r="3" t="58" w="217" /><ent r="3" t="60" w="734" /><ent r="3" t="60" w="753" /><ent r="3" t="61" w="262" /><ent r="3" t="63" w="126" /><ent r="3" t="64" w="110" /><ent r="4" t="69" w="1099" /></phr></stem><stem n="extrem"><phr n="extremely"><ent r="3" t="31" w="1201" /><ent r="3" t="33" w="131" /></phr></stem><stem n="overhead"><phr n="overhead"><ent r="3" t="31" w="1204" /><ent r="3" t="32" w="115" /><ent r="4" t="69" w="1300" /></phr></stem><stem n="dozen"><phr n="dozens"><ent r="3" t="31" w="1238" /></phr></stem><stem n="flight"><phr n="flight"><ent r="3" t="31" w="1249" /></phr></stem><stem n="accuraci"><phr n="accuracy"><ent r="3" t="31" w="1252" /></phr></stem><stem n="automat"><phr n="automatically"><ent r="3" t="31" w="1289" /><ent r="3" t="68" w="107" /></phr><phr n="automatic"><ent r="3" t="50" w="131" /></phr></stem><stem n="account"><phr n="account"><ent r="3" t="31" w="1291" /></phr><phr n="accounted"><ent r="3" t="62" w="89" /></phr></stem><stem n="wherea"><phr n="whereas"><ent r="4" t="31" w="1307" /><ent r="4" t="69" w="981" /></phr></stem><stem n="restrict"><phr n="restrict"><ent r="4" t="31" w="1310" /></phr><phr n="restrictions"><ent r="3" t="36" w="51" /><ent r="3" t="60" w="166" /><ent r="3" t="60" w="215" /></phr></stem><stem n="special"><phr n="special"><ent r="4" t="31" w="1318" /><ent r="3" t="60" w="118" /></phr></stem><stem n="span"><phr n="span"><ent r="4" t="31" w="1331" /></phr></stem><stem n="compos"><phr n="composed"><ent r="4" t="31" w="1337" /></phr></stem><stem n="queri"><phr n="querying"><ent r="3" t="32" w="38" /><ent r="3" t="62" w="98" /></phr><phr n="query"><ent r="3" t="34" w="28" /><ent r="4" t="40" w="16" /><ent r="3" t="43" w="92" /><ent r="3" t="63" w="34" /></phr></stem><stem n="whether"><phr n="whether"><ent r="3" t="32" w="52" /><ent r="5" t="54" w="145" /><ent r="3" t="60" w="131" /><ent r="3" t="61" w="115" /></phr></stem><stem n="slower"><phr n="slower"><ent r="3" t="32" w="87" /></phr></stem><stem n="simultan"><phr n="simultaneously"><ent r="3" t="32" w="90" /></phr></stem><stem n="mode"><phr n="mode"><ent r="3" t="32" w="110" /><ent r="3" t="57" w="555" /></phr><phr n="modes"><ent r="4" t="36" w="71" /><ent r="3" t="57" w="542" /><ent r="3" t="57" w="544" /></phr></stem><stem n="art"><phr n="art"><ent r="3" t="33" w="13" /><ent r="3" t="66" w="9" /></phr></stem><stem n="popular"><phr n="popular"><ent r="3" t="33" w="15" /></phr></stem><stem n="discret"><phr n="discrete"><ent r="3" t="33" w="22" /></phr><phr n="discretion"><ent r="4" t="61" w="700" /><ent r="4" t="61" w="763" /></phr></stem><stem n="cosin"><phr n="cosine"><ent r="3" t="33" w="23" /></phr></stem><stem n="dct"><phr n="dct"><ent r="3" t="33" w="25" /></phr></stem><stem n="huffman"><phr n="huffman"><ent r="3" t="33" w="26" /></phr></stem><stem n="arithmet"><phr n="arithmetic"><ent r="3" t="33" w="52" /></phr></stem><stem n="quit"><phr n="quite"><ent r="3" t="33" w="70" /></phr></stem><stem n="interchang"><phr n="interchangeable"><ent r="3" t="33" w="77" /></phr><phr n="interchange"><ent r="3" t="59" w="68" /></phr></stem><stem n="valuabl"><phr n="valuable"><ent r="3" t="33" w="102" /></phr></stem><stem n="geographi"><phr n="geography"><ent r="3" t="33" w="110" /><ent r="5" t="69" w="630" /></phr></stem><stem n="markup"><phr n="markup"><ent r="3" t="33" w="111" /><ent r="5" t="69" w="631" /></phr></stem><stem n="gml"><phr n="gml"><ent r="3" t="33" w="113" /><ent r="3" t="33" w="122" /><ent r="3" t="33" w="128" /><ent r="3" t="49" w="102" /><ent r="3" t="49" w="106" /><ent r="3" t="69" w="628" /><ent r="4" t="69" w="641" /></phr></stem><stem n="choic"><phr n="choice"><ent r="3" t="33" w="142" /><ent r="3" t="67" w="175" /></phr></stem><stem n="great"><phr n="greatly"><ent r="3" t="33" w="148" /></phr></stem><stem n="anticip"><phr n="anticipated"><ent r="3" t="33" w="151" /></phr></stem><stem n="j2kimageread"><phr n="j2kimagereader"><ent r="4096" t="34" w="13" /><ent r="4" t="34" w="17" /><ent r="4" t="34" w="51" /></phr></stem><stem n="find"><phr n="find"><ent r="3" t="34" w="30" /></phr></stem><stem n="old"><phr n="old"><ent r="3" t="34" w="56" /></phr></stem><stem n="complianc"><phr n="compliance"><ent r="4096" t="35" w="5" /><ent r="3" t="35" w="99" /></phr></stem><stem n="transmiss"><phr n="transmission"><ent r="3" t="35" w="10" /></phr></stem><stem n="depart"><phr n="department"><ent r="3" t="35" w="15" /><ent r="3" t="35" w="29" /></phr><phr n="departments"><ent r="3" t="35" w="33" /></phr></stem><stem n="defens"><phr n="defense"><ent r="3" t="35" w="16" /><ent r="3" t="35" w="30" /></phr></stem><stem n="exchang"><phr n="exchanging"><ent r="3" t="35" w="24" /></phr></stem><stem n="dod"><phr n="dod"><ent r="3" t="35" w="31" /></phr></stem><stem n="agenc"><phr n="agencies"><ent r="3" t="35" w="34" /><ent r="3" t="35" w="39" /></phr></stem><stem n="segment"><phr n="segments"><ent r="4" t="35" w="76" /><ent r="4" t="35" w="86" /><ent r="3" t="35" w="167" /><ent r="4" t="36" w="62" /><ent r="4" t="36" w="108" /><ent r="3" t="48" w="91" /><ent r="3" t="48" w="99" /><ent r="3" t="61" w="63" /><ent r="3" t="61" w="181" /><ent r="3" t="61" w="487" /><ent r="3" t="61" w="650" /><ent r="3" t="61" w="706" /><ent r="3" t="61" w="713" /><ent r="3" t="61" w="793" /><ent r="3" t="61" w="797" /></phr><phr n="segment"><ent r="3" t="35" w="93" /><ent r="3" t="36" w="30" /><ent r="4" t="36" w="122" /><ent r="3" t="37" w="52" /><ent r="3" t="37" w="60" /><ent r="3" t="37" w="256" /><ent r="3" t="37" w="261" /><ent r="4" t="37" w="266" /><ent r="3" t="37" w="318" /><ent r="4" t="37" w="338" /><ent r="3" t="48" w="84" /><ent r="3" t="61" w="84" /><ent r="3" t="61" w="168" /><ent r="3" t="61" w="194" /><ent r="3" t="61" w="203" /><ent r="3" t="61" w="215" /><ent r="3" t="61" w="226" /><ent r="3" t="61" w="232" /><ent r="3" t="61" w="236" /><ent r="3" t="61" w="244" /><ent r="3" t="61" w="253" /><ent r="3" t="61" w="259" /><ent r="3" t="61" w="366" /><ent r="3" t="61" w="431" /><ent r="4" t="61" w="448" /><ent r="3" t="61" w="470" /><ent r="3" t="61" w="519" /><ent r="3" t="61" w="552" /><ent r="3" t="61" w="561" /><ent r="3" t="61" w="572" /><ent r="4" t="61" w="618" /><ent r="3" t="61" w="637" /><ent r="3" t="61" w="640" /><ent r="3" t="61" w="647" /><ent r="3" t="61" w="661" /><ent r="3" t="61" w="702" /><ent r="6" t="61" w="719" /><ent r="6" t="61" w="722" /><ent r="6" t="61" w="737" /><ent r="4" t="61" w="743" /><ent r="3" t="61" w="777" /><ent r="3" t="61" w="787" /><ent r="3" t="61" w="812" /></phr></stem><stem n="tre"><phr n="tre"><ent r="4" t="35" w="88" /><ent r="4" t="35" w="133" /><ent r="3" t="35" w="168" /><ent r="4" t="36" w="131" /><ent r="3" t="37" w="62" /><ent r="3" t="61" w="28" /><ent r="3" t="61" w="357" /><ent r="3" t="61" w="392" /><ent r="3" t="61" w="451" /><ent r="3" t="61" w="468" /><ent r="3" t="61" w="482" /><ent r="6" t="61" w="694" /><ent r="6" t="61" w="757" /></phr></stem><stem n="label"><phr n="label"><ent r="3" t="35" w="91" /><ent r="4" t="36" w="102" /></phr></stem><stem n="symbol"><phr n="symbol"><ent r="3" t="35" w="92" /><ent r="4" t="36" w="105" /></phr></stem><stem n="mil"><phr n="mil"><ent r="4" t="35" w="112" /><ent r="3" t="61" w="159" /><ent r="3" t="61" w="349" /></phr></stem><stem n="std"><phr n="std"><ent r="4" t="35" w="113" /><ent r="3" t="61" w="160" /><ent r="3" t="61" w="350" /></phr></stem><stem n="2500c"><phr n="2500c"><ent r="4" t="35" w="114" /><ent r="3" t="61" w="161" /><ent r="3" t="61" w="351" /></phr></stem><stem n="draft"><phr n="draft"><ent r="4" t="35" w="115" /><ent r="4" t="35" w="128" /><ent r="3" t="60" w="28" /><ent r="3" t="60" w="35" /><ent r="3" t="60" w="48" /><ent r="3" t="60" w="71" /></phr></stem><stem n="april"><phr n="april"><ent r="4" t="35" w="116" /><ent r="3" t="60" w="46" /></phr></stem><stem n="2004"><phr n="2004"><ent r="4" t="35" w="117" /><ent r="4" t="35" w="130" /><ent r="3" t="60" w="47" /><ent r="3" t="60" w="92" /><ent r="3" t="60" w="223" /></phr></stem><stem n="biif"><phr n="biif"><ent r="4" t="35" w="124" /></phr></stem><stem n="profil"><phr n="profile"><ent r="4" t="35" w="125" /><ent r="3" t="49" w="120" /></phr><phr n="profiling"><ent r="4" t="54" w="740" /></phr></stem><stem n="bpj2k01"><phr n="bpj2k01"><ent r="4" t="35" w="126" /></phr></stem><stem n="00"><phr n="00"><ent r="4" t="35" w="127" /><ent r="3" t="50" w="790" /><ent r="8" t="69" w="107" /><ent r="8" t="69" w="113" /><ent r="8" t="69" w="119" /><ent r="8" t="69" w="178" /><ent r="8" t="69" w="180" /><ent r="8" t="69" w="182" /><ent r="8" t="69" w="248" /><ent r="8" t="69" w="260" /><ent r="8" t="69" w="272" /></phr></stem><stem n="januari"><phr n="january"><ent r="4" t="35" w="129" /></phr></stem><stem n="j2klra"><phr n="j2klra"><ent r="4" t="35" w="132" /><ent r="5" t="36" w="155" /><ent r="5" t="37" w="368" /></phr></stem><stem n="v1"><phr n="v1"><ent r="3" t="35" w="135" /></phr></stem><stem n="yet"><phr n="yet"><ent r="3" t="35" w="141" /><ent r="3" t="61" w="782" /></phr></stem><stem n="ratifi"><phr n="ratified"><ent r="3" t="35" w="142" /></phr></stem><stem n="futur"><phr n="future"><ent r="3" t="35" w="143" /><ent r="3" t="35" w="156" /><ent r="4" t="54" w="308" /><ent r="3" t="60" w="605" /></phr></stem><stem n="track"><phr n="track"><ent r="3" t="35" w="147" /></phr></stem><stem n="evolut"><phr n="evolution"><ent r="3" t="35" w="148" /></phr></stem><stem n="ensur"><phr n="ensure"><ent r="3" t="35" w="150" /><ent r="3" t="50" w="491" /></phr></stem><stem n="simpler"><phr n="simpler"><ent r="3" t="35" w="160" /></phr></stem><stem n="learn"><phr n="learn"><ent r="3" t="35" w="173" /></phr><phr n="learning"><ent r="3" t="42" w="21" /></phr><phr n="learned"><ent r="3" t="63" w="59" /></phr></stem><stem n="nitfimagemanag"><phr n="nitfimagemanager"><ent r="4" t="36" w="11" /><ent r="4" t="36" w="21" /></phr></stem><stem n="nitfimageread"><phr n="nitfimagereader"><ent r="4" t="36" w="12" /><ent r="4" t="36" w="26" /><ent r="4" t="36" w="34" /></phr></stem><stem n="createread"><phr n="createreader"><ent r="4" t="36" w="32" /></phr></stem><stem n="behav"><phr n="behaves"><ent r="3" t="36" w="36" /><ent r="3" t="53" w="225" /></phr></stem><stem n="uncompress"><phr n="uncompressed"><ent r="4" t="36" w="56" /></phr></stem><stem n="quantiz"><phr n="quantization"><ent r="4" t="36" w="68" /><ent r="6" t="62" w="330" /><ent r="6" t="62" w="350" /><ent r="4" t="62" w="545" /><ent r="4" t="62" w="548" /><ent r="4" t="62" w="557" /></phr><phr n="quantized"><ent r="4" t="62" w="542" /></phr></stem><stem n="n"><phr n="n"><ent r="5" t="36" w="92" /><ent r="5" t="39" w="113" /><ent r="4" t="39" w="116" /><ent r="5" t="53" w="35" /><ent r="3" t="53" w="87" /><ent r="3" t="53" w="104" /><ent r="4" t="53" w="107" /><ent r="3" t="53" w="172" /><ent r="3" t="53" w="204" /><ent r="3" t="53" w="215" /><ent r="4" t="57" w="57" /><ent r="4" t="57" w="60" /><ent r="4" t="57" w="74" /><ent r="4" t="57" w="81" /><ent r="3" t="60" w="974" /><ent r="3" t="60" w="1013" /><ent r="3" t="60" w="1052" /><ent r="6" t="62" w="585" /><ent r="6" t="62" w="597" /><ent r="6" t="62" w="611" /><ent r="6" t="62" w="622" /><ent r="6" t="62" w="633" /><ent r="6" t="62" w="647" /><ent r="6" t="62" w="655" /><ent r="6" t="62" w="663" /><ent r="6" t="62" w="672" /><ent r="6" t="62" w="681" /></phr></stem><stem n="lut"><phr n="luts"><ent r="4" t="36" w="97" /></phr></stem><stem n="clevel"><phr n="clevel"><ent r="5" t="36" w="99" /></phr></stem><stem n="graphic"><phr n="graphic"><ent r="4" t="36" w="104" /></phr><phr n="graphics"><ent r="3" t="63" w="79" /></phr></stem><stem n="des"><phr n="des"><ent r="4" t="36" w="106" /></phr></stem><stem n="res"><phr n="res"><ent r="4" t="36" w="107" /><ent r="3" t="50" w="524" /><ent r="3" t="50" w="876" /><ent r="3" t="50" w="883" /><ent r="3" t="50" w="888" /><ent r="3" t="50" w="952" /><ent r="3" t="50" w="959" /><ent r="3" t="50" w="1023" /><ent r="3" t="50" w="1027" /><ent r="3" t="50" w="1075" /><ent r="3" t="50" w="1080" /><ent r="3" t="50" w="1098" /><ent r="3" t="50" w="1103" /></phr></stem><stem n="recogn"><phr n="recognized"><ent r="4" t="36" w="109" /><ent r="4" t="36" w="146" /></phr><phr n="recognizes"><ent r="4" t="37" w="362" /></phr><phr n="recognizing"><ent r="3" t="42" w="27" /></phr></stem><stem n="pars"><phr n="parsed"><ent r="4" t="36" w="110" /></phr></stem><stem n="field"><phr n="fields"><ent r="4" t="36" w="123" /><ent r="4" t="36" w="148" /><ent r="3" t="37" w="28" /><ent r="3" t="37" w="63" /><ent r="3" t="37" w="71" /><ent r="3" t="37" w="79" /><ent r="3" t="37" w="84" /><ent r="4" t="37" w="89" /><ent r="3" t="37" w="166" /><ent r="3" t="37" w="171" /><ent r="4" t="37" w="180" /><ent r="3" t="37" w="257" /><ent r="3" t="37" w="262" /><ent r="4" t="37" w="267" /><ent r="3" t="37" w="319" /><ent r="4" t="37" w="336" /><ent r="5" t="37" w="381" /><ent r="3" t="61" w="90" /><ent r="3" t="61" w="362" /><ent r="3" t="61" w="365" /><ent r="3" t="61" w="397" /><ent r="3" t="61" w="504" /></phr><phr n="field"><ent r="4" t="37" w="45" /><ent r="7" t="37" w="91" /><ent r="7" t="37" w="182" /><ent r="7" t="37" w="269" /><ent r="3" t="61" w="88" /><ent r="3" t="61" w="113" /><ent r="3" t="61" w="278" /><ent r="4" t="61" w="597" /></phr></stem><stem n="pair"><phr n="pair"><ent r="4" t="36" w="139" /><ent r="3" t="38" w="35" /><ent r="3" t="38" w="53" /><ent r="3" t="39" w="10" /></phr><phr n="pairs"><ent r="4" t="36" w="152" /><ent r="3" t="37" w="33" /><ent r="3" t="61" w="123" /></phr></stem><stem n="tres"><phr n="tres"><ent r="4" t="36" w="145" /><ent r="4" t="37" w="344" /><ent r="4" t="37" w="364" /><ent r="5" t="37" w="374" /><ent r="3" t="61" w="18" /></phr></stem><stem n="constitu"><phr n="constituent"><ent r="4" t="36" w="147" /><ent r="5" t="37" w="380" /></phr></stem><stem n="use00a"><phr n="use00a"><ent r="5" t="36" w="156" /><ent r="4" t="37" w="349" /><ent r="5" t="37" w="369" /></phr></stem><stem n="stdidc"><phr n="stdidc"><ent r="5" t="36" w="157" /><ent r="5" t="37" w="370" /></phr></stem><stem n="piaimc"><phr n="piaimc"><ent r="5" t="36" w="158" /><ent r="5" t="37" w="371" /><ent r="5" t="37" w="383" /></phr></stem><stem n="rpc00a"><phr n="rpc00a"><ent r="5" t="36" w="159" /><ent r="5" t="37" w="372" /></phr></stem><stem n="b"><phr n="b"><ent r="5" t="36" w="160" /><ent r="5" t="37" w="373" /><ent r="3" t="50" w="183" /><ent r="6" t="62" w="288" /><ent r="3" t="64" w="208" /><ent r="3" t="64" w="213" /><ent r="3" t="64" w="234" /><ent r="3" t="64" w="243" /><ent r="268435456" t="65" w="2" /><ent r="16777218" t="65" w="7" /><ent r="7" t="69" w="118" /><ent r="7" t="69" w="120" /><ent r="7" t="69" w="122" /><ent r="7" t="69" w="136" /><ent r="7" t="69" w="138" /><ent r="7" t="69" w="140" /><ent r="7" t="69" w="181" /><ent r="7" t="69" w="187" /><ent r="7" t="69" w="193" /><ent r="7" t="69" w="199" /><ent r="7" t="69" w="205" /><ent r="7" t="69" w="211" /><ent r="7" t="69" w="271" /><ent r="7" t="69" w="273" /><ent r="7" t="69" w="275" /><ent r="7" t="69" w="277" /><ent r="7" t="69" w="279" /><ent r="7" t="69" w="281" /></phr></stem><stem n="xxnnn"><phr n="xxnnn"><ent r="4" t="37" w="44" /></phr></stem><stem n="xx"><phr n="xx"><ent r="4" t="37" w="46" /><ent r="4" t="58" w="184" /><ent r="4" t="58" w="187" /><ent r="4" t="58" w="190" /></phr></stem><stem n="im"><phr n="im"><ent r="4" t="37" w="53" /></phr></stem><stem n="fh"><phr n="fh"><ent r="4" t="37" w="55" /></phr></stem><stem n="nnn"><phr n="nnn"><ent r="4" t="37" w="58" /></phr></stem><stem n="tre_"><phr n="tre_"><ent r="4" t="37" w="66" /></phr></stem><stem n="fhdr"><phr n="fhdr"><ent r="6" t="37" w="94" /><ent r="6" t="37" w="97" /></phr></stem><stem n="fh000"><phr n="fh000"><ent r="6" t="37" w="96" /><ent r="6" t="37" w="100" /><ent r="6" t="37" w="104" /><ent r="6" t="37" w="108" /><ent r="6" t="37" w="112" /><ent r="6" t="37" w="116" /><ent r="6" t="37" w="120" /><ent r="6" t="37" w="124" /><ent r="6" t="37" w="128" /><ent r="6" t="37" w="132" /><ent r="6" t="37" w="136" /><ent r="6" t="37" w="140" /><ent r="6" t="37" w="144" /><ent r="6" t="37" w="148" /><ent r="6" t="37" w="187" /><ent r="6" t="37" w="191" /><ent r="6" t="37" w="195" /><ent r="6" t="37" w="199" /><ent r="6" t="37" w="203" /><ent r="6" t="37" w="207" /><ent r="6" t="37" w="211" /><ent r="6" t="37" w="215" /><ent r="6" t="37" w="219" /><ent r="6" t="37" w="223" /><ent r="6" t="37" w="227" /><ent r="6" t="37" w="231" /><ent r="6" t="37" w="235" /><ent r="6" t="37" w="239" /><ent r="6" t="37" w="243" /><ent r="6" t="37" w="247" /></phr></stem><stem n="fver"><phr n="fver"><ent r="6" t="37" w="98" /><ent r="6" t="37" w="101" /></phr></stem><stem n="stype"><phr n="stype"><ent r="6" t="37" w="102" /><ent r="6" t="37" w="105" /></phr></stem><stem n="ostaid"><phr n="ostaid"><ent r="6" t="37" w="106" /><ent r="6" t="37" w="109" /><ent r="4" t="37" w="156" /></phr></stem><stem n="fdt"><phr n="fdt"><ent r="6" t="37" w="110" /><ent r="6" t="37" w="113" /><ent r="4" t="37" w="157" /></phr></stem><stem n="ftitl"><phr n="ftitle"><ent r="6" t="37" w="114" /><ent r="6" t="37" w="117" /><ent r="4" t="37" w="158" /></phr></stem><stem n="onam"><phr n="oname"><ent r="6" t="37" w="118" /><ent r="6" t="37" w="121" /><ent r="4" t="37" w="159" /></phr></stem><stem n="ophon"><phr n="ophone"><ent r="6" t="37" w="122" /><ent r="6" t="37" w="125" /><ent r="4" t="37" w="160" /></phr></stem><stem n="numi"><phr n="numi"><ent r="6" t="37" w="126" /><ent r="6" t="37" w="129" /></phr></stem><stem n="num"><phr n="nums"><ent r="6" t="37" w="130" /><ent r="6" t="37" w="133" /></phr></stem><stem n="numl"><phr n="numl"><ent r="6" t="37" w="134" /><ent r="6" t="37" w="137" /></phr></stem><stem n="numt"><phr n="numt"><ent r="6" t="37" w="138" /><ent r="6" t="37" w="141" /></phr></stem><stem n="numd"><phr n="numdes"><ent r="6" t="37" w="142" /><ent r="6" t="37" w="145" /></phr></stem><stem n="numr"><phr n="numres"><ent r="6" t="37" w="146" /><ent r="6" t="37" w="149" /></phr></stem><stem n="secur"><phr n="security"><ent r="3" t="37" w="164" /><ent r="3" t="37" w="169" /><ent r="4" t="37" w="178" /><ent r="4" t="37" w="335" /></phr></stem><stem n="unless"><phr n="unless"><ent r="3" t="37" w="174" /><ent r="3" t="50" w="733" /><ent r="4" t="54" w="378" /><ent r="4" t="54" w="544" /><ent r="4" t="54" w="580" /><ent r="4" t="54" w="590" /><ent r="4" t="57" w="520" /><ent r="3" t="59" w="584" /></phr></stem><stem n="blank"><phr n="blanks"><ent r="3" t="37" w="175" /></phr><phr n="blank"><ent r="3" t="59" w="142" /></phr></stem><stem n="sclas"><phr n="sclas"><ent r="6" t="37" w="185" /><ent r="6" t="37" w="188" /></phr></stem><stem n="sclsi"><phr n="sclsy"><ent r="6" t="37" w="189" /><ent r="6" t="37" w="192" /></phr></stem><stem n="scode"><phr n="scode"><ent r="6" t="37" w="193" /><ent r="6" t="37" w="196" /></phr></stem><stem n="sctlh"><phr n="sctlh"><ent r="6" t="37" w="197" /><ent r="6" t="37" w="200" /></phr></stem><stem n="srel"><phr n="srel"><ent r="6" t="37" w="201" /><ent r="6" t="37" w="204" /></phr></stem><stem n="sdctp"><phr n="sdctp"><ent r="6" t="37" w="205" /><ent r="6" t="37" w="208" /></phr></stem><stem n="sdcdt"><phr n="sdcdt"><ent r="6" t="37" w="209" /><ent r="6" t="37" w="212" /></phr></stem><stem n="sdcxm"><phr n="sdcxm"><ent r="6" t="37" w="213" /><ent r="6" t="37" w="216" /></phr></stem><stem n="sdg"><phr n="sdg"><ent r="6" t="37" w="217" /><ent r="6" t="37" w="220" /></phr></stem><stem n="sdgdt"><phr n="sdgdt"><ent r="6" t="37" w="221" /><ent r="6" t="37" w="224" /></phr></stem><stem n="scltx"><phr n="scltx"><ent r="6" t="37" w="225" /><ent r="6" t="37" w="228" /></phr></stem><stem n="scatp"><phr n="scatp"><ent r="6" t="37" w="229" /><ent r="6" t="37" w="232" /></phr></stem><stem n="scaut"><phr n="scaut"><ent r="6" t="37" w="233" /><ent r="6" t="37" w="236" /></phr></stem><stem n="scrsn"><phr n="scrsn"><ent r="6" t="37" w="237" /><ent r="6" t="37" w="240" /></phr></stem><stem n="ssrdt"><phr n="ssrdt"><ent r="6" t="37" w="241" /><ent r="6" t="37" w="244" /></phr></stem></index>