<?xml version="1.0" encoding="utf-8"?><index><stem n="possibl"><phr n="possible"><ent r="4" t="8" w="224" /><ent r="4" t="31" w="212" /><ent r="3" t="50" w="375" /><ent r="3" t="53" w="48" /><ent r="4" t="54" w="182" /><ent r="4" t="54" w="503" /><ent r="4" t="54" w="521" /><ent r="3" t="57" w="561" /><ent r="3" t="61" w="494" /><ent r="3" t="68" w="94" /><ent r="4" t="69" w="1235" /></phr><phr n="possibly"><ent r="3" t="59" w="152" /><ent r="3" t="60" w="408" /></phr><phr n="possibility"><ent r="3" t="60" w="133" /></phr></stem><stem n="relev"><phr n="relevant"><ent r="4" t="8" w="225" /></phr></stem><stem n="reproduc"><phr n="reproduce"><ent r="4" t="8" w="230" /></phr><phr n="reproduced"><ent r="3" t="68" w="38" /></phr></stem><stem n="section"><phr n="section"><ent r="3" t="9" w="7" /><ent r="3" t="12" w="6" /><ent r="3" t="31" w="13" /><ent r="3" t="60" w="282" /><ent r="3" t="60" w="302" /><ent r="3" t="60" w="716" /><ent r="3" t="60" w="881" /><ent r="3" t="61" w="404" /><ent r="3" t="61" w="498" /></phr><phr n="sections"><ent r="3" t="9" w="27" /><ent r="3" t="10" w="414" /><ent r="3" t="60" w="75" /></phr></stem><stem n="principl"><phr n="principles"><ent r="3" t="9" w="10" /><ent r="3" t="14" w="15" /><ent r="3" t="14" w="23" /></phr></stem><stem n="convent"><phr n="conventions"><ent r="3" t="9" w="22" /><ent r="3" t="14" w="16" /><ent r="4" t="14" w="26" /><ent r="4" t="52" w="42" /><ent r="268435456" t="54" w="2" /><ent r="4096" t="54" w="4" /><ent r="4096" t="54" w="8" /><ent r="1048578" t="54" w="10" /><ent r="3" t="54" w="18" /><ent r="3" t="54" w="28" /><ent r="3" t="54" w="40" /><ent r="3" t="54" w="61" /><ent r="3" t="54" w="213" /><ent r="3" t="54" w="713" /><ent r="3" t="61" w="421" /><ent r="3" t="63" w="92" /></phr><phr n="conventional"><ent r="3" t="22" w="59" /><ent r="3" t="60" w="564" /></phr><phr n="convention"><ent r="3" t="58" w="33" /><ent r="3" t="58" w="153" /><ent r="3" t="63" w="116" /></phr></stem><stem n="main"><phr n="main"><ent r="3" t="9" w="24" /><ent r="3" t="49" w="59" /><ent r="3" t="50" w="66" /><ent r="3" t="61" w="538" /></phr></stem><stem n="subsequ"><phr n="subsequent"><ent r="3" t="9" w="26" /><ent r="3" t="10" w="413" /><ent r="3" t="15" w="26" /><ent r="3" t="20" w="67" /><ent r="3" t="23" w="80" /><ent r="3" t="31" w="1143" /><ent r="4" t="57" w="171" /></phr></stem><stem n="consider"><phr n="considerations"><ent r="4" t="9" w="47" /><ent r="268435456" t="14" w="2" /><ent r="1048578" t="14" w="4" /><ent r="3" t="30" w="355" /></phr><phr n="considerably"><ent r="3" t="25" w="161" /><ent r="3" t="50" w="644" /></phr><phr n="consideration"><ent r="3" t="61" w="434" /></phr></stem><stem n="process"><phr n="processing"><ent r="3" t="10" w="8" /><ent r="3" t="31" w="330" /><ent r="3" t="31" w="463" /><ent r="3" t="50" w="76" /></phr><phr n="process"><ent r="3" t="11" w="26" /><ent r="3" t="11" w="35" /><ent r="3" t="17" w="48" /><ent r="4" t="31" w="228" /><ent r="3" t="31" w="305" /><ent r="3" t="31" w="336" /><ent r="3" t="31" w="362" /><ent r="3" t="31" w="370" /><ent r="3" t="31" w="441" /><ent r="3" t="31" w="1155" /><ent r="3" t="31" w="1264" /><ent r="3" t="57" w="99" /><ent r="3" t="64" w="262" /><ent r="4" t="69" w="1021" /></phr><phr n="processed"><ent r="3" t="11" w="102" /><ent r="3" t="31" w="457" /><ent r="3" t="31" w="503" /><ent r="4" t="69" w="1224" /></phr><phr n="processes"><ent r="3" t="61" w="816" /></phr></stem><stem n="stage"><phr n="stage"><ent r="3" t="10" w="12" /><ent r="3" t="10" w="25" /><ent r="4" t="10" w="77" /><ent r="4" t="10" w="83" /><ent r="4" t="10" w="97" /><ent r="4" t="10" w="105" /><ent r="4" t="10" w="147" /><ent r="4" t="10" w="152" /><ent r="3" t="10" w="235" /><ent r="3" t="10" w="271" /><ent r="3" t="11" w="103" /><ent r="3" t="12" w="10" /><ent r="3" t="14" w="188" /><ent r="4" t="27" w="195" /><ent r="4" t="27" w="277" /><ent r="4" t="27" w="284" /><ent r="3" t="40" w="8" /><ent r="3" t="40" w="33" /><ent r="3" t="40" w="64" /><ent r="3" t="55" w="53" /><ent r="3" t="61" w="657" /></phr><phr n="stages"><ent r="4096" t="10" w="41" /><ent r="4096" t="10" w="45" /><ent r="3" t="10" w="53" /><ent r="3" t="10" w="58" /><ent r="3" t="10" w="169" /><ent r="3" t="10" w="434" /><ent r="3" t="11" w="88" /><ent r="3" t="11" w="93" /><ent r="3" t="11" w="108" /><ent r="3" t="11" w="152" /><ent r="3" t="23" w="18" /><ent r="3" t="23" w="141" /><ent r="3" t="25" w="237" /><ent r="3" t="41" w="11" /></phr></stem><stem n="one"><phr n="one"><ent r="3" t="10" w="14" /><ent r="4" t="10" w="119" /><ent r="3" t="10" w="167" /><ent r="3" t="11" w="185" /><ent r="3" t="12" w="92" /><ent r="3" t="12" w="93" /><ent r="3" t="25" w="231" /><ent r="3" t="25" w="319" /><ent r="3" t="25" w="323" /><ent r="4" t="27" w="33" /><ent r="3" t="31" w="407" /><ent r="3" t="31" w="516" /><ent r="4" t="31" w="601" /><ent r="3" t="31" w="650" /><ent r="3" t="31" w="705" /><ent r="3" t="31" w="843" /><ent r="3" t="31" w="954" /><ent r="3" t="31" w="1060" /><ent r="3" t="31" w="1233" /><ent r="3" t="35" w="60" /><ent r="3" t="38" w="50" /><ent r="4" t="39" w="68" /><ent r="4" t="39" w="73" /><ent r="4" t="39" w="89" /><ent r="3" t="44" w="16" /><ent r="3" t="50" w="17" /><ent r="3" t="50" w="310" /><ent r="3" t="50" w="373" /><ent r="3" t="50" w="405" /><ent r="3" t="50" w="661" /><ent r="3" t="54" w="564" /><ent r="4" t="54" w="574" /><ent r="4" t="57" w="232" /><ent r="6" t="57" w="241" /><ent r="4" t="57" w="317" /><ent r="6" t="57" w="324" /><ent r="4" t="57" w="495" /><ent r="4" t="57" w="525" /><ent r="3" t="57" w="562" /><ent r="3" t="59" w="33" /><ent r="3" t="59" w="131" /><ent r="3" t="60" w="314" /><ent r="3" t="60" w="548" /><ent r="3" t="61" w="559" /><ent r="3" t="61" w="776" /><ent r="3" t="61" w="786" /><ent r="7" t="62" w="176" /><ent r="6" t="62" w="283" /><ent r="6" t="62" w="366" /><ent r="4" t="62" w="514" /><ent r="6" t="62" w="606" /><ent r="4" t="69" w="36" /><ent r="4" t="69" w="61" /><ent r="4" t="69" w="74" /><ent r="4" t="69" w="90" /><ent r="4" t="69" w="145" /><ent r="4" t="69" w="161" /><ent r="4" t="69" w="216" /><ent r="4" t="69" w="231" /><ent r="4" t="69" w="643" /><ent r="4" t="69" w="788" /><ent r="4" t="69" w="789" /></phr><phr n="ones"><ent r="3" t="31" w="1197" /></phr></stem><stem n="piec"><phr n="piece"><ent r="3" t="10" w="18" /></phr><phr n="pieces"><ent r="3" t="61" w="539" /></phr></stem><stem n="pass"><phr n="passes"><ent r="3" t="10" w="20" /><ent r="4" t="10" w="79" /></phr><phr n="pass"><ent r="4" t="10" w="100" /><ent r="3" t="10" w="196" /><ent r="4" t="54" w="375" /><ent r="3" t="54" w="496" /><ent r="4" t="54" w="508" /><ent r="3" t="56" w="53" /></phr><phr n="passing"><ent r="3" t="10" w="431" /><ent r="3" t="23" w="138" /><ent r="4" t="54" w="369" /></phr><phr n="passed"><ent r="3" t="11" w="98" /><ent r="3" t="11" w="107" /><ent r="3" t="14" w="128" /><ent r="4" t="54" w="500" /></phr></stem><stem n="result"><phr n="resulting"><ent r="3" t="10" w="21" /><ent r="3" t="31" w="357" /><ent r="3" t="60" w="127" /><ent r="4" t="62" w="523" /><ent r="3" t="64" w="310" /><ent r="3" t="64" w="317" /></phr><phr n="result"><ent r="3" t="10" w="304" /><ent r="3" t="50" w="649" /></phr><phr n="results"><ent r="3" t="29" w="18" /><ent r="3" t="53" w="244" /></phr></stem><stem n="next"><phr n="next"><ent r="3" t="10" w="24" /><ent r="4" t="54" w="482" /><ent r="3" t="55" w="32" /><ent r="3" t="57" w="76" /><ent r="3" t="60" w="742" /><ent r="3" t="60" w="747" /><ent r="3" t="60" w="1085" /></phr></stem><stem n="construct"><phr n="construct"><ent r="3" t="10" w="32" /><ent r="3" t="10" w="335" /><ent r="3" t="36" w="25" /></phr><phr n="constructs"><ent r="3" t="20" w="33" /></phr><phr n="constructing"><ent r="3" t="25" w="244" /><ent r="3" t="46" w="39" /></phr><phr n="constructed"><ent r="4" t="27" w="209" /><ent r="3" t="61" w="710" /></phr></stem><stem n="way"><phr n="ways"><ent r="3" t="10" w="39" /><ent r="3" t="50" w="376" /><ent r="3" t="50" w="407" /><ent r="3" t="50" w="465" /><ent r="3" t="56" w="49" /><ent r="3" t="57" w="21" /><ent r="3" t="61" w="81" /></phr><phr n="way"><ent r="4" t="10" w="99" /><ent r="3" t="31" w="743" /><ent r="3" t="31" w="966" /><ent r="3" t="53" w="120" /><ent r="4" t="57" w="170" /><ent r="4" t="61" w="442" /><ent r="3" t="67" w="137" /><ent r="3" t="67" w="260" /></phr></stem><stem n="reader"><phr n="readers"><ent r="4096" t="10" w="47" /><ent r="3" t="10" w="268" /><ent r="3" t="10" w="286" /><ent r="4" t="10" w="365" /><ent r="3" t="20" w="72" /><ent r="4" t="20" w="96" /><ent r="268435456" t="24" w="2" /><ent r="4096" t="24" w="5" /><ent r="4096" t="24" w="7" /><ent r="1048578" t="24" w="11" /><ent r="3" t="24" w="14" /><ent r="3" t="27" w="23" /><ent r="4" t="29" w="110" /><ent r="268435456" t="32" w="2" /><ent r="4096" t="32" w="3" /><ent r="4096" t="32" w="6" /><ent r="4096" t="32" w="8" /><ent r="1048578" t="32" w="10" /><ent r="4096" t="34" w="7" /><ent r="4096" t="36" w="5" /><ent r="3" t="36" w="20" /><ent r="4" t="42" w="79" /></phr><phr n="reader"><ent r="5" t="10" w="60" /><ent r="4" t="10" w="62" /><ent r="4" t="10" w="74" /><ent r="4" t="10" w="156" /><ent r="3" t="10" w="164" /><ent r="3" t="10" w="165" /><ent r="3" t="10" w="184" /><ent r="3" t="10" w="194" /><ent r="3" t="10" w="213" /><ent r="3" t="20" w="13" /><ent r="3" t="24" w="25" /><ent r="3" t="24" w="75" /><ent r="3" t="30" w="137" /><ent r="4" t="33" w="166" /><ent r="268435456" t="34" w="3" /><ent r="4096" t="34" w="6" /><ent r="4096" t="34" w="11" /><ent r="1048578" t="34" w="16" /><ent r="3" t="35" w="171" /><ent r="4" t="35" w="183" /><ent r="268435456" t="36" w="2" /><ent r="4096" t="36" w="4" /><ent r="4096" t="36" w="8" /><ent r="1048578" t="36" w="10" /><ent r="3" t="36" w="40" /><ent r="3" t="50" w="485" /><ent r="3" t="56" w="54" /><ent r="3" t="56" w="59" /><ent r="3" t="56" w="65" /><ent r="3" t="56" w="80" /><ent r="3" t="56" w="84" /><ent r="3" t="56" w="88" /><ent r="3" t="56" w="121" /><ent r="3" t="58" w="90" /><ent r="3" t="59" w="163" /><ent r="3" t="60" w="425" /><ent r="3" t="63" w="128" /></phr></stem><stem n="three"><phr n="three"><ent r="3" t="10" w="54" /><ent r="3" t="11" w="58" /><ent r="3" t="12" w="19" /><ent r="3" t="31" w="644" /><ent r="3" t="31" w="772" /><ent r="3" t="31" w="956" /><ent r="3" t="50" w="406" /><ent r="3" t="50" w="464" /><ent r="3" t="50" w="527" /><ent r="3" t="58" w="42" /><ent r="3" t="59" w="34" /><ent r="3" t="59" w="47" /><ent r="3" t="59" w="98" /><ent r="3" t="61" w="537" /><ent r="4" t="69" w="75" /><ent r="4" t="69" w="146" /><ent r="4" t="69" w="217" /></phr></stem><stem n="extern"><phr n="external"><ent r="4" t="10" w="68" /><ent r="4" t="10" w="137" /><ent r="3" t="60" w="293" /><ent r="3" t="60" w="565" /><ent r="3" t="63" w="148" /></phr></stem><stem n="serv"><phr n="serves"><ent r="4" t="10" w="75" /><ent r="4" t="10" w="145" /><ent r="4" t="10" w="387" /><ent r="3" t="29" w="39" /><ent r="3" t="61" w="629" /></phr><phr n="serve"><ent r="4" t="10" w="362" /><ent r="4" t="10" w="370" /><ent r="3" t="14" w="172" /></phr><phr n="serving"><ent r="3" t="31" w="1241" /></phr></stem><stem n="initi"><phr n="initial"><ent r="4" t="10" w="76" /></phr><phr n="initializations"><ent r="4096" t="14" w="63" /><ent r="3" t="14" w="64" /></phr><phr n="initialize"><ent r="3" t="14" w="73" /><ent r="5" t="54" w="328" /><ent r="3" t="55" w="72" /><ent r="3" t="56" w="85" /><ent r="3" t="56" w="99" /><ent r="4" t="57" w="88" /><ent r="4" t="57" w="109" /><ent r="5" t="57" w="127" /><ent r="5" t="57" w="471" /></phr><phr n="initially"><ent r="4" t="27" w="208" /><ent r="3" t="53" w="45" /><ent r="3" t="53" w="159" /><ent r="4" t="57" w="478" /></phr><phr n="initialization"><ent r="3" t="32" w="58" /><ent r="3" t="54" w="214" /><ent r="3" t="57" w="83" /><ent r="3" t="57" w="98" /><ent r="3" t="57" w="107" /></phr><phr n="initialized"><ent r="4" t="54" w="218" /></phr></stem><stem n="successor"><phr n="successor"><ent r="4" t="10" w="82" /><ent r="4" t="10" w="103" /><ent r="3" t="33" w="14" /></phr></stem><stem n="receiv"><phr n="received"><ent r="4" t="10" w="94" /></phr><phr n="receiving"><ent r="4" t="10" w="149" /></phr><phr n="receive"><ent r="3" t="22" w="123" /></phr></stem><stem n="predecessor"><phr n="predecessor"><ent r="4" t="10" w="95" /><ent r="4" t="10" w="151" /></phr><phr n="predecessors"><ent r="3" t="30" w="30" /></phr></stem><stem n="new"><phr n="new"><ent r="4" t="10" w="101" /><ent r="3" t="11" w="140" /><ent r="3" t="14" w="115" /><ent r="3" t="14" w="236" /><ent r="4" t="27" w="123" /><ent r="3" t="30" w="112" /><ent r="3" t="30" w="166" /><ent r="3" t="31" w="545" /><ent r="3" t="31" w="585" /><ent r="3" t="31" w="655" /><ent r="3" t="31" w="867" /><ent r="3" t="31" w="1244" /><ent r="3" t="31" w="1277" /><ent r="3" t="31" w="1292" /><ent r="4" t="54" w="294" /><ent r="4" t="54" w="350" /><ent r="4" t="54" w="361" /><ent r="4" t="54" w="365" /><ent r="4" t="54" w="406" /><ent r="4" t="56" w="15" /><ent r="4" t="57" w="464" /><ent r="4" t="62" w="454" /><ent r="4" t="69" w="309" /><ent r="4" t="69" w="317" /><ent r="4" t="69" w="671" /><ent r="4" t="69" w="921" /><ent r="4" t="69" w="1030" /></phr></stem><stem n="combin"><phr n="combine"><ent r="4" t="10" w="116" /><ent r="3" t="31" w="1059" /><ent r="3" t="31" w="1149" /><ent r="4" t="31" w="1302" /><ent r="3" t="67" w="51" /></phr><phr n="combination"><ent r="3" t="31" w="648" /><ent r="3" t="60" w="239" /></phr></stem><stem n="multipl"><phr n="multiple"><ent r="4" t="10" w="117" /><ent r="3" t="10" w="448" /><ent r="3" t="11" w="151" /><ent r="3" t="13" w="13" /><ent r="3" t="13" w="17" /><ent r="3" t="23" w="155" /><ent r="3" t="30" w="99" /><ent r="3" t="31" w="885" /><ent r="3" t="31" w="1229" /><ent r="4" t="31" w="1332" /><ent r="4" t="31" w="1339" /><ent r="3" t="32" w="126" /><ent r="4" t="35" w="84" /><ent r="3" t="35" w="165" /><ent r="3" t="61" w="518" /><ent r="3" t="61" w="639" /><ent r="3" t="61" w="649" /><ent r="3" t="61" w="701" /><ent r="3" t="61" w="705" /><ent r="3" t="64" w="140" /><ent r="4" t="69" w="1296" /></phr></stem><stem n="histogram"><phr n="histogram"><ent r="4" t="10" w="121" /></phr></stem><stem n="stretcher"><phr n="stretchers"><ent r="4" t="10" w="122" /></phr></stem><stem n="valu"><phr n="values"><ent r="4" t="10" w="126" /><ent r="3" t="12" w="67" /><ent r="3" t="14" w="155" /><ent r="4" t="16" w="68" /><ent r="3" t="17" w="15" /><ent r="3" t="17" w="37" /><ent r="4" t="23" w="42" /><ent r="4" t="27" w="97" /><ent r="4" t="27" w="104" /><ent r="3" t="31" w="1142" /><ent r="3" t="37" w="155" /><ent r="3" t="38" w="39" /><ent r="3" t="39" w="40" /><ent r="4" t="39" w="83" /><ent r="4" t="39" w="95" /><ent r="4" t="39" w="110" /><ent r="4" t="39" w="137" /><ent r="3" t="39" w="140" /><ent r="3" t="39" w="164" /><ent r="4" t="41" w="25" /><ent r="3" t="45" w="32" /><ent r="3" t="49" w="73" /><ent r="3" t="53" w="106" /><ent r="5" t="54" w="163" /><ent r="3" t="58" w="120" /><ent r="3" t="58" w="165" /><ent r="3" t="59" w="23" /><ent r="3" t="59" w="139" /><ent r="3" t="59" w="166" /><ent r="3" t="59" w="188" /><ent r="3" t="59" w="216" /><ent r="3" t="59" w="243" /><ent r="3" t="59" w="254" /><ent r="3" t="59" w="271" /><ent r="3" t="59" w="288" /><ent r="3" t="59" w="305" /><ent r="3" t="59" w="323" /><ent r="3" t="59" w="341" /><ent r="3" t="59" w="361" /><ent r="3" t="59" w="370" /><ent r="3" t="59" w="384" /><ent r="3" t="59" w="402" /><ent r="3" t="59" w="414" /><ent r="3" t="59" w="433" /><ent r="3" t="59" w="443" /><ent r="3" t="59" w="448" /><ent r="3" t="59" w="457" /><ent r="3" t="59" w="466" /><ent r="3" t="59" w="479" /><ent r="3" t="59" w="489" /><ent r="3" t="59" w="502" /><ent r="3" t="59" w="526" /><ent r="3" t="59" w="547" /><ent r="3" t="59" w="563" /><ent r="3" t="59" w="579" /><ent r="3" t="59" w="594" /><ent r="3" t="59" w="611" /><ent r="4" t="59" w="633" /><ent r="3" t="60" w="688" /><ent r="3" t="60" w="699" /><ent r="3" t="60" w="714" /><ent r="3" t="60" w="872" /><ent r="3" t="60" w="887" /><ent r="4" t="60" w="923" /><ent r="3" t="60" w="937" /><ent r="3" t="60" w="941" /><ent r="3" t="61" w="187" /><ent r="3" t="61" w="269" /><ent r="6" t="62" w="137" /><ent r="6" t="62" w="152" /><ent r="6" t="62" w="170" /><ent r="7" t="62" w="175" /><ent r="7" t="62" w="179" /><ent r="6" t="62" w="206" /><ent r="6" t="62" w="222" /><ent r="6" t="62" w="282" /><ent r="7" t="62" w="314" /><ent r="6" t="62" w="318" /><ent r="6" t="62" w="337" /><ent r="6" t="62" w="360" /><ent r="6" t="62" w="365" /><ent r="6" t="62" w="369" /><ent r="3" t="62" w="410" /><ent r="3" t="62" w="416" /><ent r="4" t="62" w="555" /><ent r="7" t="62" w="639" /><ent r="6" t="62" w="728" /><ent r="6" t="62" w="757" /><ent r="6" t="62" w="762" /><ent r="6" t="62" w="765" /><ent r="6" t="62" w="777" /><ent r="6" t="62" w="782" /><ent r="6" t="62" w="785" /><ent r="3" t="64" w="74" /><ent r="3" t="64" w="120" /><ent r="4" t="69" w="426" /><ent r="4" t="69" w="445" /><ent r="4" t="69" w="493" /><ent r="4" t="69" w="715" /><ent r="4" t="69" w="741" /><ent r="4" t="69" w="1254" /><ent r="4" t="69" w="1286" /><ent r="4" t="69" w="1346" /></phr><phr n="value"><ent r="3" t="12" w="76" /><ent r="3" t="12" w="79" /><ent r="3" t="12" w="94" /><ent r="3" t="12" w="105" /><ent r="3" t="22" w="30" /><ent r="3" t="31" w="1047" /><ent r="3" t="31" w="1084" /><ent r="3" t="31" w="1105" /><ent r="3" t="31" w="1123" /><ent r="3" t="31" w="1135" /><ent r="4" t="36" w="138" /><ent r="4" t="36" w="151" /><ent r="3" t="37" w="32" /><ent r="3" t="38" w="34" /><ent r="3" t="38" w="52" /><ent r="3" t="39" w="9" /><ent r="4" t="39" w="61" /><ent r="3" t="39" w="154" /><ent r="3" t="50" w="81" /><ent r="4" t="54" w="221" /><ent r="4" t="54" w="517" /><ent r="4" t="54" w="530" /><ent r="4" t="57" w="378" /><ent r="4" t="57" w="388" /><ent r="4" t="57" w="516" /><ent r="3" t="58" w="108" /><ent r="3" t="58" w="155" /><ent r="3" t="59" w="130" /><ent r="3" t="59" w="133" /><ent r="3" t="59" w="173" /><ent r="3" t="59" w="178" /><ent r="3" t="59" w="201" /><ent r="3" t="59" w="258" /><ent r="3" t="59" w="263" /><ent r="3" t="59" w="275" /><ent r="3" t="59" w="280" /><ent r="3" t="59" w="292" /><ent r="3" t="59" w="297" /><ent r="3" t="59" w="309" /><ent r="3" t="59" w="314" /><ent r="3" t="59" w="348" /><ent r="3" t="59" w="533" /><ent r="3" t="59" w="551" /><ent r="3" t="59" w="554" /><ent r="3" t="59" w="567" /><ent r="3" t="59" w="570" /><ent r="3" t="59" w="598" /><ent r="3" t="59" w="601" /><ent r="3" t="59" w="615" /><ent r="3" t="59" w="618" /><ent r="3" t="59" w="623" /><ent r="4" t="60" w="397" /><ent r="3" t="61" w="220" /><ent r="3" t="61" w="230" /><ent r="3" t="61" w="256" /><ent r="6" t="62" w="284" /><ent r="6" t="62" w="345" /><ent r="4" t="62" w="421" /><ent r="6" t="62" w="650" /><ent r="6" t="62" w="715" /><ent r="6" t="62" w="732" /><ent r="6" t="62" w="796" /><ent r="3" t="63" w="103" /><ent r="3" t="63" w="124" /><ent r="3" t="63" w="168" /><ent r="3" t="63" w="172" /><ent r="3" t="63" w="206" /><ent r="3" t="64" w="355" /><ent r="4" t="69" w="15" /><ent r="4" t="69" w="451" /><ent r="4" t="69" w="459" /><ent r="4" t="69" w="561" /><ent r="4" t="69" w="568" /><ent r="7" t="69" w="572" /><ent r="7" t="69" w="575" /><ent r="4" t="69" w="611" /><ent r="4" t="69" w="782" /><ent r="4" t="69" w="806" /><ent r="4" t="69" w="965" /><ent r="4" t="69" w="1117" /><ent r="4" t="69" w="1122" /><ent r="4" t="69" w="1277" /></phr></stem><stem n="numer"><phr n="numeric"><ent r="4" t="10" w="128" /><ent r="3" t="59" w="438" /></phr><phr n="numerically"><ent r="4" t="31" w="183" /></phr></stem><stem n="produc"><phr n="produce"><ent r="4" t="10" w="135" /><ent r="4" t="69" w="385" /></phr><phr n="produced"><ent r="3" t="25" w="117" /><ent r="3" t="50" w="353" /></phr></stem><stem n="final"><phr n="final"><ent r="4" t="10" w="146" /></phr><phr n="finally"><ent r="3" t="10" w="291" /><ent r="3" t="22" w="134" /><ent r="3" t="30" w="238" /><ent r="3" t="50" w="366" /></phr></stem><stem n="opposit"><phr n="opposite"><ent r="4" t="10" w="154" /></phr></stem><stem n="simplest"><phr n="simplest"><ent r="3" t="10" w="157" /></phr></stem><stem n="consist"><phr n="consists"><ent r="3" t="10" w="159" /><ent r="3" t="31" w="513" /><ent r="3" t="59" w="15" /></phr><phr n="consisting"><ent r="3" t="10" w="181" /><ent r="4" t="31" w="1324" /><ent r="3" t="64" w="109" /><ent r="3" t="64" w="117" /></phr><phr n="consistency"><ent r="3" t="40" w="36" /></phr></stem><stem n="trivial"><phr n="trivially"><ent r="3" t="10" w="160" /></phr></stem><stem n="just"><phr n="just"><ent r="3" t="10" w="161" /><ent r="3" t="14" w="159" /><ent r="3" t="14" w="169" /><ent r="3" t="31" w="770" /><ent r="3" t="31" w="1175" /><ent r="3" t="50" w="328" /><ent r="3" t="50" w="348" /><ent r="3" t="50" w="563" /><ent r="3" t="50" w="593" /><ent r="4" t="54" w="304" /><ent r="3" t="60" w="532" /><ent r="3" t="67" w="232" /></phr></stem><stem n="connect"><phr n="connected"><ent r="3" t="10" w="166" /><ent r="3" t="10" w="185" /><ent r="3" t="10" w="269" /><ent r="3" t="10" w="273" /></phr><phr n="connection"><ent r="3" t="11" w="92" /><ent r="3" t="60" w="140" /></phr><phr n="connections"><ent r="3" t="67" w="322" /></phr></stem><stem n="figur"><phr n="figure"><ent r="3" t="10" w="176" /><ent r="3" t="10" w="217" /><ent r="3" t="10" w="261" /><ent r="3" t="10" w="292" /><ent r="3" t="10" w="314" /><ent r="3" t="10" w="402" /><ent r="3" t="12" w="133" /><ent r="3" t="12" w="163" /><ent r="3" t="12" w="197" /><ent r="3" t="12" w="242" /><ent r="3" t="23" w="22" /><ent r="3" t="25" w="177" /><ent r="3" t="31" w="533" /><ent r="3" t="31" w="563" /><ent r="3" t="31" w="898" /><ent r="3" t="31" w="980" /><ent r="3" t="63" w="80" /><ent r="3" t="64" w="203" /><ent r="4" t="69" w="93" /><ent r="4" t="69" w="164" /><ent r="4" t="69" w="234" /><ent r="4" t="69" w="503" /></phr></stem><stem n="shown"><phr n="shown"><ent r="3" t="10" w="180" /><ent r="3" t="12" w="132" /><ent r="3" t="12" w="162" /><ent r="3" t="12" w="196" /><ent r="3" t="31" w="530" /><ent r="3" t="31" w="561" /><ent r="4" t="54" w="259" /><ent r="3" t="56" w="73" /></phr></stem><stem n="given"><phr n="given"><ent r="3" t="10" w="191" /><ent r="3" t="11" w="47" /><ent r="3" t="12" w="36" /><ent r="4" t="25" w="56" /><ent r="4" t="25" w="58" /><ent r="4" t="25" w="61" /><ent r="4" t="25" w="63" /><ent r="4" t="25" w="70" /><ent r="4" t="27" w="100" /><ent r="4" t="27" w="125" /><ent r="4" t="27" w="278" /><ent r="3" t="31" w="179" /><ent r="3" t="31" w="454" /><ent r="3" t="36" w="28" /><ent r="3" t="43" w="78" /><ent r="3" t="48" w="86" /><ent r="4" t="57" w="345" /><ent r="4" t="57" w="383" /><ent r="3" t="61" w="438" /><ent r="3" t="61" w="708" /><ent r="3" t="64" w="176" /><ent r="4" t="69" w="598" /><ent r="4" t="69" w="697" /><ent r="4" t="69" w="1309" /></phr></stem><stem n="filenam"><phr n="filename"><ent r="3" t="10" w="192" /><ent r="4" t="41" w="38" /><ent r="3" t="43" w="31" /><ent r="3" t="46" w="12" /><ent r="4" t="54" w="202" /><ent r="3" t="56" w="86" /><ent r="3" t="58" w="34" /><ent r="3" t="58" w="50" /><ent r="3" t="59" w="91" /><ent r="3" t="59" w="338" /><ent r="3" t="62" w="68" /><ent r="6" t="62" w="294" /></phr><phr n="filenames"><ent r="3" t="18" w="39" /><ent r="3" t="32" w="49" /><ent r="4" t="54" w="190" /><ent r="3" t="59" w="86" /></phr></stem><stem n="presum"><phr n="presumably"><ent r="3" t="10" w="202" /></phr><phr n="presumed"><ent r="3" t="10" w="279" /></phr></stem><stem n="rgb"><phr n="rgb"><ent r="3" t="10" w="203" /><ent r="3" t="21" w="26" /><ent r="4" t="27" w="75" /><ent r="4" t="27" w="265" /><ent r="3" t="31" w="157" /><ent r="4" t="31" w="238" /><ent r="3" t="31" w="774" /><ent r="3" t="31" w="801" /><ent r="3" t="31" w="816" /><ent r="3" t="31" w="963" /><ent r="3" t="31" w="1179" /><ent r="6" t="59" w="221" /><ent r="4" t="59" w="229" /><ent r="6" t="62" w="139" /><ent r="4" t="69" w="44" /><ent r="4" t="69" w="55" /><ent r="4" t="69" w="1077" /><ent r="4" t="69" w="1129" /><ent r="4" t="69" w="1134" /></phr></stem><stem n="grayscal"><phr n="grayscale"><ent r="3" t="10" w="206" /><ent r="4" t="27" w="76" /><ent r="4" t="27" w="264" /><ent r="3" t="31" w="154" /><ent r="4" t="31" w="241" /><ent r="3" t="31" w="962" /><ent r="6" t="59" w="220" /><ent r="4" t="60" w="393" /><ent r="6" t="62" w="141" /><ent r="4" t="69" w="53" /><ent r="4" t="69" w="1310" /></phr></stem><stem n="color"><phr n="color"><ent r="3" t="10" w="214" /><ent r="3" t="21" w="22" /><ent r="3" t="22" w="28" /><ent r="3" t="22" w="48" /><ent r="3" t="24" w="65" /><ent r="4" t="27" w="55" /><ent r="3" t="31" w="773" /><ent r="4" t="36" w="94" /><ent r="3" t="50" w="166" /><ent r="3" t="50" w="172" /><ent r="3" t="50" w="660" /><ent r="3" t="59" w="719" /><ent r="3" t="62" w="109" /><ent r="6" t="62" w="275" /><ent r="4" t="62" w="507" /><ent r="4" t="62" w="509" /><ent r="3" t="64" w="220" /><ent r="3" t="64" w="223" /><ent r="3" t="64" w="250" /><ent r="3" t="64" w="257" /><ent r="3" t="64" w="364" /><ent r="3" t="67" w="167" /><ent r="3" t="69" w="13" /><ent r="4" t="69" w="17" /><ent r="5" t="69" w="29" /><ent r="5" t="69" w="31" /><ent r="4" t="69" w="601" /><ent r="4" t="69" w="763" /><ent r="3" t="69" w="960" /><ent r="4" t="69" w="963" /><ent r="4" t="69" w="967" /><ent r="4" t="69" w="983" /><ent r="5" t="69" w="994" /><ent r="3" t="69" w="1239" /><ent r="4" t="69" w="1242" /><ent r="5" t="69" w="1245" /><ent r="4" t="69" w="1312" /></phr><phr n="colors"><ent r="3" t="38" w="26" /><ent r="4" t="62" w="496" /></phr></stem><stem n="out"><phr n="out"><ent r="3" t="10" w="238" /><ent r="3" t="14" w="252" /><ent r="3" t="22" w="118" /><ent r="3" t="22" w="124" /><ent r="3" t="28" w="30" /><ent r="3" t="31" w="400" /><ent r="3" t="50" w="682" /><ent r="4" t="51" w="33" /><ent r="4" t="54" w="422" /><ent r="4" t="54" w="526" /><ent r="3" t="56" w="67" /><ent r="3" t="60" w="80" /><ent r="3" t="60" w="139" /><ent r="3" t="60" w="518" /><ent r="3" t="60" w="653" /><ent r="4" t="60" w="909" /><ent r="3" t="61" w="290" /><ent r="3" t="61" w="306" /><ent r="3" t="61" w="321" /><ent r="4" t="62" w="471" /><ent r="4" t="69" w="87" /><ent r="4" t="69" w="158" /><ent r="4" t="69" w="228" /></phr></stem><stem n="again"><phr n="again"><ent r="3" t="10" w="239" /><ent r="3" t="12" w="234" /><ent r="3" t="31" w="458" /><ent r="3" t="31" w="477" /><ent r="3" t="31" w="642" /><ent r="4" t="36" w="140" /><ent r="3" t="50" w="509" /><ent r="4" t="57" w="201" /><ent r="3" t="64" w="241" /><ent r="3" t="67" w="281" /><ent r="3" t="67" w="282" /></phr></stem><stem n="massag"><phr n="massage"><ent r="3" t="10" w="245" /></phr></stem></index>