<?xml version="1.0" encoding="utf-8"?><index><stem n="magnif"><phr n="magnification"><ent r="4" t="12" w="29" /><ent r="3" t="12" w="37" /><ent r="3" t="12" w="63" /><ent r="3" t="12" w="75" /><ent r="3" t="12" w="85" /><ent r="3" t="22" w="151" /><ent r="4" t="23" w="50" /><ent r="3" t="25" w="34" /><ent r="4" t="25" w="62" /><ent r="4" t="27" w="187" /><ent r="4" t="27" w="205" /><ent r="3" t="43" w="69" /><ent r="3" t="43" w="79" /><ent r="3" t="44" w="38" /><ent r="6" t="62" w="656" /><ent r="6" t="62" w="657" /><ent r="3" t="69" w="773" /><ent r="4" t="69" w="777" /><ent r="4" t="69" w="805" /><ent r="4" t="69" w="1101" /><ent r="5" t="69" w="1105" /><ent r="4" t="69" w="1145" /><ent r="4" t="69" w="1155" /><ent r="5" t="69" w="1170" /><ent r="4" t="69" w="1185" /><ent r="5" t="69" w="1356" /></phr><phr n="magnifications"><ent r="4" t="69" w="1156" /></phr></stem><stem n="express"><phr n="expressed"><ent r="3" t="12" w="32" /><ent r="3" t="12" w="60" /><ent r="3" t="61" w="125" /><ent r="3" t="61" w="184" /><ent r="3" t="61" w="250" /><ent r="3" t="61" w="297" /><ent r="3" t="61" w="309" /><ent r="3" t="61" w="371" /><ent r="4" t="69" w="344" /><ent r="4" t="69" w="431" /><ent r="4" t="69" w="441" /><ent r="4" t="69" w="449" /><ent r="4" t="69" w="778" /><ent r="4" t="69" w="1092" /><ent r="4" t="69" w="1343" /></phr><phr n="express"><ent r="3" t="50" w="779" /><ent r="3" t="67" w="60" /><ent r="3" t="67" w="184" /><ent r="3" t="67" w="187" /><ent r="65538" t="67" w="292" /><ent r="3" t="67" w="300" /><ent r="3" t="67" w="311" /><ent r="3" t="67" w="323" /><ent r="3" t="67" w="336" /><ent r="3" t="68" w="63" /><ent r="3" t="68" w="71" /></phr></stem><stem n="relat"><phr n="relative"><ent r="3" t="12" w="35" /><ent r="4" t="18" w="79" /><ent r="3" t="25" w="308" /><ent r="3" t="31" w="901" /><ent r="3" t="31" w="983" /><ent r="3" t="61" w="64" /><ent r="3" t="61" w="208" /><ent r="3" t="61" w="211" /><ent r="3" t="61" w="213" /><ent r="3" t="61" w="251" /><ent r="3" t="61" w="265" /><ent r="3" t="61" w="298" /><ent r="3" t="61" w="310" /><ent r="6" t="61" w="726" /><ent r="3" t="61" w="788" /><ent r="4" t="69" w="393" /></phr><phr n="relatively"><ent r="3" t="31" w="1190" /></phr><phr n="related"><ent r="3" t="35" w="22" /><ent r="3" t="37" w="165" /><ent r="3" t="37" w="170" /><ent r="4" t="37" w="179" /></phr></stem><stem n="w"><phr n="w"><ent r="4" t="12" w="40" /><ent r="3" t="12" w="51" /><ent r="3" t="12" w="141" /><ent r="3" t="12" w="172" /><ent r="3" t="12" w="219" /><ent r="3" t="12" w="264" /><ent r="5" t="50" w="421" /><ent r="5" t="50" w="452" /><ent r="5" t="53" w="27" /><ent r="3" t="53" w="99" /><ent r="3" t="53" w="176" /><ent r="3" t="53" w="208" /><ent r="4" t="57" w="547" /><ent r="3" t="58" w="53" /><ent r="4" t="63" w="54" /><ent r="4" t="63" w="74" /></phr></stem><stem n="h"><phr n="h"><ent r="4" t="12" w="42" /><ent r="3" t="12" w="52" /><ent r="3" t="12" w="142" /><ent r="3" t="12" w="173" /><ent r="3" t="12" w="220" /><ent r="3" t="12" w="265" /><ent r="4" t="16" w="20" /><ent r="4" t="16" w="33" /><ent r="4" t="16" w="35" /><ent r="4" t="16" w="37" /><ent r="4" t="16" w="39" /><ent r="4" t="17" w="9" /><ent r="4" t="17" w="43" /><ent r="4" t="21" w="9" /><ent r="4" t="42" w="115" /><ent r="4" t="42" w="117" /><ent r="4" t="46" w="34" /><ent r="3" t="48" w="20" /><ent r="5" t="50" w="422" /><ent r="5" t="50" w="453" /><ent r="5" t="53" w="31" /><ent r="3" t="53" w="101" /><ent r="3" t="53" w="177" /><ent r="3" t="53" w="209" /><ent r="5" t="54" w="200" /><ent r="5" t="54" w="211" /><ent r="3" t="55" w="63" /><ent r="3" t="55" w="65" /><ent r="4" t="61" w="584" /><ent r="4" t="63" w="55" /><ent r="4" t="63" w="75" /></phr></stem><stem n="lower"><phr n="lower"><ent r="3" t="12" w="47" /><ent r="4" t="25" w="82" /><ent r="4" t="31" w="593" /><ent r="4" t="31" w="1329" /><ent r="3" t="50" w="222" /><ent r="5" t="50" w="429" /><ent r="3" t="50" w="761" /><ent r="3" t="63" w="49" /><ent r="3" t="64" w="238" /><ent r="4" t="69" w="610" /><ent r="4" t="69" w="795" /></phr><phr n="lowers"><ent r="3" t="31" w="436" /></phr></stem><stem n="right"><phr n="right"><ent r="3" t="12" w="48" /><ent r="3" t="14" w="160" /><ent r="4" t="25" w="83" /><ent r="3" t="50" w="223" /><ent r="5" t="50" w="430" /><ent r="3" t="50" w="521" /><ent r="3" t="50" w="653" /><ent r="3" t="50" w="762" /><ent r="4" t="51" w="39" /><ent r="3" t="63" w="53" /><ent r="3" t="63" w="73" /></phr><phr n="rights"><ent r="3" t="68" w="13" /></phr></stem><stem n="corner"><phr n="corners"><ent r="3" t="12" w="49" /><ent r="3" t="64" w="308" /></phr><phr n="corner"><ent r="3" t="12" w="160" /><ent r="3" t="12" w="193" /><ent r="3" t="12" w="239" /><ent r="3" t="31" w="685" /><ent r="5" t="50" w="412" /><ent r="5" t="50" w="427" /><ent r="5" t="50" w="433" /><ent r="3" t="50" w="572" /><ent r="3" t="50" w="585" /><ent r="3" t="50" w="730" /><ent r="3" t="50" w="760" /><ent r="3" t="50" w="763" /><ent r="4" t="60" w="914" /><ent r="3" t="61" w="97" /><ent r="4" t="61" w="601" /><ent r="6" t="62" w="396" /><ent r="3" t="63" w="187" /></phr></stem><stem n="term"><phr n="terms"><ent r="3" t="12" w="61" /><ent r="3" t="22" w="82" /><ent r="3" t="31" w="308" /><ent r="3" t="50" w="783" /><ent r="3" t="58" w="216" /><ent r="3" t="68" w="33" /><ent r="3" t="69" w="6" /></phr><phr n="term"><ent r="3" t="30" w="367" /><ent r="3" t="57" w="55" /><ent r="4" t="58" w="129" /><ent r="4" t="58" w="132" /><ent r="3" t="58" w="161" /><ent r="3" t="60" w="254" /><ent r="3" t="61" w="484" /></phr></stem><stem n="repres"><phr n="represent"><ent r="3" t="12" w="68" /><ent r="3" t="18" w="20" /><ent r="3" t="20" w="32" /><ent r="3" t="22" w="13" /><ent r="3" t="22" w="44" /><ent r="3" t="23" w="15" /><ent r="3" t="25" w="111" /><ent r="3" t="25" w="135" /><ent r="4" t="62" w="486" /><ent r="3" t="64" w="62" /><ent r="4" t="69" w="1055" /></phr><phr n="representing"><ent r="3" t="12" w="80" /><ent r="3" t="37" w="50" /><ent r="4" t="69" w="636" /><ent r="4" t="69" w="1123" /></phr><phr n="represents"><ent r="3" t="12" w="97" /><ent r="3" t="12" w="108" /><ent r="3" t="22" w="21" /><ent r="3" t="22" w="33" /><ent r="3" t="22" w="53" /><ent r="3" t="23" w="27" /><ent r="3" t="60" w="378" /><ent r="4" t="60" w="911" /><ent r="6" t="62" w="199" /><ent r="6" t="62" w="215" /><ent r="3" t="64" w="182" /><ent r="3" t="64" w="191" /><ent r="3" t="64" w="200" /><ent r="4" t="69" w="785" /><ent r="4" t="69" w="792" /><ent r="4" t="69" w="800" /></phr><phr n="represented"><ent r="3" t="14" w="47" /><ent r="4" t="18" w="57" /><ent r="4" t="27" w="281" /><ent r="3" t="31" w="111" /><ent r="3" t="31" w="1074" /><ent r="5" t="37" w="385" /><ent r="3" t="39" w="11" /><ent r="3" t="39" w="29" /><ent r="3" t="58" w="109" /><ent r="3" t="58" w="166" /><ent r="3" t="60" w="469" /><ent r="3" t="61" w="283" /><ent r="3" t="61" w="328" /><ent r="3" t="61" w="506" /><ent r="4" t="69" w="776" /><ent r="4" t="69" w="1091" /><ent r="4" t="69" w="1147" /><ent r="4" t="69" w="1149" /><ent r="4" t="69" w="1208" /><ent r="4" t="69" w="1213" /><ent r="4" t="69" w="1340" /></phr></stem><stem n="dimens"><phr n="dimensions"><ent r="3" t="12" w="70" /><ent r="3" t="25" w="33" /><ent r="3" t="25" w="152" /><ent r="4" t="39" w="22" /><ent r="4" t="39" w="64" /><ent r="4" t="39" w="85" /><ent r="4" t="39" w="112" /><ent r="3" t="43" w="68" /><ent r="3" t="43" w="76" /><ent r="3" t="49" w="91" /><ent r="3" t="50" w="782" /><ent r="4" t="69" w="331" /><ent r="4" t="69" w="1184" /></phr><phr n="dimension"><ent r="4" t="39" w="19" /><ent r="4" t="39" w="23" /><ent r="3" t="39" w="48" /><ent r="4" t="39" w="66" /><ent r="4" t="39" w="87" /><ent r="4" t="39" w="114" /><ent r="4" t="39" w="122" /><ent r="3" t="53" w="166" /><ent r="3" t="53" w="196" /><ent r="3" t="53" w="203" /><ent r="4" t="58" w="121" /><ent r="4" t="58" w="133" /><ent r="3" t="58" w="152" /></phr></stem><stem n="output"><phr n="output"><ent r="3" t="12" w="73" /><ent r="3" t="14" w="197" /><ent r="3" t="23" w="118" /><ent r="3" t="24" w="48" /><ent r="4" t="42" w="69" /><ent r="3" t="44" w="69" /><ent r="3" t="48" w="47" /><ent r="3" t="48" w="51" /><ent r="3" t="48" w="57" /><ent r="3" t="50" w="32" /><ent r="3" t="50" w="37" /><ent r="3" t="50" w="150" /><ent r="3" t="50" w="157" /><ent r="3" t="50" w="160" /><ent r="3" t="50" w="208" /><ent r="3" t="50" w="267" /><ent r="3" t="50" w="296" /><ent r="3" t="50" w="318" /><ent r="3" t="50" w="346" /><ent r="3" t="50" w="360" /><ent r="3" t="50" w="609" /><ent r="3" t="50" w="615" /><ent r="3" t="50" w="641" /><ent r="3" t="50" w="731" /><ent r="3" t="50" w="745" /><ent r="3" t="50" w="849" /><ent r="6" t="57" w="329" /><ent r="6" t="62" w="339" /><ent r="3" t="64" w="92" /></phr></stem><stem n="float"><phr n="floating"><ent r="3" t="12" w="77" /><ent r="4" t="30" w="285" /><ent r="4096" t="31" w="48" /><ent r="3" t="31" w="103" /><ent r="3" t="58" w="163" /><ent r="3" t="59" w="256" /><ent r="3" t="59" w="273" /><ent r="3" t="59" w="290" /><ent r="3" t="59" w="307" /><ent r="3" t="59" w="324" /><ent r="3" t="59" w="446" /><ent r="3" t="59" w="467" /><ent r="3" t="59" w="480" /><ent r="3" t="59" w="490" /><ent r="3" t="59" w="549" /><ent r="3" t="59" w="565" /><ent r="3" t="59" w="596" /><ent r="3" t="59" w="613" /><ent r="6" t="62" w="346" /><ent r="4" t="62" w="560" /><ent r="4" t="69" w="780" /></phr><phr n="floats"><ent r="3" t="21" w="40" /></phr><phr n="float"><ent r="3" t="50" w="119" /><ent r="3" t="50" w="125" /><ent r="6" t="62" w="161" /><ent r="6" t="62" w="719" /><ent r="6" t="62" w="736" /><ent r="6" t="62" w="814" /></phr></stem><stem n="downsampl"><phr n="downsampled"><ent r="3" t="12" w="99" /></phr></stem><stem n="half"><phr n="half"><ent r="3" t="12" w="101" /><ent r="3" t="50" w="514" /><ent r="3" t="50" w="523" /><ent r="3" t="50" w="1022" /><ent r="3" t="50" w="1026" /><ent r="3" t="50" w="1074" /><ent r="3" t="50" w="1079" /><ent r="3" t="50" w="1097" /><ent r="3" t="50" w="1102" /><ent r="6" t="62" w="343" /><ent r="4" t="69" w="793" /><ent r="4" t="69" w="1350" /></phr></stem><stem n="upsampl"><phr n="upsampled"><ent r="3" t="12" w="110" /></phr></stem><stem n="twice"><phr n="twice"><ent r="3" t="12" w="112" /><ent r="3" t="12" w="184" /></phr></stem><stem n="power"><phr n="powers"><ent r="3" t="12" w="117" /><ent r="3" t="12" w="305" /></phr><phr n="power"><ent r="4" t="25" w="73" /><ent r="4" t="69" w="808" /></phr><phr n="powerful"><ent r="3" t="66" w="29" /><ent r="3" t="67" w="164" /></phr></stem><stem n="although"><phr n="although"><ent r="3" t="12" w="122" /><ent r="3" t="30" w="65" /><ent r="4" t="31" w="268" /><ent r="3" t="42" w="96" /><ent r="3" t="61" w="412" /><ent r="3" t="62" w="29" /></phr></stem><stem n="arbitrari"><phr n="arbitrary"><ent r="3" t="12" w="124" /><ent r="4" t="39" w="108" /><ent r="3" t="60" w="585" /><ent r="4" t="69" w="1205" /></phr></stem><stem n="resampl"><phr n="resampling"><ent r="3" t="12" w="125" /><ent r="3" t="12" w="312" /></phr></stem><stem n="consid"><phr n="consider"><ent r="3" t="12" w="128" /><ent r="3" t="25" w="176" /><ent r="3" t="31" w="302" /><ent r="3" t="50" w="455" /><ent r="3" t="50" w="508" /><ent r="3" t="50" w="623" /><ent r="3" t="53" w="235" /><ent r="4" t="54" w="296" /><ent r="4" t="54" w="608" /><ent r="4" t="57" w="414" /><ent r="3" t="61" w="285" /><ent r="3" t="61" w="511" /><ent r="4" t="69" w="363" /></phr><phr n="considering"><ent r="3" t="31" w="299" /></phr><phr n="considered"><ent r="3" t="40" w="60" /><ent r="4" t="54" w="363" /><ent r="4" t="57" w="194" /><ent r="3" t="60" w="172" /><ent r="3" t="60" w="472" /><ent r="3" t="60" w="602" /></phr></stem><stem n="625x625"><phr n="625x625"><ent r="3" t="12" w="130" /></phr></stem><stem n="input"><phr n="input"><ent r="3" t="12" w="135" /><ent r="3" t="12" w="166" /><ent r="3" t="12" w="213" /><ent r="3" t="12" w="258" /><ent r="3" t="14" w="186" /><ent r="4" t="27" w="128" /><ent r="4" t="27" w="162" /><ent r="4" t="27" w="176" /><ent r="4" t="27" w="179" /><ent r="4" t="27" w="258" /><ent r="4" t="27" w="282" /><ent r="3" t="31" w="61" /><ent r="3" t="31" w="65" /><ent r="4" t="31" w="1311" /><ent r="4" t="35" w="185" /><ent r="5" t="36" w="129" /><ent r="5" t="36" w="143" /><ent r="268435456" t="37" w="2" /><ent r="4096" t="37" w="6" /><ent r="4096" t="37" w="8" /><ent r="4096" t="37" w="12" /><ent r="1048578" t="37" w="14" /><ent r="3" t="37" w="70" /><ent r="3" t="43" w="34" /><ent r="3" t="49" w="26" /><ent r="3" t="49" w="95" /><ent r="3" t="49" w="99" /><ent r="3" t="50" w="26" /><ent r="3" t="50" w="56" /><ent r="3" t="50" w="264" /><ent r="3" t="50" w="276" /><ent r="3" t="50" w="293" /><ent r="3" t="50" w="315" /><ent r="3" t="50" w="326" /><ent r="3" t="50" w="364" /><ent r="3" t="50" w="402" /><ent r="3" t="50" w="607" /><ent r="3" t="50" w="618" /><ent r="3" t="50" w="647" /><ent r="3" t="50" w="724" /><ent r="3" t="50" w="740" /><ent r="3" t="50" w="839" /><ent r="3" t="50" w="853" /><ent r="3" t="62" w="75" /><ent r="6" t="62" w="261" /><ent r="6" t="62" w="269" /><ent r="6" t="62" w="295" /><ent r="6" t="62" w="307" /><ent r="6" t="62" w="759" /><ent r="6" t="62" w="779" /><ent r="3" t="62" w="825" /><ent r="3" t="67" w="70" /></phr><phr n="inputs"><ent r="3" t="32" w="47" /></phr></stem><stem n="625"><phr n="625"><ent r="3" t="12" w="143" /><ent r="3" t="12" w="144" /></phr></stem><stem n="mag"><phr n="mag"><ent r="3" t="12" w="145" /><ent r="3" t="12" w="176" /><ent r="3" t="12" w="186" /><ent r="3" t="12" w="223" /><ent r="3" t="12" w="231" /><ent r="3" t="12" w="268" /><ent r="3" t="12" w="271" /><ent r="3" t="12" w="281" /></phr></stem><stem n="middl"><phr n="middle"><ent r="3" t="12" w="148" /></phr></stem><stem n="rectangl"><phr n="rectangle"><ent r="3" t="12" w="149" /><ent r="3" t="12" w="180" /><ent r="3" t="12" w="227" /><ent r="3" t="64" w="228" /><ent r="3" t="64" w="239" /></phr></stem><stem n="200x200"><phr n="200x200"><ent r="3" t="12" w="155" /><ent r="3" t="12" w="188" /><ent r="3" t="12" w="204" /><ent r="3" t="12" w="235" /><ent r="3" t="12" w="249" /></phr></stem><stem n="taken"><phr n="taken"><ent r="3" t="12" w="157" /><ent r="3" t="12" w="190" /><ent r="3" t="63" w="139" /></phr></stem><stem n="200"><phr n="200"><ent r="3" t="12" w="174" /><ent r="3" t="12" w="175" /><ent r="3" t="12" w="221" /><ent r="3" t="12" w="222" /><ent r="3" t="12" w="266" /><ent r="3" t="12" w="267" /><ent r="3" t="25" w="212" /><ent r="3" t="50" w="941" /><ent r="3" t="50" w="1109" /><ent r="4" t="69" w="1076" /><ent r="4" t="69" w="1133" /></phr></stem><stem n="inner"><phr n="inner"><ent r="3" t="12" w="179" /><ent r="8" t="62" w="641" /></phr></stem><stem n="blue"><phr n="blue"><ent r="3" t="12" w="181" /><ent r="3" t="12" w="212" /><ent r="3" t="31" w="800" /><ent r="3" t="64" w="224" /></phr></stem><stem n="extract"><phr n="extracted"><ent r="3" t="12" w="201" /><ent r="3" t="12" w="246" /><ent r="4" t="31" w="637" /><ent r="4" t="36" w="149" /></phr><phr n="extraction"><ent r="4" t="18" w="76" /><ent r="3" t="31" w="854" /></phr><phr n="extracting"><ent r="3" t="31" w="399" /></phr><phr n="extract"><ent r="3" t="31" w="426" /><ent r="3" t="31" w="1012" /><ent r="3" t="31" w="1022" /><ent r="3" t="33" w="123" /><ent r="3" t="45" w="29" /><ent r="3" t="50" w="681" /><ent r="3" t="67" w="279" /></phr><phr n="extracts"><ent r="3" t="50" w="10" /><ent r="3" t="50" w="705" /></phr></stem><stem n="footprint"><phr n="footprint"><ent r="3" t="12" w="207" /><ent r="3" t="12" w="252" /></phr></stem><stem n="100x100"><phr n="100x100"><ent r="3" t="12" w="211" /><ent r="3" t="50" w="456" /><ent r="3" t="50" w="510" /><ent r="3" t="50" w="627" /><ent r="3" t="50" w="810" /><ent r="3" t="50" w="871" /><ent r="3" t="50" w="884" /><ent r="3" t="50" w="1030" /><ent r="3" t="50" w="1083" /></phr></stem><stem n="outer"><phr n="outer"><ent r="3" t="12" w="226" /><ent r="8" t="62" w="643" /></phr></stem><stem n="green"><phr n="green"><ent r="3" t="12" w="228" /><ent r="3" t="12" w="257" /><ent r="3" t="31" w="799" /></phr></stem><stem n="400x400"><phr n="400x400"><ent r="3" t="12" w="256" /></phr></stem><stem n="effect"><phr n="effectively"><ent r="3" t="12" w="275" /></phr><phr n="effect"><ent r="3" t="12" w="310" /><ent r="4" t="27" w="223" /><ent r="4" t="57" w="182" /><ent r="4" t="57" w="452" /></phr><phr n="effects"><ent r="4" t="69" w="557" /></phr></stem><stem n="1250x1250"><phr n="1250x1250"><ent r="3" t="12" w="279" /></phr></stem><stem n="likewis"><phr n="likewise"><ent r="3" t="12" w="280" /></phr></stem><stem n="313x313"><phr n="313x313"><ent r="3" t="12" w="288" /></phr></stem><stem n="nativ"><phr n="natively"><ent r="3" t="12" w="291" /></phr><phr n="native"><ent r="4" t="19" w="93" /><ent r="3" t="31" w="744" /></phr></stem><stem n="multiresolut"><phr n="multiresolution"><ent r="3" t="12" w="293" /><ent r="4" t="30" w="180" /><ent r="3" t="31" w="409" /><ent r="4" t="69" w="933" /></phr></stem><stem n="wavelet"><phr n="wavelet"><ent r="3" t="12" w="299" /><ent r="3" t="33" w="49" /><ent r="4" t="62" w="465" /><ent r="3" t="66" w="30" /><ent r="4" t="69" w="672" /><ent r="4" t="69" w="938" /><ent r="4" t="69" w="1093" /><ent r="3" t="69" w="1273" /><ent r="4" t="69" w="1281" /><ent r="4" t="69" w="1289" /></phr></stem><stem n="order"><phr n="order"><ent r="3" t="12" w="308" /><ent r="3" t="23" w="70" /><ent r="4" t="27" w="256" /><ent r="3" t="28" w="27" /><ent r="4" t="54" w="69" /><ent r="3" t="62" w="57" /><ent r="7" t="62" w="178" /><ent r="6" t="62" w="368" /><ent r="3" t="63" w="144" /><ent r="3" t="69" w="286" /><ent r="4" t="69" w="521" /><ent r="4" t="69" w="590" /></phr><phr n="ordering"><ent r="3" t="24" w="55" /><ent r="3" t="61" w="225" /></phr></stem><stem n="achiev"><phr n="achieve"><ent r="3" t="12" w="309" /></phr><phr n="achieved"><ent r="6" t="62" w="820" /></phr></stem><stem n="appli"><phr n="applied"><ent r="3" t="12" w="315" /><ent r="6" t="62" w="659" /><ent r="3" t="64" w="280" /></phr><phr n="apply"><ent r="3" t="36" w="52" /><ent r="3" t="60" w="167" /><ent r="3" t="60" w="482" /><ent r="3" t="62" w="116" /><ent r="3" t="62" w="571" /><ent r="3" t="62" w="695" /></phr><phr n="applies"><ent r="3" t="59" w="259" /><ent r="3" t="59" w="276" /><ent r="3" t="59" w="293" /><ent r="3" t="59" w="310" /><ent r="3" t="60" w="896" /></phr></stem><stem n="machin"><phr n="machine"><ent r="3" t="13" w="8" /><ent r="3" t="13" w="12" /><ent r="3" t="31" w="378" /><ent r="4" t="69" w="528" /><ent r="4" t="69" w="538" /></phr><phr n="machines"><ent r="4" t="69" w="546" /></phr></stem><stem n="core"><phr n="core"><ent r="3" t="13" w="10" /><ent r="3" t="20" w="27" /></phr><phr n="cores"><ent r="3" t="13" w="37" /></phr></stem><stem n="quick"><phr n="quickly"><ent r="3" t="13" w="22" /><ent r="3" t="29" w="76" /><ent r="3" t="31" w="583" /><ent r="3" t="31" w="1274" /><ent r="4" t="31" w="1327" /><ent r="3" t="42" w="37" /><ent r="3" t="67" w="129" /></phr></stem><stem n="default"><phr n="default"><ent r="3" t="13" w="23" /><ent r="3" t="14" w="154" /><ent r="3" t="32" w="123" /><ent r="4" t="48" w="65" /><ent r="3" t="48" w="96" /><ent r="4" t="50" w="116" /><ent r="3" t="50" w="774" /><ent r="3" t="53" w="40" /><ent r="3" t="53" w="154" /><ent r="4" t="54" w="554" /><ent r="3" t="59" w="108" /><ent r="3" t="59" w="198" /><ent r="3" t="59" w="224" /><ent r="3" t="59" w="247" /><ent r="3" t="59" w="261" /><ent r="3" t="59" w="278" /><ent r="3" t="59" w="295" /><ent r="3" t="59" w="312" /><ent r="3" t="59" w="326" /><ent r="3" t="59" w="346" /><ent r="3" t="59" w="363" /><ent r="3" t="59" w="373" /><ent r="3" t="59" w="391" /><ent r="3" t="59" w="405" /><ent r="3" t="59" w="417" /><ent r="3" t="59" w="435" /><ent r="3" t="59" w="449" /><ent r="3" t="59" w="459" /><ent r="3" t="59" w="469" /><ent r="3" t="59" w="482" /><ent r="3" t="59" w="492" /><ent r="3" t="59" w="507" /><ent r="3" t="59" w="528" /><ent r="3" t="59" w="552" /><ent r="3" t="59" w="568" /><ent r="3" t="59" w="582" /><ent r="3" t="59" w="599" /><ent r="3" t="59" w="616" /><ent r="4" t="59" w="632" /><ent r="4" t="61" w="582" /><ent r="4" t="61" w="609" /><ent r="3" t="63" w="83" /><ent r="3" t="64" w="54" /><ent r="3" t="64" w="97" /></phr><phr n="defaults"><ent r="3" t="50" w="502" /></phr></stem><stem n="maximum"><phr n="maximum"><ent r="3" t="13" w="26" /><ent r="3" t="13" w="32" /><ent r="3" t="13" w="41" /><ent r="3" t="50" w="86" /><ent r="3" t="50" w="126" /><ent r="3" t="53" w="47" /><ent r="3" t="53" w="114" /><ent r="3" t="53" w="185" /><ent r="3" t="59" w="267" /><ent r="6" t="62" w="754" /><ent r="6" t="62" w="755" /><ent r="6" t="62" w="775" /><ent r="3" t="64" w="118" /><ent r="4" t="69" w="444" /></phr></stem><stem n="equal"><phr n="equals"><ent r="3" t="13" w="35" /></phr><phr n="equal"><ent r="3" t="50" w="718" /><ent r="3" t="53" w="83" /><ent r="4" t="57" w="227" /><ent r="4" t="57" w="263" /><ent r="4" t="57" w="270" /><ent r="4" t="57" w="312" /><ent r="4" t="57" w="349" /><ent r="3" t="60" w="813" /><ent r="3" t="60" w="824" /><ent r="4" t="60" w="924" /><ent r="3" t="60" w="956" /><ent r="3" t="60" w="995" /><ent r="3" t="60" w="1034" /><ent r="4" t="69" w="452" /><ent r="4" t="69" w="460" /><ent r="4" t="69" w="1100" /></phr></stem><stem n="worker"><phr n="worker"><ent r="3" t="13" w="47" /></phr></stem><stem n="setmaxworkerthread"><phr n="setmaxworkerthreads"><ent r="4" t="13" w="50" /><ent r="4" t="32" w="133" /></phr></stem><stem n="defin"><phr n="defined"><ent r="3" t="13" w="52" /><ent r="4" t="54" w="107" /><ent r="4" t="54" w="115" /><ent r="4" t="54" w="197" /><ent r="4" t="54" w="586" /><ent r="3" t="57" w="551" /><ent r="3" t="60" w="272" /><ent r="3" t="60" w="587" /><ent r="3" t="60" w="880" /><ent r="3" t="60" w="976" /><ent r="4" t="69" w="613" /><ent r="4" t="69" w="1001" /><ent r="4" t="69" w="1051" /><ent r="4" t="69" w="1178" /></phr><phr n="define"><ent r="4" t="16" w="52" /><ent r="3" t="50" w="325" /><ent r="3" t="50" w="345" /><ent r="3" t="50" w="369" /><ent r="3" t="60" w="496" /><ent r="3" t="60" w="599" /></phr><phr n="defining"><ent r="3" t="30" w="219" /></phr><phr n="defines"><ent r="4" t="54" w="467" /><ent r="3" t="55" w="17" /><ent r="4" t="69" w="16" /><ent r="4" t="69" w="966" /></phr></stem><stem n="mrsidimageread"><phr n="mrsidimagereader"><ent r="4" t="13" w="53" /><ent r="4" t="32" w="18" /><ent r="3" t="56" w="79" /><ent r="3" t="56" w="81" /></phr></stem><stem n="block"><phr n="blocks"><ent r="65538" t="13" w="64" /><ent r="3" t="13" w="71" /></phr><phr n="blocked"><ent r="4" t="36" w="72" /></phr><phr n="block"><ent r="6" t="62" w="705" /></phr></stem><stem n="intel"><phr n="intel"><ent r="3" t="13" w="68" /><ent r="6" t="59" w="193" /><ent r="4" t="69" w="552" /></phr></stem><stem n="tbb"><phr n="tbb"><ent r="3" t="13" w="72" /><ent r="3" t="13" w="79" /><ent r="3" t="13" w="85" /><ent r="4" t="13" w="93" /><ent r="3" t="13" w="96" /><ent r="3" t="13" w="100" /><ent r="3" t="13" w="104" /></phr></stem><stem n="program"><phr n="programs"><ent r="3" t="13" w="75" /></phr><phr n="program"><ent r="3" t="13" w="98" /><ent r="3" t="31" w="790" /></phr></stem><stem n="dll"><phr n="dll"><ent r="4" t="13" w="94" /></phr></stem><stem n="https"><phr n="https"><ent r="4" t="13" w="108" /></phr></stem><stem n="threadingbuildingblock"><phr n="threadingbuildingblocks"><ent r="4" t="13" w="110" /></phr></stem><stem n="org"><phr n="org"><ent r="4" t="13" w="111" /></phr></stem><stem n="few"><phr n="few"><ent r="3" t="14" w="13" /></phr></stem><stem n="less"><phr n="less"><ent r="3" t="14" w="21" /><ent r="4" t="19" w="97" /><ent r="3" t="30" w="236" /><ent r="4" t="31" w="287" /><ent r="3" t="31" w="499" /><ent r="4" t="31" w="614" /><ent r="4" t="31" w="630" /><ent r="3" t="50" w="717" /><ent r="3" t="53" w="128" /><ent r="4" t="54" w="264" /><ent r="3" t="61" w="324" /><ent r="3" t="63" w="125" /><ent r="3" t="67" w="235" /><ent r="4" t="69" w="834" /></phr></stem><stem n="central"><phr n="central"><ent r="3" t="14" w="22" /></phr></stem><stem n="status"><phr n="status"><ent r="4096" t="14" w="27" /><ent r="3" t="14" w="29" /><ent r="3" t="14" w="35" /><ent r="3" t="14" w="45" /><ent r="3" t="14" w="57" /><ent r="3" t="14" w="91" /><ent r="4" t="15" w="57" /><ent r="4" t="16" w="70" /><ent r="268435456" t="17" w="1" /><ent r="4096" t="17" w="3" /><ent r="1048578" t="17" w="5" /><ent r="4" t="17" w="42" /><ent r="3" t="43" w="48" /><ent r="4" t="54" w="228" /><ent r="3" t="54" w="232" /><ent r="4" t="54" w="247" /><ent r="4" t="54" w="260" /><ent r="4" t="54" w="271" /><ent r="4" t="54" w="278" /><ent r="4" t="54" w="299" /><ent r="4" t="54" w="337" /><ent r="4" t="57" w="493" /><ent r="4" t="57" w="514" /></phr></stem><stem n="member"><phr n="member"><ent r="3" t="14" w="32" /><ent r="3" t="14" w="74" /><ent r="3" t="14" w="229" /><ent r="3" t="14" w="241" /><ent r="5" t="54" w="138" /><ent r="4" t="54" w="399" /><ent r="4" t="54" w="411" /><ent r="3" t="54" w="542" /><ent r="4" t="54" w="705" /><ent r="3" t="57" w="115" /><ent r="3" t="58" w="83" /></phr><phr n="members"><ent r="3" t="35" w="26" /><ent r="5" t="54" w="147" /><ent r="4" t="54" w="711" /><ent r="3" t="55" w="90" /></phr></stem><stem n="return"><phr n="return"><ent r="3" t="14" w="34" /><ent r="3" t="14" w="56" /><ent r="3" t="14" w="182" /><ent r="4" t="16" w="67" /><ent r="4" t="54" w="246" /><ent r="4" t="54" w="289" /><ent r="4" t="54" w="291" /><ent r="4" t="54" w="313" /><ent r="4" t="57" w="163" /><ent r="4" t="57" w="213" /><ent r="4" t="57" w="287" /><ent r="4" t="57" w="303" /><ent r="6" t="57" w="427" /><ent r="6" t="57" w="441" /><ent r="4" t="57" w="479" /><ent r="4" t="57" w="513" /><ent r="4" t="57" w="540" /><ent r="3" t="63" w="123" /></phr><phr n="returning"><ent r="3" t="14" w="90" /><ent r="4" t="54" w="297" /><ent r="4" t="54" w="305" /><ent r="4" t="54" w="336" /><ent r="3" t="57" w="576" /></phr><phr n="returned"><ent r="3" t="43" w="47" /><ent r="4" t="57" w="517" /></phr><phr n="returns"><ent r="3" t="45" w="21" /><ent r="4" t="54" w="270" /><ent r="4" t="57" w="373" /></phr></stem><stem n="report"><phr n="report"><ent r="3" t="14" w="37" /></phr><phr n="reporting"><ent r="4" t="69" w="419" /></phr></stem><stem n="success"><phr n="success"><ent r="3" t="14" w="38" /><ent r="3" t="14" w="61" /><ent r="4" t="16" w="65" /><ent r="3" t="43" w="52" /></phr><phr n="successfully"><ent r="4" t="57" w="216" /><ent r="4" t="57" w="278" /><ent r="4" t="57" w="306" /><ent r="4" t="57" w="357" /></phr></stem><stem n="failur"><phr n="failure"><ent r="3" t="14" w="39" /><ent r="3" t="14" w="62" /><ent r="4" t="16" w="66" /><ent r="3" t="43" w="53" /><ent r="4" t="54" w="314" /></phr></stem><stem n="condit"><phr n="conditions"><ent r="3" t="14" w="40" /></phr><phr n="condition"><ent r="3" t="17" w="21" /><ent r="4" t="57" w="258" /><ent r="4" t="57" w="340" /></phr></stem></index>