<?xml version="1.0" encoding="utf-8"?><index><stem n="show"><phr n="showing"><ent r="3" t="1" w="229" /><ent r="3" t="19" w="138" /><ent r="3" t="27" w="304" /><ent r="3" t="28" w="78" /></phr><phr n="shows"><ent r="3" t="7" w="16" /><ent r="3" t="10" w="219" /><ent r="3" t="10" w="263" /><ent r="3" t="10" w="294" /><ent r="3" t="10" w="404" /><ent r="3" t="25" w="179" /><ent r="3" t="31" w="900" /><ent r="3" t="31" w="982" /><ent r="3" t="63" w="82" /><ent r="3" t="64" w="205" /><ent r="4" t="69" w="95" /><ent r="4" t="69" w="166" /><ent r="4" t="69" w="236" /><ent r="4" t="69" w="556" /></phr><phr n="show"><ent r="3" t="48" w="21" /><ent r="3" t="48" w="26" /><ent r="3" t="48" w="32" /><ent r="3" t="48" w="36" /><ent r="3" t="48" w="41" /><ent r="3" t="49" w="70" /><ent r="3" t="49" w="76" /><ent r="3" t="49" w="89" /><ent r="3" t="49" w="104" /><ent r="3" t="63" w="182" /><ent r="3" t="64" w="237" /></phr></stem><stem n="how"><phr n="how"><ent r="3" t="1" w="230" /><ent r="268435456" t="2" w="1" /><ent r="1048578" t="2" w="4" /><ent r="4" t="8" w="204" /><ent r="4" t="8" w="211" /><ent r="3" t="10" w="309" /><ent r="3" t="19" w="139" /><ent r="3" t="19" w="144" /><ent r="3" t="25" w="132" /><ent r="3" t="25" w="331" /><ent r="3" t="27" w="305" /><ent r="3" t="27" w="310" /><ent r="3" t="28" w="79" /><ent r="3" t="28" w="83" /><ent r="3" t="31" w="1058" /><ent r="3" t="31" w="1148" /><ent r="3" t="34" w="32" /><ent r="3" t="34" w="42" /><ent r="3" t="36" w="46" /><ent r="3" t="50" w="621" /><ent r="3" t="61" w="38" /><ent r="3" t="61" w="502" /><ent r="3" t="64" w="19" /></phr></stem><stem n="task"><phr n="tasks"><ent r="3" t="1" w="233" /><ent r="4" t="7" w="28" /></phr></stem><stem n="platform"><phr n="platforms"><ent r="3" t="1" w="235" /><ent r="3" t="1" w="238" /><ent r="3" t="1" w="258" /><ent r="3" t="5" w="44" /><ent r="3" t="31" w="837" /></phr><phr n="platform"><ent r="3" t="5" w="18" /><ent r="5" t="5" w="52" /><ent r="5" t="5" w="157" /><ent r="5" t="5" w="252" /><ent r="5" t="5" w="305" /><ent r="5" t="5" w="372" /></phr></stem><stem n="linux"><phr n="linux"><ent r="3" t="1" w="241" /><ent r="3" t="5" w="150" /><ent r="4096" t="5" w="153" /><ent r="3" t="5" w="210" /><ent r="3" t="5" w="220" /><ent r="3" t="60" w="725" /></phr></stem><stem n="x86"><phr n="x86"><ent r="3" t="1" w="242" /><ent r="5" t="5" w="327" /><ent r="5" t="5" w="328" /><ent r="5" t="5" w="355" /><ent r="5" t="5" w="356" /><ent r="5" t="5" w="391" /><ent r="4" t="69" w="553" /></phr></stem><stem n="mac"><phr n="mac"><ent r="3" t="1" w="243" /><ent r="5" t="5" w="261" /><ent r="5" t="5" w="269" /><ent r="5" t="5" w="290" /><ent r="5" t="5" w="314" /></phr></stem><stem n="os"><phr n="os"><ent r="3" t="1" w="244" /><ent r="5" t="5" w="262" /><ent r="5" t="5" w="270" /><ent r="5" t="5" w="291" /><ent r="5" t="5" w="315" /><ent r="6" t="5" w="319" /><ent r="6" t="5" w="347" /><ent r="6" t="5" w="381" /><ent r="4" t="16" w="54" /><ent r="4" t="19" w="92" /><ent r="3" t="60" w="1026" /></phr></stem><stem n="x"><phr n="x"><ent r="3" t="1" w="245" /><ent r="3" t="4" w="63" /><ent r="5" t="5" w="263" /><ent r="5" t="5" w="271" /><ent r="5" t="5" w="292" /><ent r="5" t="5" w="316" /><ent r="5" t="12" w="24" /><ent r="3" t="12" w="137" /><ent r="3" t="12" w="168" /><ent r="3" t="12" w="215" /><ent r="3" t="12" w="260" /><ent r="3" t="22" w="74" /><ent r="4" t="22" w="77" /><ent r="5" t="41" w="27" /><ent r="5" t="41" w="30" /><ent r="3" t="50" w="217" /><ent r="3" t="50" w="225" /><ent r="3" t="50" w="232" /><ent r="5" t="50" w="410" /><ent r="5" t="50" w="418" /><ent r="5" t="50" w="425" /><ent r="5" t="50" w="431" /><ent r="5" t="50" w="436" /><ent r="5" t="50" w="439" /><ent r="5" t="50" w="442" /><ent r="5" t="50" w="449" /><ent r="4" t="50" w="819" /><ent r="5" t="58" w="125" /><ent r="5" t="58" w="139" /><ent r="4" t="58" w="193" /><ent r="4" t="59" w="543" /><ent r="4" t="59" w="590" /><ent r="3" t="60" w="839" /><ent r="3" t="60" w="845" /><ent r="3" t="60" w="861" /><ent r="4" t="61" w="200" /><ent r="5" t="61" w="541" /><ent r="5" t="61" w="546" /><ent r="5" t="61" w="599" /><ent r="6" t="61" w="717" /><ent r="6" t="62" w="384" /><ent r="6" t="62" w="390" /><ent r="6" t="62" w="407" /><ent r="6" t="62" w="613" /><ent r="6" t="62" w="616" /><ent r="3" t="63" w="110" /><ent r="4" t="69" w="1005" /><ent r="4" t="69" w="1008" /><ent r="4" t="69" w="1011" /><ent r="4" t="69" w="1069" /><ent r="4" t="69" w="1075" /><ent r="4" t="69" w="1132" /></phr></stem><stem n="dlls"><phr n="dlls"><ent r="3" t="1" w="251" /></phr></stem><stem n="32"><phr n="32"><ent r="3" t="1" w="253" /><ent r="5" t="5" w="61" /><ent r="5" t="5" w="77" /><ent r="5" t="5" w="111" /><ent r="5" t="5" w="125" /><ent r="3" t="21" w="38" /><ent r="4" t="30" w="283" /><ent r="3" t="31" w="912" /><ent r="3" t="31" w="998" /><ent r="3" t="50" w="703" /><ent r="3" t="50" w="704" /><ent r="3" t="53" w="171" /><ent r="3" t="53" w="180" /><ent r="6" t="62" w="159" /></phr></stem><stem n="64"><phr n="64"><ent r="3" t="1" w="254" /><ent r="5" t="5" w="86" /><ent r="5" t="5" w="102" /><ent r="5" t="5" w="134" /><ent r="5" t="5" w="148" /><ent r="5" t="5" w="166" /><ent r="5" t="5" w="167" /><ent r="5" t="5" w="179" /><ent r="5" t="5" w="188" /><ent r="5" t="5" w="189" /><ent r="5" t="5" w="204" /><ent r="5" t="5" w="329" /><ent r="5" t="5" w="357" /><ent r="4" t="19" w="57" /><ent r="4" t="57" w="376" /><ent r="4" t="57" w="386" /></phr></stem><stem n="bit"><phr n="bit"><ent r="3" t="1" w="255" /><ent r="5" t="5" w="62" /><ent r="5" t="5" w="78" /><ent r="5" t="5" w="87" /><ent r="5" t="5" w="103" /><ent r="5" t="5" w="112" /><ent r="5" t="5" w="126" /><ent r="5" t="5" w="135" /><ent r="5" t="5" w="149" /><ent r="5" t="5" w="168" /><ent r="5" t="5" w="180" /><ent r="5" t="5" w="190" /><ent r="5" t="5" w="205" /><ent r="3" t="10" w="247" /><ent r="3" t="10" w="253" /><ent r="4" t="19" w="58" /><ent r="3" t="21" w="35" /><ent r="3" t="21" w="39" /><ent r="3" t="25" w="217" /><ent r="4" t="27" w="119" /><ent r="4" t="27" w="261" /><ent r="4" t="30" w="284" /><ent r="4" t="36" w="88" /><ent r="4" t="57" w="377" /><ent r="4" t="57" w="387" /><ent r="4" t="60" w="391" /><ent r="6" t="62" w="156" /><ent r="6" t="62" w="160" /><ent r="6" t="62" w="165" /><ent r="4" t="69" w="478" /><ent r="4" t="69" w="486" /><ent r="4" t="69" w="509" /><ent r="4" t="69" w="516" /></phr><phr n="bits"><ent r="3" t="31" w="95" /><ent r="3" t="31" w="148" /><ent r="4" t="31" w="202" /><ent r="3" t="50" w="206" /><ent r="3" t="59" w="379" /><ent r="3" t="59" w="388" /><ent r="3" t="59" w="394" /><ent r="3" t="59" w="693" /><ent r="3" t="59" w="723" /><ent r="6" t="62" w="128" /></phr></stem><stem n="interoper"><phr n="interoperability"><ent r="3" t="1" w="260" /><ent r="3" t="1" w="272" /><ent r="3" t="35" w="151" /></phr><phr n="interoperable"><ent r="3" t="4" w="60" /></phr></stem><stem n="public"><phr n="public"><ent r="3" t="1" w="263" /><ent r="4" t="54" w="234" /><ent r="4" t="54" w="617" /><ent r="4" t="54" w="712" /><ent r="4" t="54" w="716" /><ent r="3" t="55" w="68" /><ent r="3" t="55" w="105" /></phr><phr n="publicly"><ent r="3" t="60" w="228" /></phr><phr n="publication"><ent r="3" t="68" w="37" /></phr></stem><stem n="code"><phr n="coded"><ent r="3" t="1" w="265" /></phr><phr n="code"><ent r="3" t="3" w="110" /><ent r="3" t="4" w="78" /><ent r="4" t="4" w="86" /><ent r="268435456" t="7" w="2" /><ent r="1048578" t="7" w="4" /><ent r="4" t="7" w="22" /><ent r="4" t="8" w="219" /><ent r="3" t="14" w="86" /><ent r="3" t="19" w="137" /><ent r="3" t="25" w="328" /><ent r="3" t="27" w="303" /><ent r="3" t="28" w="77" /><ent r="3" t="37" w="49" /><ent r="3" t="53" w="23" /><ent r="4" t="54" w="272" /><ent r="4" t="54" w="300" /><ent r="4" t="54" w="332" /><ent r="4" t="54" w="603" /><ent r="4" t="54" w="645" /><ent r="4" t="54" w="733" /><ent r="3" t="55" w="102" /><ent r="4" t="57" w="494" /><ent r="3" t="60" w="514" /><ent r="3" t="60" w="527" /><ent r="3" t="60" w="891" /></phr><phr n="coding"><ent r="4" t="14" w="25" /><ent r="4" t="52" w="41" /><ent r="268435456" t="54" w="1" /><ent r="4096" t="54" w="3" /><ent r="4096" t="54" w="7" /><ent r="1048578" t="54" w="9" /><ent r="3" t="54" w="17" /></phr><phr n="codes"><ent r="4096" t="14" w="28" /><ent r="3" t="14" w="30" /><ent r="3" t="14" w="36" /><ent r="3" t="14" w="46" /><ent r="3" t="14" w="58" /><ent r="3" t="14" w="92" /><ent r="4" t="16" w="71" /><ent r="3" t="17" w="39" /><ent r="3" t="43" w="49" /><ent r="4" t="54" w="229" /><ent r="3" t="54" w="233" /><ent r="4" t="54" w="248" /><ent r="4" t="54" w="261" /><ent r="4" t="54" w="279" /><ent r="4" t="54" w="315" /><ent r="4" t="54" w="338" /><ent r="4" t="57" w="515" /></phr></stem><stem n="clean"><phr n="clean"><ent r="3" t="1" w="266" /></phr><phr n="cleaned"><ent r="3" t="60" w="529" /></phr></stem><stem n="subset"><phr n="subset"><ent r="3" t="1" w="267" /><ent r="3" t="25" w="136" /><ent r="3" t="30" w="150" /><ent r="3" t="50" w="337" /><ent r="3" t="59" w="655" /><ent r="4" t="62" w="488" /></phr><phr n="subsets"><ent r="3" t="31" w="402" /></phr></stem><stem n="languag"><phr n="language"><ent r="3" t="1" w="269" /><ent r="3" t="33" w="112" /><ent r="4" t="54" w="626" /><ent r="5" t="69" w="632" /><ent r="4" t="69" w="635" /></phr></stem><stem n="avoid"><phr n="avoid"><ent r="3" t="1" w="271" /><ent r="4" t="54" w="70" /><ent r="4" t="54" w="623" /></phr></stem><stem n="often"><phr n="often"><ent r="3" t="1" w="274" /><ent r="3" t="14" w="164" /><ent r="3" t="14" w="170" /><ent r="3" t="25" w="248" /><ent r="3" t="31" w="122" /><ent r="4" t="31" w="269" /><ent r="3" t="50" w="777" /><ent r="3" t="59" w="63" /><ent r="3" t="60" w="568" /><ent r="4" t="69" w="24" /><ent r="4" t="69" w="480" /><ent r="4" t="69" w="989" /></phr></stem><stem n="encount"><phr n="encountered"><ent r="3" t="1" w="275" /><ent r="3" t="17" w="22" /><ent r="4" t="57" w="236" /></phr></stem><stem n="stl"><phr n="stl"><ent r="3" t="1" w="277" /><ent r="3" t="54" w="714" /><ent r="4" t="54" w="715" /><ent r="4" t="54" w="724" /></phr></stem><stem n="incompat"><phr n="incompatibilities"><ent r="3" t="1" w="278" /><ent r="4" t="54" w="605" /></phr></stem><stem n="except"><phr n="exceptions"><ent r="3" t="1" w="279" /><ent r="3" t="14" w="44" /><ent r="3" t="14" w="99" /><ent r="4" t="54" w="237" /><ent r="4" t="54" w="343" /></phr><phr n="except"><ent r="3" t="31" w="1181" /></phr><phr n="exception"><ent r="5" t="54" w="160" /><ent r="4" t="69" w="60" /></phr></stem><stem n="alloc"><phr n="allocations"><ent r="3" t="1" w="281" /></phr><phr n="allocated"><ent r="3" t="11" w="132" /><ent r="3" t="25" w="124" /><ent r="4" t="54" w="370" /></phr><phr n="allocates"><ent r="3" t="14" w="114" /></phr><phr n="allocate"><ent r="4" t="57" w="135" /></phr></stem><stem n="cross"><phr n="crossing"><ent r="3" t="1" w="282" /></phr><phr n="cross"><ent r="3" t="31" w="363" /></phr></stem><stem n="boundari"><phr n="boundaries"><ent r="3" t="1" w="284" /><ent r="3" t="30" w="220" /><ent r="3" t="64" w="84" /><ent r="4" t="69" w="1192" /></phr><phr n="boundary"><ent r="3" t="61" w="146" /><ent r="3" t="64" w="96" /></phr></stem><stem n="advanc"><phr n="advanced"><ent r="3" t="1" w="285" /><ent r="4" t="69" w="680" /></phr><phr n="advancing"><ent r="3" t="11" w="28" /></phr></stem><stem n="templat"><phr n="template"><ent r="3" t="1" w="286" /><ent r="3" t="54" w="627" /></phr><phr n="templates"><ent r="3" t="54" w="597" /><ent r="4" t="54" w="598" /><ent r="4" t="54" w="622" /><ent r="3" t="55" w="93" /><ent r="3" t="55" w="113" /></phr><phr n="templated"><ent r="4" t="54" w="610" /><ent r="4" t="54" w="618" /><ent r="4" t="54" w="632" /></phr></stem><stem n="compil"><phr n="compilation"><ent r="3" t="1" w="287" /></phr><phr n="compiler"><ent r="3" t="5" w="236" /><ent r="4" t="8" w="216" /><ent r="4" t="8" w="233" /><ent r="4" t="16" w="53" /><ent r="4" t="54" w="593" /></phr><phr n="compiled"><ent r="4" t="54" w="100" /></phr><phr n="compilers"><ent r="4" t="54" w="105" /><ent r="4" t="54" w="607" /></phr></stem><stem n="make"><phr n="make"><ent r="3" t="2" w="16" /><ent r="3" t="2" w="41" /><ent r="3" t="4" w="80" /><ent r="3" t="9" w="32" /><ent r="3" t="14" w="8" /><ent r="3" t="22" w="117" /><ent r="4" t="27" w="134" /><ent r="4" t="27" w="247" /><ent r="3" t="30" w="119" /><ent r="3" t="50" w="565" /><ent r="3" t="50" w="578" /><ent r="3" t="50" w="596" /><ent r="4" t="57" w="143" /><ent r="3" t="57" w="565" /></phr><phr n="making"><ent r="4" t="27" w="161" /><ent r="4" t="54" w="616" /><ent r="4" t="54" w="709" /><ent r="4" t="69" w="1066" /></phr><phr n="makes"><ent r="3" t="61" w="101" /><ent r="3" t="67" w="192" /></phr></stem><stem n="up"><phr n="up"><ent r="3" t="2" w="17" /><ent r="3" t="2" w="42" /><ent r="6" t="7" w="144" /><ent r="3" t="9" w="33" /><ent r="3" t="14" w="9" /><ent r="3" t="30" w="120" /><ent r="4" t="30" w="314" /><ent r="3" t="31" w="93" /><ent r="3" t="31" w="146" /><ent r="3" t="31" w="874" /><ent r="3" t="31" w="1236" /><ent r="3" t="38" w="22" /><ent r="4" t="57" w="481" /><ent r="3" t="58" w="45" /><ent r="3" t="60" w="530" /><ent r="3" t="63" w="52" /><ent r="4" t="69" w="298" /><ent r="4" t="69" w="1067" /></phr></stem><stem n="chapter"><phr n="chapter"><ent r="3" t="2" w="20" /><ent r="3" t="2" w="62" /><ent r="3" t="3" w="105" /><ent r="3" t="4" w="5" /><ent r="3" t="15" w="33" /><ent r="3" t="20" w="29" /><ent r="3" t="20" w="45" /><ent r="3" t="23" w="11" /><ent r="3" t="38" w="56" /><ent r="3" t="42" w="106" /><ent r="3" t="52" w="7" /><ent r="3" t="65" w="11" /></phr><phr n="chapters"><ent r="3" t="2" w="35" /><ent r="3" t="15" w="27" /><ent r="3" t="20" w="68" /><ent r="3" t="23" w="81" /></phr></stem><stem n="describ"><phr n="describes"><ent r="3" t="2" w="23" /><ent r="3" t="9" w="8" /><ent r="3" t="38" w="57" /><ent r="3" t="39" w="50" /><ent r="3" t="42" w="107" /><ent r="3" t="53" w="12" /><ent r="3" t="59" w="76" /><ent r="3" t="59" w="717" /><ent r="3" t="60" w="146" /><ent r="3" t="61" w="499" /><ent r="3" t="64" w="18" /></phr><phr n="describe"><ent r="3" t="2" w="38" /><ent r="3" t="9" w="29" /><ent r="3" t="31" w="14" /><ent r="3" t="61" w="630" /><ent r="4" t="69" w="644" /></phr><phr n="describing"><ent r="3" t="2" w="63" /><ent r="3" t="59" w="27" /></phr><phr n="described"><ent r="3" t="10" w="412" /><ent r="3" t="15" w="32" /><ent r="3" t="20" w="44" /><ent r="3" t="23" w="9" /><ent r="4" t="31" w="229" /><ent r="3" t="31" w="708" /><ent r="3" t="35" w="56" /><ent r="3" t="37" w="74" /><ent r="3" t="54" w="29" /><ent r="3" t="60" w="281" /><ent r="3" t="60" w="301" /><ent r="3" t="68" w="22" /></phr></stem><stem n="overal"><phr n="overall"><ent r="3" t="2" w="24" /><ent r="6" t="61" w="730" /><ent r="6" t="61" w="767" /></phr></stem><stem n="strip"><phr n="strip"><ent r="3" t="2" w="28" /><ent r="3" t="9" w="18" /><ent r="4" t="9" w="42" /><ent r="268435456" t="11" w="1" /><ent r="4096" t="11" w="4" /><ent r="1048578" t="11" w="7" /><ent r="3" t="11" w="50" /><ent r="3" t="11" w="54" /><ent r="3" t="11" w="101" /><ent r="3" t="11" w="179" /><ent r="3" t="11" w="186" /><ent r="4" t="23" w="58" /><ent r="3" t="23" w="95" /><ent r="3" t="25" w="171" /><ent r="3" t="50" w="144" /><ent r="3" t="69" w="1219" /><ent r="4" t="69" w="1230" /></phr><phr n="strips"><ent r="3" t="11" w="30" /><ent r="3" t="11" w="75" /></phr></stem><stem n="base"><phr n="based"><ent r="3" t="2" w="29" /><ent r="3" t="9" w="19" /><ent r="4" t="9" w="43" /><ent r="268435456" t="11" w="2" /><ent r="4096" t="11" w="5" /><ent r="1048578" t="11" w="8" /><ent r="3" t="12" w="300" /><ent r="4" t="23" w="59" /><ent r="3" t="23" w="96" /><ent r="4" t="25" w="79" /><ent r="3" t="25" w="172" /><ent r="4" t="27" w="34" /><ent r="3" t="31" w="696" /><ent r="3" t="33" w="21" /><ent r="3" t="33" w="50" /><ent r="3" t="42" w="33" /><ent r="4" t="42" w="63" /><ent r="4" t="42" w="65" /><ent r="3" t="57" w="31" /><ent r="3" t="60" w="148" /><ent r="3" t="60" w="509" /><ent r="4" t="61" w="615" /><ent r="6" t="61" w="721" /><ent r="3" t="66" w="31" /><ent r="4" t="69" w="634" /><ent r="4" t="69" w="673" /><ent r="4" t="69" w="927" /><ent r="4" t="69" w="939" /><ent r="4" t="69" w="1290" /></phr><phr n="base"><ent r="3" t="8" w="22" /><ent r="3" t="8" w="28" /><ent r="3" t="8" w="37" /><ent r="3" t="8" w="160" /><ent r="3" t="10" w="301" /><ent r="4" t="10" w="363" /><ent r="4" t="10" w="371" /><ent r="4" t="10" w="379" /><ent r="3" t="10" w="421" /><ent r="268435456" t="20" w="2" /><ent r="4096" t="20" w="5" /><ent r="4096" t="20" w="6" /><ent r="16777218" t="20" w="9" /><ent r="3" t="20" w="26" /><ent r="4" t="20" w="89" /><ent r="4" t="20" w="91" /><ent r="268435456" t="21" w="1" /><ent r="4096" t="21" w="3" /><ent r="1048578" t="21" w="6" /><ent r="268435456" t="22" w="1" /><ent r="1048578" t="22" w="3" /><ent r="4096" t="22" w="5" /><ent r="4096" t="22" w="8" /><ent r="3" t="23" w="128" /><ent r="3" t="24" w="22" /><ent r="3" t="27" w="13" /><ent r="3" t="28" w="9" /><ent r="3" t="31" w="138" /><ent r="3" t="31" w="755" /><ent r="3" t="57" w="556" /></phr></stem><stem n="mechan"><phr n="mechanism"><ent r="3" t="2" w="31" /><ent r="3" t="14" w="189" /><ent r="3" t="50" w="738" /><ent r="3" t="60" w="325" /><ent r="3" t="62" w="32" /></phr><phr n="mechanisms"><ent r="3" t="14" w="42" /><ent r="3" t="22" w="109" /><ent r="4" t="54" w="690" /></phr><phr n="mechanical"><ent r="3" t="68" w="48" /></phr></stem><stem n="further"><phr n="further"><ent r="3" t="2" w="34" /><ent r="3" t="8" w="169" /><ent r="3" t="29" w="72" /><ent r="3" t="41" w="48" /><ent r="3" t="53" w="69" /><ent r="4" t="69" w="376" /></phr></stem><stem n="briefli"><phr n="briefly"><ent r="3" t="2" w="36" /></phr></stem><stem n="motiv"><phr n="motivate"><ent r="3" t="2" w="37" /><ent r="3" t="14" w="19" /></phr><phr n="motivated"><ent r="3" t="35" w="170" /></phr><phr n="motivation"><ent r="3" t="64" w="295" /></phr></stem><stem n="various"><phr n="various"><ent r="3" t="2" w="39" /><ent r="3" t="7" w="19" /><ent r="4" t="7" w="26" /><ent r="3" t="8" w="11" /><ent r="3" t="14" w="179" /><ent r="3" t="25" w="235" /><ent r="3" t="49" w="17" /><ent r="3" t="49" w="92" /><ent r="4" t="54" w="606" /><ent r="3" t="60" w="552" /></phr></stem><stem n="note"><phr n="note"><ent r="3" t="2" w="44" /><ent r="3" t="10" w="308" /><ent r="4" t="12" w="116" /><ent r="3" t="12" w="199" /><ent r="3" t="12" w="244" /><ent r="4" t="27" w="84" /><ent r="4" t="27" w="199" /><ent r="5" t="28" w="59" /><ent r="5" t="36" w="64" /><ent r="3" t="44" w="42" /><ent r="3" t="48" w="89" /><ent r="3" t="50" w="359" /><ent r="3" t="50" w="497" /><ent r="3" t="54" w="39" /><ent r="3" t="57" w="48" /><ent r="4" t="57" w="97" /><ent r="4" t="57" w="404" /><ent r="3" t="59" w="735" /><ent r="3" t="60" w="180" /><ent r="3" t="60" w="242" /><ent r="3" t="60" w="407" /><ent r="3" t="60" w="432" /><ent r="3" t="61" w="35" /><ent r="4" t="61" w="235" /><ent r="5" t="61" w="619" /><ent r="8" t="62" w="183" /><ent r="3" t="63" w="36" /><ent r="3" t="63" w="93" /><ent r="3" t="64" w="17" /><ent r="4" t="64" w="330" /><ent r="4" t="69" w="326" /><ent r="4" t="69" w="722" /><ent r="4" t="69" w="974" /></phr><phr n="notes"><ent r="4" t="2" w="73" /><ent r="3" t="8" w="72" /><ent r="3" t="14" w="122" /><ent r="4" t="19" w="69" /><ent r="4" t="24" w="93" /><ent r="3" t="35" w="97" /><ent r="3" t="37" w="329" /><ent r="268435456" t="52" w="3" /><ent r="16777218" t="52" w="6" /><ent r="3" t="52" w="33" /><ent r="4" t="52" w="46" /><ent r="4" t="52" w="48" /><ent r="4" t="52" w="51" /><ent r="4096" t="53" w="6" /><ent r="4096" t="54" w="6" /><ent r="4096" t="55" w="4" /><ent r="268435456" t="57" w="1" /><ent r="4096" t="57" w="5" /><ent r="4096" t="57" w="7" /><ent r="1048578" t="57" w="9" /><ent r="268435456" t="58" w="1" /><ent r="4096" t="58" w="7" /><ent r="1048578" t="58" w="10" /><ent r="268435456" t="59" w="1" /><ent r="4096" t="59" w="7" /><ent r="1048578" t="59" w="10" /><ent r="3" t="59" w="625" /><ent r="4096" t="60" w="20" /><ent r="258" t="60" w="70" /><ent r="4096" t="61" w="10" /><ent r="4096" t="62" w="4" /><ent r="6" t="62" w="124" /><ent r="6" t="62" w="582" /><ent r="6" t="62" w="702" /><ent r="4096" t="63" w="10" /><ent r="3" t="63" w="153" /><ent r="4096" t="64" w="5" /><ent r="3" t="64" w="260" /></phr><phr n="noted"><ent r="3" t="50" w="614" /><ent r="3" t="54" w="57" /></phr></stem><stem n="descript"><phr n="descriptions"><ent r="3" t="2" w="45" /><ent r="3" t="69" w="5" /></phr><phr n="description"><ent r="3" t="60" w="508" /><ent r="6" t="62" w="123" /><ent r="6" t="62" w="581" /><ent r="6" t="62" w="701" /></phr></stem><stem n="introduc"><phr n="introduce"><ent r="3" t="2" w="48" /><ent r="3" t="20" w="70" /><ent r="3" t="31" w="355" /></phr><phr n="introduces"><ent r="3" t="20" w="30" /></phr><phr n="introduced"><ent r="3" t="30" w="82" /><ent r="3" t="30" w="96" /></phr><phr n="introducing"><ent r="3" t="31" w="385" /></phr></stem><stem n="detail"><phr n="detailed"><ent r="3" t="2" w="50" /><ent r="3" t="3" w="50" /><ent r="3" t="20" w="54" /><ent r="3" t="48" w="27" /><ent r="3" t="70" w="10" /></phr><phr n="details"><ent r="3" t="8" w="135" /><ent r="3" t="17" w="49" /><ent r="3" t="19" w="62" /><ent r="3" t="33" w="65" /><ent r="3" t="34" w="50" /><ent r="3" t="38" w="68" /><ent r="3" t="41" w="49" /><ent r="3" t="42" w="123" /><ent r="3" t="46" w="69" /><ent r="3" t="57" w="51" /><ent r="3" t="60" w="83" /></phr><phr n="detail"><ent r="3" t="31" w="15" /></phr></stem><stem n="specif"><phr n="specific"><ent r="3" t="2" w="52" /><ent r="3" t="5" w="15" /><ent r="3" t="6" w="6" /><ent r="3" t="9" w="30" /><ent r="3" t="10" w="15" /><ent r="3" t="15" w="19" /><ent r="3" t="23" w="119" /><ent r="3" t="25" w="167" /><ent r="3" t="27" w="16" /><ent r="3" t="28" w="12" /><ent r="3" t="45" w="33" /><ent r="3" t="52" w="13" /><ent r="4" t="54" w="594" /><ent r="3" t="59" w="752" /><ent r="3" t="60" w="81" /><ent r="3" t="60" w="382" /><ent r="3" t="60" w="774" /></phr><phr n="specifically"><ent r="3" t="14" w="123" /><ent r="3" t="30" w="265" /><ent r="3" t="31" w="368" /><ent r="3" t="37" w="67" /><ent r="4" t="54" w="465" /><ent r="4" t="54" w="681" /><ent r="3" t="55" w="15" /></phr><phr n="specification"><ent r="3" t="37" w="21" /><ent r="4" t="60" w="31" /><ent r="3" t="60" w="38" /><ent r="3" t="60" w="141" /><ent r="3" t="60" w="145" /><ent r="3" t="60" w="158" /><ent r="3" t="60" w="189" /><ent r="3" t="60" w="203" /><ent r="3" t="60" w="211" /><ent r="3" t="60" w="226" /><ent r="3" t="60" w="258" /><ent r="3" t="60" w="261" /><ent r="3" t="60" w="309" /></phr></stem><stem n="method"><phr n="methods"><ent r="3" t="2" w="54" /><ent r="3" t="11" w="64" /><ent r="3" t="11" w="68" /><ent r="3" t="11" w="82" /><ent r="3" t="14" w="181" /><ent r="3" t="22" w="140" /><ent r="3" t="46" w="65" /></phr><phr n="method"><ent r="3" t="3" w="53" /><ent r="3" t="36" w="33" /><ent r="3" t="53" w="191" /><ent r="4" t="54" w="480" /><ent r="3" t="55" w="30" /><ent r="3" t="60" w="149" /><ent r="4" t="62" w="547" /><ent r="4" t="62" w="551" /><ent r="6" t="62" w="634" /><ent r="6" t="62" w="636" /><ent r="3" t="70" w="13" /></phr></stem><stem n="pleas"><phr n="please"><ent r="3" t="2" w="56" /><ent r="3" t="5" w="39" /><ent r="3" t="8" w="136" /><ent r="3" t="8" w="188" /><ent r="3" t="20" w="57" /><ent r="3" t="34" w="46" /><ent r="3" t="52" w="20" /><ent r="3" t="60" w="252" /></phr></stem><stem n="command"><phr n="command"><ent r="4" t="2" w="64" /><ent r="3" t="3" w="91" /><ent r="4" t="3" w="106" /><ent r="268435456" t="47" w="1" /><ent r="4096" t="47" w="4" /><ent r="16777218" t="47" w="7" /><ent r="3" t="47" w="11" /><ent r="4096" t="48" w="4" /><ent r="4096" t="49" w="3" /><ent r="3" t="49" w="139" /><ent r="3" t="49" w="154" /><ent r="3" t="49" w="172" /><ent r="4096" t="50" w="3" /><ent r="3" t="50" w="397" /><ent r="4096" t="51" w="3" /><ent r="3" t="51" w="44" /><ent r="3" t="60" w="582" /><ent r="3" t="60" w="987" /><ent r="3" t="60" w="1014" /><ent r="3" t="67" w="194" /></phr></stem><stem n="line"><phr n="line"><ent r="4" t="2" w="65" /><ent r="3" t="3" w="92" /><ent r="4" t="3" w="107" /><ent r="3" t="31" w="532" /><ent r="268435456" t="47" w="2" /><ent r="4096" t="47" w="5" /><ent r="16777218" t="47" w="8" /><ent r="3" t="47" w="12" /><ent r="4096" t="48" w="5" /><ent r="4096" t="49" w="4" /><ent r="3" t="49" w="155" /><ent r="3" t="49" w="173" /><ent r="4096" t="50" w="4" /><ent r="3" t="50" w="398" /><ent r="4096" t="51" w="4" /><ent r="3" t="51" w="45" /><ent r="3" t="54" w="62" /><ent r="4" t="54" w="71" /><ent r="3" t="58" w="104" /><ent r="3" t="59" w="42" /><ent r="3" t="59" w="137" /><ent r="3" t="59" w="149" /><ent r="3" t="59" w="157" /><ent r="3" t="60" w="583" /><ent r="3" t="60" w="988" /><ent r="3" t="60" w="1015" /><ent r="3" t="63" w="195" /><ent r="4" t="69" w="81" /><ent r="4" t="69" w="89" /></phr><phr n="lines"><ent r="3" t="50" w="696" /><ent r="4" t="54" w="64" /><ent r="3" t="58" w="103" /><ent r="3" t="58" w="112" /><ent r="3" t="59" w="143" /><ent r="3" t="59" w="159" /><ent r="4" t="59" w="762" /></phr></stem><stem n="glossari"><phr n="glossary"><ent r="4" t="2" w="70" /><ent r="3" t="22" w="93" /><ent r="4" t="24" w="58" /><ent r="268435456" t="69" w="1" /><ent r="4096" t="69" w="2" /><ent r="16777218" t="69" w="3" /></phr></stem><stem n="appendix"><phr n="appendix"><ent r="4" t="2" w="71" /><ent r="268435456" t="52" w="1" /><ent r="16777218" t="52" w="4" /><ent r="268435456" t="65" w="1" /><ent r="16777218" t="65" w="6" /></phr></stem><stem n="technic"><phr n="technical"><ent r="4" t="2" w="72" /><ent r="4" t="4" w="87" /><ent r="268435456" t="8" w="1" /><ent r="1048578" t="8" w="3" /><ent r="4096" t="8" w="5" /><ent r="3" t="8" w="7" /><ent r="3" t="8" w="41" /><ent r="3" t="8" w="71" /><ent r="3" t="8" w="142" /><ent r="3" t="8" w="150" /><ent r="4096" t="8" w="183" /><ent r="268435456" t="52" w="2" /><ent r="16777218" t="52" w="5" /><ent r="3" t="52" w="32" /><ent r="4096" t="53" w="5" /><ent r="4096" t="54" w="5" /><ent r="4096" t="55" w="3" /><ent r="4096" t="57" w="4" /><ent r="4096" t="57" w="6" /><ent r="3" t="57" w="47" /><ent r="3" t="57" w="50" /><ent r="4096" t="58" w="6" /><ent r="4096" t="59" w="6" /><ent r="4096" t="60" w="19" /><ent r="4096" t="61" w="9" /><ent r="3" t="61" w="34" /><ent r="4096" t="62" w="3" /><ent r="4096" t="63" w="9" /><ent r="4096" t="64" w="4" /></phr><phr n="technically"><ent r="3" t="50" w="658" /></phr></stem><stem n="explain"><phr n="explaining"><ent r="3" t="2" w="74" /></phr><phr n="explained"><ent r="3" t="14" w="17" /></phr></stem></index>