<?xml version="1.0" encoding="utf-8"?><index><stem n="seek"><phr n="seek"><ent r="5" t="19" w="54" /><ent r="4" t="57" w="379" /><ent r="5" t="57" w="380" /><ent r="4" t="57" w="455" /></phr></stem><stem n="tell"><phr n="tell"><ent r="5" t="19" w="55" /><ent r="4" t="57" w="371" /><ent r="5" t="57" w="372" /><ent r="7" t="57" w="503" /></phr></stem><stem n="offset"><phr n="offsets"><ent r="4" t="19" w="59" /><ent r="3" t="57" w="54" /><ent r="3" t="61" w="303" /><ent r="3" t="61" w="318" /></phr><phr n="offset"><ent r="3" t="57" w="56" /><ent r="3" t="57" w="63" /><ent r="3" t="57" w="67" /><ent r="3" t="57" w="73" /><ent r="4" t="57" w="151" /><ent r="4" t="57" w="375" /><ent r="4" t="57" w="384" /><ent r="4" t="57" w="420" /><ent r="6" t="57" w="432" /><ent r="6" t="57" w="446" /><ent r="3" t="60" w="1084" /><ent r="3" t="61" w="202" /><ent r="3" t="61" w="207" /><ent r="3" t="61" w="212" /><ent r="4" t="61" w="611" /></phr></stem><stem n="isopen"><phr n="isopen"><ent r="5" t="19" w="60" /><ent r="5" t="57" w="476" /></phr></stem><stem n="iseof"><phr n="iseof"><ent r="5" t="19" w="61" /></phr></stem><stem n="precis"><phr n="precise"><ent r="3" t="19" w="63" /><ent r="4" t="57" w="256" /><ent r="4" t="57" w="338" /></phr><phr n="precision"><ent r="4" t="27" w="114" /><ent r="4" t="31" w="214" /><ent r="3" t="50" w="203" /><ent r="3" t="50" w="207" /><ent r="3" t="58" w="107" /><ent r="3" t="59" w="694" /><ent r="3" t="61" w="93" /><ent r="3" t="61" w="369" /><ent r="6" t="62" w="333" /><ent r="4" t="62" w="553" /></phr><phr n="precisely"><ent r="3" t="35" w="55" /><ent r="3" t="64" w="215" /></phr></stem><stem n="semant"><phr n="semantics"><ent r="3" t="19" w="64" /><ent r="4" t="54" w="527" /><ent r="3" t="57" w="38" /><ent r="4" t="57" w="130" /><ent r="6" t="57" w="240" /><ent r="6" t="57" w="323" /></phr><phr n="semantic"><ent r="3" t="54" w="37" /><ent r="3" t="54" w="212" /></phr></stem><stem n="socket"><phr n="sockets"><ent r="3" t="19" w="79" /><ent r="4" t="69" w="1218" /></phr><phr n="socket"><ent r="6" t="57" w="239" /><ent r="6" t="57" w="322" /></phr></stem><stem n="ltiofilestream"><phr n="ltiofilestream"><ent r="5" t="19" w="91" /></phr></stem><stem n="2gb"><phr n="2gb"><ent r="4" t="19" w="96" /></phr></stem><stem n="ltiomemstream"><phr n="ltiomemstream"><ent r="5" t="19" w="98" /></phr></stem><stem n="fix"><phr n="fixed"><ent r="4" t="19" w="102" /><ent r="4" t="27" w="221" /><ent r="3" t="59" w="513" /></phr></stem><stem n="ltiodynamicmemstream"><phr n="ltiodynamicmemstream"><ent r="5" t="19" w="104" /></phr></stem><stem n="grow"><phr n="grows"><ent r="4" t="19" w="109" /></phr></stem><stem n="ltiobufferedstream"><phr n="ltiobufferedstream"><ent r="5" t="19" w="111" /></phr></stem><stem n="under"><phr n="underlying"><ent r="4" t="19" w="114" /><ent r="4" t="27" w="166" /><ent r="3" t="32" w="99" /><ent r="3" t="33" w="67" /><ent r="3" t="46" w="63" /><ent r="3" t="61" w="177" /></phr></stem><stem n="ltiocallbackstream"><phr n="ltiocallbackstream"><ent r="5" t="19" w="116" /><ent r="4" t="46" w="23" /><ent r="4" t="46" w="40" /><ent r="4" t="46" w="56" /><ent r="4" t="46" w="66" /></phr></stem><stem n="callback"><phr n="callbacks"><ent r="4" t="19" w="122" /><ent r="4" t="69" w="411" /></phr><phr n="callback"><ent r="3" t="22" w="97" /><ent r="4" t="54" w="688" /></phr></stem><stem n="geograph"><phr n="geographic"><ent r="3" t="20" w="35" /><ent r="3" t="22" w="55" /><ent r="4" t="23" w="47" /><ent r="3" t="24" w="66" /><ent r="3" t="29" w="83" /><ent r="3" t="30" w="144" /><ent r="3" t="31" w="683" /><ent r="3" t="31" w="745" /><ent r="3" t="31" w="1223" /><ent r="4" t="50" w="392" /><ent r="3" t="62" w="106" /><ent r="4" t="69" w="638" /></phr></stem><stem n="lti"><phr n="lti"><ent r="3" t="20" w="49" /><ent r="4" t="54" w="187" /></phr></stem><stem n="actual"><phr n="actual"><ent r="3" t="20" w="71" /><ent r="3" t="25" w="158" /><ent r="3" t="38" w="11" /><ent r="3" t="45" w="30" /><ent r="3" t="53" w="60" /><ent r="3" t="53" w="80" /><ent r="3" t="53" w="201" /><ent r="3" t="60" w="157" /><ent r="3" t="60" w="687" /><ent r="3" t="62" w="30" /><ent r="6" t="62" w="817" /><ent r="4" t="69" w="491" /><ent r="4" t="69" w="819" /></phr><phr n="actually"><ent r="4" t="27" w="141" /><ent r="3" t="50" w="676" /><ent r="3" t="60" w="164" /></phr></stem><stem n="enum"><phr n="enums"><ent r="4" t="20" w="90" /><ent r="268435456" t="21" w="2" /><ent r="4096" t="21" w="4" /><ent r="4096" t="21" w="5" /><ent r="1048578" t="21" w="7" /><ent r="3" t="21" w="13" /><ent r="4" t="54" w="226" /></phr><phr n="enum"><ent r="3" t="39" w="42" /><ent r="3" t="41" w="44" /><ent r="5" t="54" w="151" /><ent r="5" t="54" w="162" /></phr></stem><stem n="lti_typ"><phr n="lti_types"><ent r="4" t="21" w="8" /></phr></stem><stem n="lticolorspac"><phr n="lticolorspace"><ent r="4" t="21" w="18" /></phr></stem><stem n="lticolor"><phr n="lticolor"><ent r="4" t="21" w="19" /></phr></stem><stem n="ltidatatyp"><phr n="ltidatatypes"><ent r="4" t="21" w="28" /></phr><phr n="ltidatatype"><ent r="6" t="54" w="156" /></phr></stem><stem n="lightweight"><phr n="lightweight"><ent r="3" t="22" w="10" /></phr></stem><stem n="ltisampl"><phr n="ltisample"><ent r="4" t="22" w="19" /></phr></stem><stem n="option"><phr n="optional"><ent r="3" t="22" w="29" /><ent r="3" t="60" w="308" /><ent r="3" t="61" w="156" /><ent r="3" t="61" w="393" /><ent r="3" t="61" w="399" /><ent r="6" t="62" w="665" /><ent r="6" t="62" w="674" /><ent r="6" t="62" w="683" /></phr><phr n="optionally"><ent r="3" t="23" w="123" /></phr><phr n="options"><ent r="3" t="33" w="141" /><ent r="3" t="50" w="174" /><ent r="3" t="50" w="194" /><ent r="4" t="51" w="60" /></phr></stem><stem n="ltipixel"><phr n="ltipixel"><ent r="4" t="22" w="31" /></phr></stem><stem n="themselv"><phr n="themselves"><ent r="3" t="22" w="39" /><ent r="3" t="30" w="127" /><ent r="3" t="60" w="650" /><ent r="3" t="61" w="398" /></phr></stem><stem n="ltipixellookupt"><phr n="ltipixellookuptable"><ent r="4" t="22" w="41" /></phr></stem><stem n="concept"><phr n="concept"><ent r="3" t="22" w="45" /></phr><phr n="concepts"><ent r="3" t="64" w="23" /><ent r="4" t="69" w="470" /></phr></stem><stem n="lookup"><phr n="lookup"><ent r="3" t="22" w="49" /><ent r="4" t="36" w="95" /><ent r="6" t="62" w="276" /></phr></stem><stem n="ltigeocoord"><phr n="ltigeocoord"><ent r="4" t="22" w="51" /><ent r="4" t="22" w="86" /><ent r="5" t="54" w="196" /><ent r="4" t="58" w="76" /><ent r="4" t="61" w="535" /><ent r="4" t="63" w="119" /></phr></stem><stem n="analog"><phr n="analogous"><ent r="3" t="22" w="58" /></phr></stem><stem n="aux"><phr n="aux"><ent r="3" t="22" w="60" /><ent r="3" t="49" w="57" /><ent r="3" t="49" w="177" /><ent r="3" t="50" w="64" /></phr></stem><stem n="gis"><phr n="gis"><ent r="3" t="22" w="65" /><ent r="3" t="29" w="86" /><ent r="3" t="31" w="783" /></phr></stem><stem n="project"><phr n="projection"><ent r="3" t="22" w="69" /><ent r="3" t="59" w="429" /><ent r="3" t="59" w="439" /><ent r="3" t="59" w="452" /><ent r="3" t="59" w="522" /><ent r="3" t="61" w="569" /><ent r="4" t="62" w="529" /></phr><phr n="projected"><ent r="3" t="61" w="152" /><ent r="3" t="61" w="490" /></phr></stem><stem n="wkt"><phr n="wkt"><ent r="3" t="22" w="71" /><ent r="3" t="49" w="127" /><ent r="3" t="61" w="59" /><ent r="3" t="61" w="474" /><ent r="4" t="61" w="549" /><ent r="4" t="61" w="588" /><ent r="3" t="61" w="672" /><ent r="4" t="61" w="683" /><ent r="4" t="61" w="746" /></phr></stem><stem n="rotat"><phr n="rotation"><ent r="3" t="22" w="81" /><ent r="4" t="41" w="33" /><ent r="4" t="58" w="128" /><ent r="4" t="58" w="131" /><ent r="3" t="58" w="160" /><ent r="3" t="58" w="215" /><ent r="3" t="58" w="219" /><ent r="3" t="60" w="846" /><ent r="3" t="60" w="851" /></phr></stem><stem n="associ"><phr n="associated"><ent r="3" t="22" w="85" /><ent r="3" t="38" w="54" /><ent r="3" t="40" w="9" /><ent r="3" t="59" w="129" /><ent r="3" t="64" w="57" /><ent r="3" t="64" w="100" /></phr></stem><stem n="prove"><phr n="proving"><ent r="3" t="22" w="95" /></phr></stem><stem n="ltiinterruptdeleg"><phr n="ltiinterruptdelegate"><ent r="4" t="22" w="106" /></phr></stem><stem n="ltiprogressdeleg"><phr n="ltiprogressdelegate"><ent r="4" t="22" w="107" /></phr></stem><stem n="potenti"><phr n="potentially"><ent r="3" t="22" w="112" /><ent r="3" t="32" w="117" /></phr></stem><stem n="long"><phr n="long"><ent r="3" t="22" w="113" /><ent r="3" t="30" w="366" /><ent r="3" t="31" w="64" /><ent r="3" t="31" w="1195" /><ent r="3" t="53" w="195" /><ent r="3" t="60" w="1071" /><ent r="3" t="61" w="128" /><ent r="3" t="61" w="374" /></phr></stem><stem n="request"><phr n="requests"><ent r="3" t="22" w="120" /><ent r="3" t="25" w="165" /><ent r="3" t="31" w="579" /></phr><phr n="requested"><ent r="3" t="29" w="43" /><ent r="4" t="57" w="266" /><ent r="4" t="57" w="284" /><ent r="4" t="57" w="315" /></phr><phr n="request"><ent r="3" t="31" w="445" /><ent r="3" t="53" w="127" /><ent r="3" t="53" w="135" /><ent r="6" t="57" w="423" /><ent r="6" t="57" w="437" /></phr></stem><stem n="abort"><phr n="abort"><ent r="3" t="22" w="121" /></phr></stem><stem n="notif"><phr n="notifications"><ent r="3" t="22" w="126" /></phr></stem><stem n="percent"><phr n="percent"><ent r="3" t="22" w="127" /><ent r="3" t="67" w="229" /><ent r="3" t="67" w="234" /><ent r="3" t="67" w="250" /></phr></stem><stem n="ltiutil"><phr n="ltiutils"><ent r="4" t="22" w="135" /></phr></stem><stem n="hierarchi"><phr n="hierarchy"><ent r="3" t="23" w="12" /></phr></stem><stem n="background"><phr n="background"><ent r="4" t="23" w="39" /><ent r="3" t="24" w="63" /><ent r="4" t="27" w="153" /><ent r="4" t="31" w="254" /><ent r="4" t="31" w="282" /><ent r="3" t="38" w="25" /><ent r="4" t="41" w="22" /><ent r="3" t="50" w="165" /><ent r="3" t="50" w="659" /><ent r="3" t="52" w="11" /><ent r="4" t="52" w="67" /><ent r="3" t="60" w="195" /><ent r="3" t="62" w="108" /><ent r="6" t="62" w="171" /><ent r="6" t="62" w="319" /><ent r="3" t="63" w="38" /><ent r="268435456" t="64" w="2" /><ent r="4096" t="64" w="7" /><ent r="4096" t="64" w="9" /><ent r="4096" t="64" w="12" /><ent r="1048578" t="64" w="15" /><ent r="3" t="64" w="25" /><ent r="3" t="64" w="65" /><ent r="3" t="64" w="67" /><ent r="3" t="64" w="86" /><ent r="3" t="64" w="98" /><ent r="3" t="64" w="134" /><ent r="3" t="64" w="183" /><ent r="3" t="64" w="192" /><ent r="3" t="64" w="219" /><ent r="3" t="64" w="253" /><ent r="3" t="64" w="256" /><ent r="4" t="64" w="289" /><ent r="3" t="64" w="315" /><ent r="3" t="64" w="328" /><ent r="3" t="64" w="347" /><ent r="3" t="64" w="362" /><ent r="3" t="69" w="12" /><ent r="4" t="69" w="982" /><ent r="5" t="69" w="993" /><ent r="5" t="69" w="1244" /></phr></stem><stem n="nodata"><phr n="nodata"><ent r="4" t="23" w="40" /><ent r="3" t="24" w="64" /><ent r="3" t="31" w="1042" /><ent r="3" t="31" w="1053" /><ent r="3" t="31" w="1072" /><ent r="3" t="31" w="1103" /><ent r="3" t="31" w="1121" /><ent r="3" t="31" w="1137" /><ent r="3" t="31" w="1158" /><ent r="4" t="41" w="23" /><ent r="4" t="52" w="66" /><ent r="268435456" t="64" w="1" /><ent r="4096" t="64" w="6" /><ent r="4096" t="64" w="11" /><ent r="1048578" t="64" w="14" /><ent r="3" t="64" w="24" /><ent r="3" t="64" w="36" /><ent r="3" t="64" w="37" /><ent r="3" t="64" w="55" /><ent r="3" t="64" w="136" /><ent r="3" t="64" w="153" /><ent r="3" t="64" w="201" /><ent r="3" t="64" w="222" /><ent r="3" t="64" w="232" /><ent r="3" t="64" w="249" /><ent r="3" t="64" w="255" /><ent r="3" t="64" w="267" /><ent r="3" t="64" w="273" /><ent r="4" t="64" w="283" /><ent r="3" t="64" w="297" /><ent r="3" t="64" w="329" /><ent r="3" t="64" w="348" /><ent r="3" t="64" w="363" /><ent r="5" t="69" w="28" /><ent r="3" t="69" w="959" /><ent r="4" t="69" w="1241" /></phr></stem><stem n="coordin"><phr n="coordinates"><ent r="4" t="23" w="48" /><ent r="4" t="25" w="93" /><ent r="4" t="27" w="238" /><ent r="3" t="50" w="785" /><ent r="3" t="61" w="427" /><ent r="3" t="63" w="85" /><ent r="4" t="69" w="929" /></phr><phr n="coordinate"><ent r="4" t="27" w="183" /><ent r="3" t="31" w="679" /><ent r="3" t="33" w="124" /><ent r="3" t="49" w="111" /><ent r="3" t="50" w="250" /><ent r="3" t="50" w="370" /><ent r="3" t="50" w="748" /><ent r="3" t="50" w="814" /><ent r="4" t="58" w="140" /><ent r="4" t="58" w="146" /><ent r="3" t="61" w="56" /><ent r="3" t="61" w="137" /><ent r="3" t="61" w="174" /><ent r="3" t="61" w="386" /><ent r="4" t="61" w="444" /><ent r="4" t="69" w="645" /></phr></stem><stem n="reflect"><phr n="reflect"><ent r="3" t="23" w="72" /><ent r="3" t="31" w="712" /><ent r="5" t="54" w="167" /><ent r="3" t="60" w="439" /></phr></stem><stem n="discuss"><phr n="discussed"><ent r="3" t="23" w="79" /><ent r="3" t="31" w="171" /><ent r="3" t="61" w="564" /></phr><phr n="discussion"><ent r="3" t="37" w="17" /><ent r="3" t="61" w="522" /></phr></stem><stem n="ltigeofileimagewrit"><phr n="ltigeofileimagewriter"><ent r="4096" t="23" w="83" /><ent r="4" t="23" w="105" /><ent r="4" t="23" w="113" /></phr></stem><stem n="replic"><phr n="replicates"><ent r="3" t="23" w="92" /></phr></stem><stem n="control"><phr n="control"><ent r="3" t="23" w="99" /><ent r="3" t="25" w="51" /><ent r="3" t="25" w="100" /><ent r="4" t="25" w="298" /><ent r="3" t="32" w="51" /><ent r="3" t="32" w="60" /><ent r="3" t="34" w="41" /><ent r="3" t="49" w="22" /><ent r="3" t="50" w="22" /><ent r="3" t="60" w="885" /></phr><phr n="controls"><ent r="3" t="60" w="710" /></phr></stem><stem n="ltiimagemosaicfilt"><phr n="ltiimagemosaicfilter"><ent r="4" t="23" w="142" /></phr></stem><stem n="ltirawimageread"><phr n="ltirawimagereader"><ent r="4" t="24" w="28" /></phr></stem><stem n="ltirawimagewrit"><phr n="ltirawimagewriter"><ent r="4" t="24" w="29" /></phr></stem><stem n="direct"><phr n="directly"><ent r="3" t="24" w="37" /><ent r="3" t="25" w="122" /><ent r="3" t="62" w="831" /><ent r="3" t="63" w="169" /><ent r="3" t="67" w="190" /></phr><phr n="direction"><ent r="4" t="58" w="126" /><ent r="4" t="58" w="138" /><ent r="3" t="59" w="591" /><ent r="3" t="59" w="608" /><ent r="6" t="62" w="385" /><ent r="6" t="62" w="408" /></phr><phr n="direct"><ent r="3" t="60" w="108" /></phr></stem><stem n="binari"><phr n="binary"><ent r="3" t="24" w="38" /><ent r="4" t="36" w="135" /><ent r="4" t="37" w="346" /><ent r="3" t="59" w="18" /></phr></stem><stem n="big"><phr n="big"><ent r="3" t="24" w="51" /><ent r="4" t="50" w="155" /><ent r="6" t="59" w="191" /><ent r="3" t="60" w="414" /><ent r="5" t="69" w="526" /><ent r="4" t="69" w="544" /><ent r="7" t="69" w="573" /></phr></stem><stem n="littl"><phr n="little"><ent r="3" t="24" w="52" /><ent r="3" t="31" w="1203" /><ent r="4" t="50" w="153" /><ent r="6" t="59" w="195" /><ent r="3" t="60" w="404" /><ent r="3" t="60" w="798" /><ent r="3" t="60" w="832" /><ent r="3" t="60" w="874" /><ent r="3" t="60" w="968" /><ent r="3" t="60" w="1007" /><ent r="3" t="60" w="1046" /><ent r="5" t="69" w="536" /><ent r="4" t="69" w="549" /><ent r="7" t="69" w="570" /></phr></stem><stem n="host"><phr n="host"><ent r="3" t="24" w="53" /><ent r="4" t="50" w="151" /><ent r="3" t="59" w="199" /></phr></stem><stem n="endian"><phr n="endianness"><ent r="3" t="24" w="57" /><ent r="3" t="50" w="148" /><ent r="3" t="59" w="184" /><ent r="3" t="59" w="200" /><ent r="5" t="69" w="288" /><ent r="3" t="69" w="520" /><ent r="4" t="69" w="558" /><ent r="4" t="69" w="588" /></phr><phr n="endian"><ent r="3" t="50" w="146" /><ent r="3" t="60" w="405" /><ent r="3" t="60" w="415" /><ent r="3" t="60" w="799" /><ent r="3" t="60" w="833" /><ent r="3" t="60" w="875" /><ent r="3" t="60" w="969" /><ent r="3" t="60" w="1008" /><ent r="3" t="60" w="1047" /><ent r="5" t="69" w="527" /><ent r="5" t="69" w="537" /><ent r="4" t="69" w="545" /><ent r="4" t="69" w="550" /><ent r="7" t="69" w="571" /><ent r="7" t="69" w="574" /></phr></stem><stem n="usual"><phr n="usual"><ent r="3" t="24" w="60" /><ent r="3" t="30" w="204" /><ent r="3" t="31" w="771" /><ent r="3" t="60" w="290" /></phr><phr n="usually"><ent r="3" t="31" w="301" /><ent r="4" t="54" w="230" /></phr></stem><stem n="ltibbbimageread"><phr n="ltibbbimagereader"><ent r="4" t="24" w="70" /><ent r="4" t="59" w="83" /><ent r="4" t="59" w="87" /><ent r="4" t="59" w="168" /><ent r="4" t="63" w="201" /></phr></stem><stem n="ltibbbimagewrit"><phr n="ltibbbimagewriter"><ent r="4" t="24" w="71" /><ent r="4" t="59" w="84" /><ent r="4" t="59" w="652" /></phr></stem><stem n="bbb"><phr n="bbb"><ent r="3" t="24" w="82" /><ent r="4" t="24" w="94" /><ent r="4" t="49" w="41" /><ent r="3" t="50" w="149" /><ent r="3" t="50" w="159" /><ent r="4" t="52" w="52" /><ent r="268435456" t="59" w="2" /><ent r="4096" t="59" w="4" /><ent r="4096" t="59" w="8" /><ent r="1048578" t="59" w="11" /><ent r="3" t="59" w="13" /><ent r="3" t="59" w="51" /><ent r="3" t="59" w="54" /><ent r="4" t="59" w="96" /><ent r="4" t="59" w="105" /><ent r="3" t="59" w="113" /><ent r="3" t="59" w="714" /><ent r="4" t="59" w="755" /><ent r="3" t="63" w="196" /><ent r="3" t="69" w="63" /><ent r="4" t="69" w="76" /><ent r="4" t="69" w="147" /><ent r="4" t="69" w="218" /></phr></stem><stem n="syntax"><phr n="syntax"><ent r="3" t="24" w="91" /><ent r="3" t="59" w="121" /><ent r="3" t="59" w="737" /></phr></stem><stem n="togeth"><phr n="together"><ent r="3" t="25" w="20" /><ent r="3" t="30" w="164" /><ent r="3" t="31" w="1052" /><ent r="3" t="31" w="1232" /><ent r="3" t="60" w="686" /><ent r="3" t="61" w="89" /><ent r="3" t="64" w="142" /><ent r="3" t="64" w="210" /><ent r="3" t="64" w="266" /><ent r="3" t="64" w="307" /><ent r="3" t="64" w="358" /><ent r="4" t="69" w="1065" /></phr></stem><stem n="put"><phr n="put"><ent r="3" t="25" w="26" /><ent r="3" t="57" w="103" /><ent r="3" t="60" w="174" /></phr><phr n="putting"><ent r="4" t="54" w="253" /></phr></stem><stem n="embodi"><phr n="embodiment"><ent r="3" t="25" w="43" /></phr></stem><stem n="ltinavig"><phr n="ltinavigator"><ent r="4" t="25" w="45" /><ent r="4" t="54" w="557" /><ent r="4" t="54" w="558" /><ent r="4" t="54" w="559" /><ent r="4" t="54" w="560" /><ent r="4" t="54" w="563" /></phr></stem><stem n="move"><phr n="move"><ent r="4" t="25" w="54" /></phr><phr n="moves"><ent r="4" t="27" w="236" /></phr></stem><stem n="best"><phr n="best"><ent r="4" t="25" w="66" /><ent r="3" t="64" w="299" /><ent r="4098" t="67" w="159" /><ent r="3" t="67" w="259" /><ent r="3" t="67" w="303" /></phr></stem><stem n="fit"><phr n="fit"><ent r="4" t="25" w="67" /><ent r="4" t="27" w="99" /><ent r="3" t="31" w="588" /><ent r="4" t="31" w="622" /></phr></stem><stem n="center"><phr n="center"><ent r="4" t="25" w="84" /><ent r="4" t="50" w="99" /><ent r="3" t="50" w="230" /><ent r="5" t="50" w="441" /><ent r="3" t="50" w="744" /><ent r="3" t="50" w="1081" /><ent r="3" t="50" w="1104" /><ent r="4" t="58" w="141" /><ent r="4" t="58" w="147" /><ent r="4" t="60" w="918" /><ent r="4" t="60" w="931" /><ent r="6" t="62" w="393" /><ent r="3" t="67" w="195" /></phr><phr n="centered"><ent r="3" t="50" w="600" /><ent r="3" t="50" w="1076" /><ent r="3" t="50" w="1099" /></phr></stem><stem n="oppos"><phr n="opposed"><ent r="4" t="25" w="91" /><ent r="4" t="69" w="818" /></phr></stem><stem n="navig"><phr n="navigator"><ent r="3" t="25" w="95" /></phr><phr n="navigate"><ent r="3" t="67" w="107" /></phr></stem><stem n="proper"><phr n="proper"><ent r="3" t="25" w="98" /><ent r="3" t="50" w="342" /></phr></stem><stem n="round"><phr n="rounding"><ent r="3" t="25" w="99" /><ent r="3" t="43" w="60" /></phr><phr n="round"><ent r="3" t="50" w="530" /></phr></stem><stem n="keep"><phr n="keeping"><ent r="3" t="25" w="101" /></phr><phr n="keep"><ent r="3" t="30" w="357" /><ent r="3" t="32" w="98" /><ent r="4" t="56" w="22" /><ent r="4" t="57" w="291" /><ent r="3" t="61" w="769" /></phr><phr n="keeps"><ent r="3" t="56" w="60" /></phr></stem><stem n="transpar"><phr n="transparently"><ent r="3" t="25" w="106" /></phr><phr n="transparency"><ent r="4" t="27" w="36" /><ent r="3" t="50" w="171" /><ent r="4" t="62" w="481" /><ent r="3" t="64" w="31" /><ent r="3" t="64" w="143" /><ent r="3" t="64" w="148" /><ent r="5" t="69" w="30" /><ent r="4" t="69" w="962" /><ent r="4" t="69" w="975" /><ent r="3" t="69" w="1238" /></phr><phr n="transparent"><ent r="4" t="62" w="472" /></phr></stem><stem n="depend"><phr n="depending"><ent r="3" t="25" w="131" /><ent r="3" t="61" w="218" /><ent r="3" t="63" w="25" /><ent r="4" t="69" w="743" /></phr><phr n="depend"><ent r="3" t="31" w="1004" /><ent r="3" t="33" w="147" /></phr><phr n="depends"><ent r="4" t="69" w="1285" /></phr></stem><stem n="it"><phr n="it's"><ent r="3" t="25" w="133" /><ent r="3" t="50" w="675" /><ent r="3" t="67" w="76" /><ent r="3" t="67" w="135" /><ent r="4" t="69" w="397" /></phr></stem><stem n="visibl"><phr n="visible"><ent r="3" t="25" w="145" /><ent r="3" t="25" w="309" /></phr></stem><stem n="expos"><phr n="exposed"><ent r="3" t="25" w="146" /></phr></stem><stem n="larger"><phr n="larger"><ent r="3" t="25" w="162" /><ent r="4" t="27" w="136" /><ent r="4" t="27" w="148" /><ent r="4" t="27" w="152" /><ent r="3" t="31" w="374" /><ent r="3" t="50" w="645" /><ent r="3" t="53" w="62" /><ent r="4" t="62" w="452" /><ent r="4" t="62" w="460" /><ent r="4" t="69" w="922" /></phr></stem><stem n="total"><phr n="total"><ent r="3" t="25" w="182" /><ent r="3" t="25" w="199" /><ent r="3" t="25" w="312" /><ent r="3" t="59" w="386" /><ent r="3" t="59" w="392" /></phr></stem><stem n="200x100"><phr n="200x100"><ent r="3" t="25" w="184" /></phr></stem><stem n="20"><phr n="20"><ent r="3" t="25" w="185" /><ent r="3" t="25" w="203" /><ent r="4" t="31" w="236" /><ent r="4" t="31" w="262" /><ent r="4" t="31" w="618" /><ent r="4" t="39" w="130" /><ent r="4" t="69" w="1081" /></phr></stem><stem n="000"><phr n="000"><ent r="3" t="25" w="186" /><ent r="3" t="61" w="305" /><ent r="3" t="61" w="320" /><ent r="3" t="61" w="341" /><ent r="4" t="69" w="1082" /><ent r="4" t="69" w="1139" /></phr></stem><stem n="160x60"><phr n="160x60"><ent r="3" t="25" w="190" /></phr></stem><stem n="600"><phr n="600"><ent r="3" t="25" w="192" /><ent r="3" t="50" w="940" /><ent r="3" t="50" w="1108" /></phr></stem><stem n="40"><phr n="40"><ent r="3" t="25" w="202" /><ent r="4" t="31" w="273" /><ent r="3" t="61" w="319" /></phr></stem><stem n="20+40"><phr n="20+40"><ent r="3" t="25" w="213" /></phr></stem><stem n="assum"><phr n="assuming"><ent r="3" t="25" w="215" /><ent r="3" t="53" w="46" /><ent r="3" t="53" w="160" /></phr><phr n="assumed"><ent r="4" t="27" w="181" /></phr><phr n="assumes"><ent r="3" t="37" w="18" /><ent r="3" t="60" w="115" /><ent r="3" t="60" w="310" /></phr><phr n="assume"><ent r="3" t="50" w="711" /><ent r="3" t="53" w="25" /></phr></stem><stem n="pack"><phr n="packed"><ent r="3" t="25" w="227" /><ent r="4" t="25" w="265" /><ent r="4" t="25" w="273" /><ent r="4" t="25" w="281" /><ent r="4" t="25" w="289" /><ent r="3" t="44" w="67" /><ent r="3" t="60" w="685" /></phr></stem><stem n="layout"><phr n="layout"><ent r="3" t="25" w="233" /><ent r="4" t="25" w="299" /><ent r="3" t="59" w="100" /><ent r="3" t="59" w="109" /><ent r="4" t="59" w="330" /><ent r="3" t="59" w="331" /><ent r="3" t="59" w="333" /><ent r="3" t="59" w="336" /><ent r="4" t="59" w="758" /><ent r="4" t="69" w="83" /><ent r="4" t="69" w="105" /><ent r="4" t="69" w="143" /><ent r="4" t="69" w="154" /><ent r="4" t="69" w="176" /><ent r="4" t="69" w="214" /><ent r="4" t="69" w="224" /><ent r="4" t="69" w="246" /><ent r="4" t="69" w="284" /></phr><phr n="layouts"><ent r="3" t="59" w="35" /></phr></stem><stem n="organ"><phr n="organized"><ent r="3" t="25" w="251" /><ent r="3" t="59" w="32" /></phr><phr n="organizations"><ent r="3" t="68" w="89" /></phr></stem><stem n="fashion"><phr n="fashion"><ent r="3" t="25" w="252" /><ent r="3" t="28" w="33" /></phr></stem><stem n="pad"><phr n="padding"><ent r="4" t="25" w="300" /><ent r="4" t="25" w="301" /></phr></stem><stem n="row"><phr n="rows"><ent r="4" t="25" w="302" /><ent r="3" t="59" w="471" /><ent r="3" t="63" w="95" /><ent r="3" t="63" w="104" /><ent r="4" t="69" w="1222" /></phr></stem><stem n="satisfi"><phr n="satisfy"><ent r="4" t="25" w="303" /><ent r="3" t="63" w="207" /></phr></stem><stem n="align"><phr n="alignment"><ent r="4" t="25" w="304" /></phr></stem><stem n="held"><phr n="held"><ent r="3" t="25" w="318" /></phr></stem><stem n="individu"><phr n="individual"><ent r="3" t="25" w="324" /><ent r="4" t="27" w="215" /><ent r="3" t="61" w="636" /><ent r="3" t="61" w="712" /><ent r="3" t="67" w="134" /></phr><phr n="individuals"><ent r="3" t="68" w="88" /></phr></stem><stem n="concret"><phr n="concrete"><ent r="268435456" t="26" w="1" /><ent r="4096" t="26" w="5" /><ent r="16777218" t="26" w="9" /></phr><phr n="concretely"><ent r="3" t="31" w="1007" /></phr></stem><stem n="ltiaddalphafilt"><phr n="ltiaddalphafilter"><ent r="5" t="27" w="26" /></phr></stem><stem n="add"><phr n="adds"><ent r="4" t="27" w="28" /><ent r="3" t="30" w="212" /><ent r="3" t="55" w="82" /></phr><phr n="add"><ent r="4" t="40" w="18" /></phr></stem><stem n="ltibandselectfilt"><phr n="ltibandselectfilter"><ent r="5" t="27" w="41" /></phr></stem><stem n="remap"><phr n="remap"><ent r="4" t="27" w="54" /></phr></stem><stem n="former"><phr n="formerly"><ent r="4" t="27" w="59" /><ent r="4" t="27" w="66" /></phr></stem><stem n="ltisamplemapfilt"><phr n="ltisamplemapfilter"><ent r="5" t="27" w="60" /></phr></stem><stem n="merg"><phr n="merge"><ent r="4" t="27" w="61" /></phr></stem><stem n="greyscal"><phr n="greyscale"><ent r="4" t="27" w="62" /><ent r="6" t="59" w="219" /></phr></stem><stem n="lticolorcompositefilt"><phr n="lticolorcompositefilter"><ent r="5" t="27" w="67" /></phr></stem><stem n="lticolortransform"><phr n="lticolortransformer"><ent r="5" t="27" w="68" /><ent r="5" t="27" w="253" /></phr></stem><stem n="cmyk"><phr n="cmyk"><ent r="4" t="27" w="77" /><ent r="6" t="59" w="222" /><ent r="3" t="59" w="670" /><ent r="6" t="62" w="143" /><ent r="3" t="64" w="114" /><ent r="4" t="69" w="57" /><ent r="4" t="69" w="701" /></phr></stem><stem n="lticropfilt"><phr n="lticropfilter"><ent r="5" t="27" w="78" /></phr></stem><stem n="smaller"><phr n="smaller"><ent r="4" t="27" w="81" /><ent r="3" t="50" w="722" /><ent r="4" t="62" w="461" /><ent r="4" t="69" w="319" /><ent r="4" t="69" w="1229" /></phr></stem><stem n="reduct"><phr n="reduction"><ent r="4" t="27" w="85" /><ent r="4" t="31" w="194" /><ent r="3" t="31" w="718" /><ent r="4" t="69" w="320" /><ent r="4" t="69" w="341" /></phr></stem><stem n="true"><phr n="true"><ent r="4" t="27" w="88" /><ent r="3" t="39" w="153" /><ent r="4" t="57" w="234" /><ent r="4" t="57" w="282" /><ent r="5" t="57" w="294" /><ent r="4" t="57" w="319" /><ent r="4" t="57" w="402" /><ent r="4" t="57" w="412" /></phr></stem><stem n="lost"><phr n="lost"><ent r="4" t="27" w="93" /></phr></stem><stem n="ltidynamicrangefilt"><phr n="ltidynamicrangefilter"><ent r="5" t="27" w="94" /><ent r="5" t="27" w="254" /></phr></stem><stem n="preprocess"><phr n="preprocessing"><ent r="4" t="27" w="108" /></phr></stem><stem n="step"><phr n="step"><ent r="4" t="27" w="109" /><ent r="3" t="31" w="471" /><ent r="3" t="31" w="476" /><ent r="3" t="31" w="539" /><ent r="3" t="31" w="652" /><ent r="4" t="69" w="1225" /></phr><phr n="steps"><ent r="3" t="31" w="707" /><ent r="3" t="31" w="1270" /></phr></stem></index>