<?xml version="1.0" encoding="utf-8"?><index><stem n="instruct"><phr n="instructions"><ent r="3" t="6" w="34" /></phr></stem><stem n="demonstr"><phr n="demonstrate"><ent r="3" t="7" w="10" /></phr><phr n="demonstrations"><ent r="4" t="7" w="25" /><ent r="3" t="25" w="330" /></phr><phr n="demonstrating"><ent r="4" t="8" w="220" /></phr></stem><stem n="tabl"><phr n="table"><ent r="3" t="7" w="14" /><ent r="3" t="22" w="50" /><ent r="3" t="61" w="162" /><ent r="3" t="61" w="352" /><ent r="3" t="62" w="114" /><ent r="6" t="62" w="277" /><ent r="6" t="62" w="291" /><ent r="7" t="62" w="313" /><ent r="3" t="62" w="569" /><ent r="3" t="62" w="693" /><ent r="4" t="69" w="554" /></phr><phr n="tables"><ent r="4" t="36" w="69" /><ent r="4" t="36" w="96" /><ent r="3" t="37" w="76" /></phr></stem><stem n="consult"><phr n="consult"><ent r="3" t="7" w="18" /><ent r="3" t="17" w="54" /><ent r="3" t="34" w="47" /></phr></stem><stem n="type"><phr n="types"><ent r="3" t="7" w="20" /><ent r="3" t="10" w="56" /><ent r="3" t="10" w="436" /><ent r="3" t="12" w="121" /><ent r="3" t="15" w="11" /><ent r="3" t="15" w="29" /><ent r="3" t="19" w="74" /><ent r="3" t="20" w="41" /><ent r="4" t="26" w="17" /><ent r="3" t="31" w="87" /><ent r="3" t="31" w="766" /><ent r="3" t="35" w="94" /><ent r="3" t="40" w="14" /><ent r="5" t="54" w="159" /><ent r="3" t="60" w="553" /><ent r="3" t="60" w="571" /><ent r="3" t="60" w="573" /><ent r="3" t="60" w="592" /><ent r="4" t="69" w="637" /></phr><phr n="type"><ent r="4" t="10" w="346" /><ent r="4" t="16" w="61" /><ent r="4" t="23" w="34" /><ent r="3" t="30" w="143" /><ent r="3" t="39" w="144" /><ent r="3" t="39" w="149" /><ent r="3" t="43" w="38" /><ent r="3" t="49" w="28" /><ent r="3" t="54" w="123" /><ent r="5" t="54" w="152" /><ent r="4" t="56" w="17" /><ent r="4" t="57" w="467" /><ent r="3" t="59" w="240" /><ent r="3" t="60" w="556" /><ent r="3" t="60" w="757" /><ent r="3" t="60" w="782" /><ent r="6" t="62" w="271" /><ent r="6" t="62" w="352" /><ent r="6" t="62" w="770" /><ent r="6" t="62" w="790" /><ent r="3" t="63" w="27" /></phr></stem><stem n="open"><phr n="opening"><ent r="7" t="7" w="29" /><ent r="3" t="30" w="153" /><ent r="3" t="43" w="14" /><ent r="3" t="46" w="50" /></phr><phr n="open"><ent r="5" t="19" w="47" /><ent r="4" t="19" w="127" /><ent r="3" t="32" w="104" /><ent r="3" t="32" w="105" /><ent r="3" t="32" w="109" /><ent r="3" t="33" w="103" /><ent r="3" t="48" w="82" /><ent r="3" t="48" w="98" /><ent r="3" t="57" w="117" /><ent r="5" t="57" w="118" /><ent r="5" t="57" w="131" /><ent r="5" t="57" w="147" /><ent r="5" t="57" w="158" /><ent r="5" t="57" w="173" /><ent r="5" t="57" w="484" /></phr><phr n="opened"><ent r="3" t="32" w="89" /><ent r="3" t="46" w="10" /><ent r="4" t="57" w="160" /><ent r="4" t="57" w="200" /></phr></stem><stem n="decodejp2tobbb"><phr n="decodejp2tobbb"><ent r="6" t="7" w="33" /><ent r="6" t="7" w="70" /></phr></stem><stem n="cpp"><phr n="cpp"><ent r="6" t="7" w="34" /><ent r="6" t="7" w="36" /><ent r="6" t="7" w="38" /><ent r="6" t="7" w="41" /><ent r="6" t="7" w="43" /><ent r="6" t="7" w="45" /><ent r="6" t="7" w="47" /><ent r="6" t="7" w="50" /><ent r="6" t="7" w="58" /><ent r="6" t="7" w="63" /><ent r="6" t="7" w="65" /><ent r="6" t="7" w="71" /><ent r="6" t="7" w="73" /><ent r="6" t="7" w="75" /><ent r="6" t="7" w="78" /><ent r="6" t="7" w="81" /><ent r="6" t="7" w="91" /><ent r="6" t="7" w="93" /><ent r="6" t="7" w="98" /><ent r="6" t="7" w="100" /><ent r="6" t="7" w="105" /><ent r="6" t="7" w="107" /><ent r="6" t="7" w="112" /><ent r="6" t="7" w="117" /><ent r="6" t="7" w="121" /><ent r="6" t="7" w="128" /><ent r="6" t="7" w="130" /><ent r="6" t="7" w="137" /><ent r="6" t="7" w="142" /><ent r="6" t="7" w="148" /><ent r="6" t="7" w="152" /><ent r="6" t="7" w="154" /><ent r="6" t="7" w="159" /><ent r="6" t="7" w="166" /><ent r="6" t="7" w="169" /><ent r="6" t="7" w="172" /></phr></stem><stem n="decodejp2tojpg"><phr n="decodejp2tojpg"><ent r="6" t="7" w="35" /><ent r="6" t="7" w="77" /></phr></stem><stem n="decodejp2tomemori"><phr n="decodejp2tomemory"><ent r="6" t="7" w="37" /><ent r="6" t="7" w="104" /></phr></stem><stem n="decodemrsidbandselect"><phr n="decodemrsidbandselection"><ent r="6" t="7" w="40" /><ent r="6" t="7" w="90" /><ent r="6" t="7" w="116" /><ent r="6" t="7" w="120" /></phr></stem><stem n="decodemrsidtomemori"><phr n="decodemrsidtomemory"><ent r="6" t="7" w="42" /><ent r="6" t="7" w="57" /><ent r="6" t="7" w="106" /></phr></stem><stem n="decodemrsidtoraw"><phr n="decodemrsidtoraw"><ent r="6" t="7" w="44" /><ent r="6" t="7" w="72" /></phr></stem><stem n="decodemrsidtotiff"><phr n="decodemrsidtotiff"><ent r="6" t="7" w="46" /><ent r="6" t="7" w="80" /></phr></stem><stem n="decodenitftobbb"><phr n="decodenitftobbb"><ent r="6" t="7" w="49" /><ent r="6" t="7" w="74" /></phr></stem><stem n="thread"><phr n="threads"><ent r="6" t="7" w="53" /><ent r="3" t="13" w="18" /><ent r="3" t="13" w="28" /><ent r="3" t="13" w="34" /><ent r="3" t="13" w="43" /><ent r="3" t="13" w="48" /><ent r="3" t="13" w="57" /><ent r="3" t="13" w="74" /><ent r="3" t="32" w="127" /><ent r="3" t="32" w="137" /><ent r="3" t="50" w="73" /><ent r="3" t="50" w="84" /></phr><phr n="threading"><ent r="268435456" t="13" w="2" /><ent r="1048578" t="13" w="4" /><ent r="3" t="13" w="84" /><ent r="4" t="32" w="142" /><ent r="4" t="50" w="90" /></phr><phr n="threaded"><ent r="65538" t="13" w="62" /><ent r="3" t="13" w="69" /></phr><phr n="thread"><ent r="4" t="54" w="676" /></phr></stem><stem n="imageinfo"><phr n="imageinfo"><ent r="6" t="7" w="62" /></phr></stem><stem n="metadatadump"><phr n="metadatadump"><ent r="6" t="7" w="64" /></phr></stem><stem n="ltiscenebuff"><phr n="ltiscenebuffer"><ent r="7" t="7" w="86" /><ent r="4" t="11" w="96" /><ent r="4" t="11" w="118" /><ent r="4" t="25" w="18" /><ent r="4" t="25" w="108" /><ent r="4" t="25" w="180" /><ent r="3" t="25" w="221" /><ent r="4" t="44" w="65" /></phr></stem><stem n="derivedimagefilt"><phr n="derivedimagefilter"><ent r="6" t="7" w="92" /><ent r="6" t="7" w="168" /></phr></stem><stem n="convert"><phr n="converting"><ent r="6" t="7" w="94" /><ent r="6" t="7" w="131" /></phr></stem><stem n="derivedimageread"><phr n="derivedimagereader"><ent r="6" t="7" w="97" /><ent r="6" t="7" w="165" /></phr></stem><stem n="derivedimagewrit"><phr n="derivedimagewriter"><ent r="6" t="7" w="99" /><ent r="6" t="7" w="171" /></phr></stem><stem n="sub"><phr n="sub"><ent r="6" t="7" w="109" /><ent r="6" t="7" w="161" /></phr></stem><stem n="scenebuff"><phr n="scenebuffer"><ent r="6" t="7" w="111" /></phr></stem><stem n="alpha"><phr n="alpha"><ent r="6" t="7" w="119" /><ent r="4" t="27" w="29" /><ent r="4" t="30" w="172" /><ent r="3" t="30" w="214" /><ent r="4" t="30" w="295" /><ent r="4096" t="31" w="1031" /><ent r="4096" t="31" w="1034" /><ent r="258" t="31" w="1036" /><ent r="3" t="31" w="1117" /><ent r="3" t="31" w="1164" /><ent r="3" t="31" w="1172" /><ent r="3" t="31" w="1187" /><ent r="3" t="49" w="63" /><ent r="4" t="62" w="474" /><ent r="4" t="62" w="477" /><ent r="3" t="64" w="33" /><ent r="3" t="64" w="160" /><ent r="4" t="69" w="904" /></phr></stem><stem n="custom"><phr n="custom"><ent r="6" t="7" w="123" /><ent r="3" t="37" w="252" /><ent r="3" t="37" w="315" /><ent r="3" t="49" w="110" /><ent r="6" t="62" w="195" /><ent r="6" t="62" w="211" /><ent r="3" t="62" w="843" /></phr><phr n="customers"><ent r="3" t="8" w="101" /><ent r="3" t="31" w="1217" /></phr><phr n="customer"><ent r="3" t="31" w="578" /><ent r="3" t="67" w="14" /></phr></stem><stem n="progress"><phr n="progress"><ent r="6" t="7" w="124" /><ent r="4" t="23" w="62" /><ent r="4" t="42" w="87" /><ent r="3" t="48" w="58" /><ent r="3" t="48" w="60" /><ent r="4" t="69" w="420" /></phr></stem><stem n="interrupt"><phr n="interrupt"><ent r="6" t="7" w="125" /><ent r="4" t="23" w="63" /><ent r="4" t="42" w="88" /></phr><phr n="interrupts"><ent r="4" t="69" w="418" /></phr></stem><stem n="deleg"><phr n="delegates"><ent r="6" t="7" w="126" /><ent r="3" t="22" w="90" /><ent r="3" t="22" w="92" /><ent r="4" t="23" w="64" /><ent r="4" t="42" w="89" /><ent r="3" t="54" w="686" /><ent r="4" t="54" w="694" /><ent r="4" t="69" w="415" /></phr><phr n="delegate"><ent r="3" t="22" w="104" /><ent r="3" t="22" w="130" /><ent r="3" t="23" w="98" /><ent r="3" t="69" w="406" /></phr></stem><stem n="progressdeleg"><phr n="progressdelegate"><ent r="6" t="7" w="127" /></phr></stem><stem n="interruptdeleg"><phr n="interruptdelegate"><ent r="6" t="7" w="129" /></phr></stem><stem n="geo"><phr n="geo"><ent r="6" t="7" w="132" /><ent r="4" t="27" w="237" /><ent r="4" t="50" w="253" /><ent r="4" t="50" w="389" /><ent r="3" t="50" w="747" /><ent r="3" t="50" w="775" /><ent r="3" t="50" w="784" /><ent r="3" t="50" w="806" /><ent r="3" t="50" w="832" /><ent r="3" t="50" w="928" /><ent r="3" t="50" w="938" /><ent r="3" t="50" w="948" /><ent r="3" t="50" w="999" /><ent r="3" t="50" w="1009" /><ent r="3" t="50" w="1019" /><ent r="3" t="50" w="1061" /><ent r="3" t="50" w="1071" /><ent r="3" t="50" w="1116" /><ent r="3" t="60" w="871" /><ent r="258" t="61" w="65" /><ent r="3" t="61" w="531" /><ent r="3" t="61" w="574" /><ent r="4" t="61" w="612" /><ent r="3" t="63" w="84" /><ent r="4" t="67" w="206" /></phr></stem><stem n="interest"><phr n="interest"><ent r="6" t="7" w="134" /><ent r="3" t="12" w="12" /><ent r="3" t="31" w="451" /><ent r="3" t="31" w="975" /><ent r="3" t="31" w="979" /><ent r="3" t="62" w="565" /><ent r="3" t="62" w="575" /><ent r="4" t="62" w="577" /></phr></stem><stem n="ltiscen"><phr n="ltiscene"><ent r="7" t="7" w="135" /><ent r="4" t="12" w="17" /><ent r="4" t="25" w="16" /><ent r="4" t="25" w="29" /><ent r="4" t="25" w="48" /><ent r="4" t="44" w="55" /></phr></stem><stem n="geoscen"><phr n="geoscene"><ent r="6" t="7" w="136" /></phr></stem><stem n="check"><phr n="checking"><ent r="6" t="7" w="138" /><ent r="4" t="54" w="277" /></phr><phr n="checked"><ent r="3" t="14" w="60" /></phr><phr n="check"><ent r="3" t="52" w="21" /><ent r="4" t="54" w="274" /></phr></stem><stem n="decodemrsidlidar"><phr n="decodemrsidlidar"><ent r="6" t="7" w="141" /></phr></stem><stem n="look"><phr n="looking"><ent r="6" t="7" w="143" /><ent r="3" t="64" w="300" /></phr></stem><stem n="error"><phr n="error"><ent r="6" t="7" w="145" /><ent r="4" t="8" w="234" /><ent r="3" t="17" w="20" /><ent r="3" t="17" w="31" /><ent r="3" t="17" w="34" /><ent r="3" t="17" w="51" /><ent r="4" t="54" w="266" /><ent r="4" t="57" w="164" /><ent r="4" t="57" w="183" /><ent r="6" t="57" w="250" /><ent r="4" t="57" w="257" /><ent r="6" t="57" w="332" /><ent r="4" t="57" w="339" /></phr><phr n="errors"><ent r="3" t="14" w="175" /><ent r="3" t="50" w="532" /><ent r="3" t="58" w="172" /></phr></stem><stem n="messag"><phr n="messages"><ent r="6" t="7" w="146" /><ent r="4" t="8" w="235" /><ent r="3" t="48" w="43" /></phr><phr n="message"><ent r="3" t="48" w="24" /><ent r="3" t="48" w="29" /></phr></stem><stem n="errorhandl"><phr n="errorhandling"><ent r="6" t="7" w="147" /></phr></stem><stem n="ltiostreaminf"><phr n="ltiostreaminf"><ent r="7" t="7" w="150" /><ent r="4" t="19" w="10" /><ent r="4" t="19" w="33" /><ent r="4" t="19" w="40" /><ent r="5" t="19" w="115" /><ent r="4" t="19" w="149" /><ent r="4" t="46" w="21" /><ent r="4" t="46" w="64" /><ent r="4" t="57" w="11" /><ent r="4" t="57" w="52" /></phr></stem><stem n="derivedstream"><phr n="derivedstream"><ent r="6" t="7" w="151" /></phr></stem><stem n="usingstream"><phr n="usingstreams"><ent r="6" t="7" w="153" /></phr></stem><stem n="ltiimagestag"><phr n="ltiimagestage"><ent r="7" t="7" w="163" /><ent r="4096" t="10" w="324" /><ent r="5" t="10" w="348" /><ent r="5" t="10" w="360" /><ent r="5" t="10" w="368" /><ent r="5" t="10" w="377" /><ent r="5" t="10" w="401" /><ent r="4" t="10" w="425" /><ent r="4" t="11" w="61" /><ent r="4" t="23" w="53" /><ent r="4" t="23" w="69" /><ent r="4" t="23" w="132" /><ent r="4" t="25" w="13" /><ent r="4" t="27" w="10" /><ent r="6" t="54" w="155" /><ent r="5" t="54" w="463" /><ent r="5" t="54" w="466" /><ent r="5" t="54" w="477" /><ent r="5" t="54" w="483" /><ent r="5" t="54" w="505" /><ent r="5" t="54" w="507" /><ent r="4" t="55" w="13" /><ent r="4" t="55" w="16" /><ent r="4" t="55" w="27" /><ent r="4" t="55" w="33" /><ent r="4" t="55" w="114" /><ent r="4" t="56" w="7" /><ent r="4" t="56" w="51" /><ent r="3" t="56" w="76" /><ent r="4" t="64" w="125" /></phr></stem><stem n="ltiimageread"><phr n="ltiimagereader"><ent r="7" t="7" w="164" /><ent r="4096" t="10" w="326" /><ent r="5" t="10" w="358" /><ent r="4" t="23" w="65" /></phr></stem><stem n="ltiimagefilt"><phr n="ltiimagefilter"><ent r="7" t="7" w="167" /><ent r="4096" t="10" w="328" /><ent r="5" t="10" w="366" /><ent r="5" t="10" w="375" /><ent r="4" t="23" w="66" /><ent r="4" t="27" w="7" /><ent r="4" t="27" w="315" /><ent r="5" t="54" w="474" /><ent r="5" t="54" w="475" /><ent r="5" t="54" w="487" /><ent r="4" t="55" w="24" /><ent r="4" t="55" w="25" /><ent r="4" t="55" w="37" /><ent r="3" t="55" w="70" /><ent r="3" t="55" w="109" /></phr></stem><stem n="ltiimagewrit"><phr n="ltiimagewriter"><ent r="7" t="7" w="170" /><ent r="4096" t="10" w="330" /><ent r="5" t="10" w="378" /><ent r="5" t="10" w="399" /><ent r="4" t="11" w="192" /><ent r="4" t="23" w="85" /><ent r="4" t="23" w="108" /><ent r="4" t="23" w="115" /><ent r="4" t="28" w="7" /><ent r="4" t="28" w="82" /><ent r="4" t="28" w="88" /></phr></stem><stem n="issu"><phr n="issues"><ent r="3" t="8" w="8" /><ent r="3" t="8" w="43" /><ent r="3" t="8" w="167" /><ent r="3" t="25" w="97" /><ent r="3" t="52" w="14" /><ent r="3" t="60" w="264" /><ent r="3" t="61" w="73" /></phr><phr n="issue"><ent r="3" t="14" w="140" /><ent r="3" t="56" w="39" /><ent r="3" t="63" w="39" /></phr></stem><stem n="resolv"><phr n="resolved"><ent r="3" t="8" w="9" /><ent r="3" t="60" w="84" /></phr><phr n="resolving"><ent r="3" t="8" w="193" /></phr></stem><stem n="knowledg"><phr n="knowledge"><ent r="3" t="8" w="21" /><ent r="3" t="8" w="27" /><ent r="3" t="8" w="36" /><ent r="3" t="8" w="159" /></phr></stem><stem n="updat"><phr n="updates"><ent r="3" t="8" w="24" /><ent r="3" t="8" w="105" /></phr><phr n="updated"><ent r="3" t="8" w="45" /><ent r="3" t="8" w="111" /><ent r="3" t="30" w="111" /><ent r="3" t="31" w="711" /><ent r="3" t="31" w="722" /><ent r="3" t="31" w="1290" /><ent r="3" t="40" w="50" /><ent r="3" t="52" w="31" /></phr></stem><stem n="websit"><phr n="website"><ent r="3" t="8" w="26" /><ent r="3" t="8" w="47" /><ent r="4096" t="8" w="49" /><ent r="3" t="8" w="56" /><ent r="3" t="8" w="153" /><ent r="3" t="33" w="157" /><ent r="3" t="52" w="25" /></phr></stem><stem n="http"><phr n="http"><ent r="4" t="8" w="29" /><ent r="4" t="8" w="50" /><ent r="4" t="8" w="80" /><ent r="4" t="8" w="106" /><ent r="4" t="8" w="121" /><ent r="4" t="8" w="144" /><ent r="4" t="33" w="158" /><ent r="4" t="52" w="26" /><ent r="4" t="67" w="87" /><ent r="4" t="67" w="149" /><ent r="4" t="67" w="339" /></phr></stem><stem n="www"><phr n="www"><ent r="4" t="8" w="30" /><ent r="4" t="8" w="81" /><ent r="4" t="8" w="107" /><ent r="4" t="8" w="122" /><ent r="4" t="8" w="145" /><ent r="4" t="13" w="109" /><ent r="4" t="66" w="50" /><ent r="4" t="67" w="88" /><ent r="4" t="67" w="150" /><ent r="4" t="67" w="202" /><ent r="4" t="67" w="287" /><ent r="4" t="67" w="340" /><ent r="4" t="68" w="122" /></phr></stem><stem n="com"><phr n="com"><ent r="4" t="8" w="32" /><ent r="4" t="8" w="53" /><ent r="4" t="8" w="83" /><ent r="4" t="8" w="109" /><ent r="4" t="8" w="124" /><ent r="4" t="8" w="147" /><ent r="4" t="33" w="161" /><ent r="4" t="52" w="29" /><ent r="3" t="60" w="56" /><ent r="4" t="66" w="52" /><ent r="4" t="67" w="90" /><ent r="4" t="67" w="152" /><ent r="4" t="67" w="204" /><ent r="4" t="67" w="289" /><ent r="4" t="67" w="342" /><ent r="4" t="68" w="124" /></phr></stem><stem n="kb"><phr n="kb"><ent r="4" t="8" w="34" /></phr></stem><stem n="articl"><phr n="articles"><ent r="3" t="8" w="39" /><ent r="3" t="52" w="9" /></phr></stem><stem n="known"><phr n="known"><ent r="3" t="8" w="40" /><ent r="3" t="30" w="25" /><ent r="3" t="30" w="31" /><ent r="3" t="30" w="103" /><ent r="3" t="31" w="698" /><ent r="3" t="39" w="33" /><ent r="3" t="41" w="12" /><ent r="3" t="49" w="130" /><ent r="3" t="57" w="36" /><ent r="4" t="69" w="46" /><ent r="4" t="69" w="301" /><ent r="4" t="69" w="951" /></phr></stem><stem n="usag"><phr n="usage"><ent r="3" t="8" w="42" /><ent r="3" t="8" w="98" /><ent r="3" t="10" w="441" /><ent r="3" t="14" w="20" /><ent r="3" t="22" w="131" /><ent r="3" t="23" w="148" /><ent r="3" t="31" w="310" /><ent r="3" t="31" w="312" /><ent r="3" t="32" w="62" /><ent r="3" t="32" w="65" /><ent r="3" t="32" w="80" /><ent r="3" t="32" w="83" /><ent r="3" t="32" w="93" /><ent r="3" t="48" w="23" /><ent r="3" t="48" w="28" /><ent r="4" t="54" w="538" /></phr></stem><stem n="frequent"><phr n="frequently"><ent r="3" t="8" w="44" /><ent r="3" t="52" w="16" /></phr></stem><stem n="within"><phr n="within"><ent r="3" t="8" w="66" /><ent r="4" t="10" w="127" /><ent r="4" t="25" w="72" /><ent r="3" t="25" w="103" /><ent r="4" t="27" w="131" /><ent r="3" t="30" w="69" /><ent r="3" t="31" w="482" /><ent r="4" t="36" w="113" /><ent r="3" t="50" w="864" /><ent r="4" t="54" w="354" /><ent r="4" t="54" w="674" /><ent r="4" t="57" w="220" /><ent r="3" t="58" w="28" /><ent r="3" t="61" w="394" /><ent r="3" t="61" w="507" /><ent r="3" t="61" w="524" /><ent r="3" t="62" w="12" /><ent r="6" t="62" w="342" /><ent r="3" t="64" w="43" /><ent r="3" t="64" w="343" /></phr></stem><stem n="download"><phr n="downloadable"><ent r="3" t="8" w="68" /></phr><phr n="download"><ent r="3" t="8" w="117" /><ent r="3" t="13" w="99" /></phr><phr n="downloads"><ent r="4" t="67" w="91" /><ent r="4" t="67" w="153" /></phr><phr n="downloaded"><ent r="3" t="67" w="130" /></phr></stem><stem n="sdks"><phr n="sdks"><ent r="3" t="8" w="70" /><ent r="3" t="51" w="27" /></phr></stem><stem n="link"><phr n="link"><ent r="3" t="8" w="74" /><ent r="3" t="9" w="37" /><ent r="3" t="15" w="50" /><ent r="4" t="20" w="86" /><ent r="4" t="26" w="28" /><ent r="3" t="29" w="100" /><ent r="3" t="35" w="179" /><ent r="3" t="38" w="74" /><ent r="3" t="42" w="127" /><ent r="3" t="47" w="21" /><ent r="3" t="52" w="36" /><ent r="3" t="65" w="25" /></phr><phr n="links"><ent r="3" t="8" w="157" /></phr></stem><stem n="email"><phr n="email"><ent r="3" t="8" w="76" /></phr></stem><stem n="forum"><phr n="forums"><ent r="3" t="8" w="79" /><ent r="4" t="8" w="84" /></phr></stem><stem n="fora"><phr n="fora"><ent r="3" t="8" w="85" /></phr></stem><stem n="place"><phr n="place"><ent r="3" t="8" w="86" /><ent r="4" t="27" w="146" /></phr></stem><stem n="engag"><phr n="engage"><ent r="3" t="8" w="87" /></phr></stem><stem n="intellig"><phr n="intelligent"><ent r="3" t="8" w="88" /></phr><phr n="intelligence"><ent r="3" t="35" w="27" /></phr></stem><stem n="discours"><phr n="discourse"><ent r="3" t="8" w="89" /></phr></stem><stem n="ask"><phr n="ask"><ent r="3" t="8" w="92" /><ent r="3" t="43" w="74" /></phr><phr n="asked"><ent r="3" t="25" w="141" /><ent r="3" t="52" w="17" /><ent r="4" t="57" w="230" /><ent r="3" t="60" w="171" /></phr></stem><stem n="question"><phr n="questions"><ent r="3" t="8" w="93" /><ent r="3" t="52" w="15" /><ent r="3" t="60" w="82" /></phr></stem><stem n="answer"><phr n="answers"><ent r="3" t="8" w="95" /></phr></stem><stem n="share"><phr n="share"><ent r="3" t="8" w="96" /></phr></stem><stem n="tip"><phr n="tips"><ent r="3" t="8" w="99" /></phr></stem><stem n="around"><phr n="around"><ent r="3" t="8" w="102" /><ent r="4" t="56" w="24" /></phr></stem><stem n="world"><phr n="world"><ent r="3" t="8" w="103" /><ent r="3" t="22" w="62" /><ent r="3" t="23" w="125" /><ent r="3" t="32" w="53" /><ent r="3" t="49" w="85" /><ent r="3" t="49" w="125" /><ent r="3" t="50" w="138" /><ent r="4" t="52" w="49" /><ent r="268435456" t="58" w="2" /><ent r="4096" t="58" w="4" /><ent r="4096" t="58" w="8" /><ent r="1048578" t="58" w="11" /><ent r="3" t="58" w="13" /><ent r="3" t="58" w="35" /><ent r="3" t="58" w="55" /><ent r="3" t="58" w="65" /><ent r="3" t="58" w="81" /><ent r="3" t="58" w="87" /><ent r="3" t="58" w="94" /><ent r="3" t="58" w="99" /><ent r="3" t="58" w="169" /><ent r="3" t="58" w="182" /><ent r="3" t="58" w="200" /><ent r="3" t="60" w="286" /><ent r="3" t="60" w="294" /><ent r="3" t="60" w="305" /><ent r="258" t="60" w="505" /><ent r="3" t="60" w="544" /><ent r="3" t="60" w="566" /><ent r="3" t="60" w="712" /><ent r="3" t="60" w="806" /><ent r="4" t="60" w="921" /><ent r="3" t="60" w="934" /><ent r="3" t="60" w="1086" /><ent r="3" t="61" w="49" /><ent r="3" t="61" w="410" /><ent r="3" t="61" w="419" /><ent r="4" t="61" w="605" /><ent r="3" t="61" w="627" /><ent r="4" t="61" w="696" /><ent r="4" t="61" w="759" /><ent r="3" t="63" w="189" /><ent r="3" t="69" w="1322" /></phr></stem><stem n="viewer"><phr n="viewer"><ent r="3" t="8" w="114" /><ent r="3" t="31" w="443" /><ent r="3" t="51" w="42" /><ent r="3" t="66" w="34" /><ent r="4" t="69" w="1261" /></phr><phr n="viewers"><ent r="4" t="67" w="93" /><ent r="4" t="67" w="155" /></phr></stem><stem n="cost"><phr n="cost"><ent r="3" t="8" w="118" /><ent r="3" t="31" w="303" /><ent r="3" t="32" w="77" /><ent r="3" t="32" w="116" /><ent r="3" t="42" w="20" /><ent r="3" t="42" w="28" /></phr></stem><stem n="plan"><phr n="plans"><ent r="3" t="8" w="120" /><ent r="3" t="31" w="791" /></phr><phr n="plan"><ent r="3" t="8" w="134" /></phr><phr n="planned"><ent r="3" t="60" w="190" /></phr></stem><stem n="purchas"><phr n="purchase"><ent r="4" t="8" w="125" /></phr><phr n="purchaser's"><ent r="3" t="68" w="54" /></phr></stem><stem n="php"><phr n="php"><ent r="4" t="8" w="126" /></phr></stem><stem n="protect"><phr n="protect"><ent r="3" t="8" w="127" /></phr><phr n="protected"><ent r="3" t="11" w="81" /><ent r="3" t="55" w="85" /></phr></stem><stem n="invest"><phr n="investment"><ent r="3" t="8" w="128" /></phr></stem><stem n="particip"><phr n="participating"><ent r="3" t="8" w="131" /></phr></stem><stem n="lizarttech"><phr n="lizarttech"><ent r="3" t="8" w="132" /></phr></stem><stem n="visit"><phr n="visit"><ent r="3" t="8" w="152" /><ent r="3" t="66" w="49" /><ent r="3" t="67" w="86" /><ent r="3" t="67" w="148" /><ent r="3" t="67" w="201" /><ent r="3" t="67" w="286" /><ent r="3" t="67" w="338" /></phr></stem><stem n="abov"><phr n="above"><ent r="3" t="8" w="154" /><ent r="4" t="10" w="385" /><ent r="3" t="11" w="176" /><ent r="3" t="31" w="172" /><ent r="3" t="31" w="709" /><ent r="3" t="37" w="150" /><ent r="3" t="37" w="254" /><ent r="3" t="50" w="613" /><ent r="3" t="50" w="750" /><ent r="3" t="50" w="802" /><ent r="4" t="57" w="526" /><ent r="3" t="59" w="656" /><ent r="3" t="60" w="466" /><ent r="3" t="61" w="435" /><ent r="3" t="61" w="503" /><ent r="3" t="61" w="565" /><ent r="3" t="64" w="151" /><ent r="3" t="64" w="177" /></phr></stem><stem n="url"><phr n="url"><ent r="3" t="8" w="155" /><ent r="3" t="13" w="107" /><ent r="6" t="62" w="682" /><ent r="6" t="62" w="684" /></phr></stem><stem n="activ"><phr n="activation"><ent r="3" t="8" w="162" /></phr></stem><stem n="page"><phr n="page"><ent r="3" t="8" w="163" /><ent r="3" t="61" w="164" /><ent r="3" t="61" w="354" /><ent r="3" t="61" w="408" /><ent r="3" t="63" w="101" /><ent r="268435456" t="68" w="3" /></phr><phr n="paging"><ent r="3" t="31" w="347" /></phr></stem><stem n="form"><phr n="form"><ent r="3" t="8" w="165" /><ent r="3" t="10" w="228" /><ent r="3" t="23" w="120" /><ent r="4" t="25" w="276" /><ent r="4" t="25" w="284" /><ent r="4" t="25" w="292" /><ent r="3" t="29" w="55" /><ent r="3" t="37" w="42" /><ent r="3" t="39" w="44" /><ent r="3" t="50" w="560" /><ent r="3" t="50" w="576" /><ent r="3" t="50" w="591" /><ent r="4" t="57" w="196" /><ent r="3" t="60" w="416" /><ent r="3" t="61" w="132" /><ent r="4" t="62" w="432" /><ent r="3" t="68" w="44" /><ent r="4" t="69" w="439" /><ent r="4" t="69" w="447" /><ent r="4" t="69" w="920" /></phr><phr n="forms"><ent r="4" t="25" w="268" /><ent r="4" t="31" w="256" /><ent r="4" t="69" w="433" /></phr><phr n="formed"><ent r="3" t="29" w="70" /><ent r="3" t="50" w="689" /></phr></stem><stem n="assist"><phr n="assistance"><ent r="3" t="8" w="170" /></phr><phr n="assist"><ent r="3" t="8" w="192" /></phr></stem><stem n="emerg"><phr n="emergency"><ent r="3" t="8" w="171" /></phr></stem><stem n="206"><phr n="206"><ent r="3" t="8" w="173" /><ent r="3" t="68" w="119" /></phr></stem><stem n="902"><phr n="902"><ent r="3" t="8" w="174" /></phr></stem><stem n="2845"><phr n="2845"><ent r="3" t="8" w="175" /></phr></stem><stem n="hour"><phr n="hours"><ent r="3" t="8" w="176" /></phr></stem><stem n="am"><phr n="am"><ent r="3" t="8" w="178" /></phr></stem><stem n="pm"><phr n="pm"><ent r="3" t="8" w="180" /></phr></stem><stem n="pacif"><phr n="pacific"><ent r="3" t="8" w="181" /></phr></stem><stem n="befor"><phr n="before"><ent r="4096" t="8" w="185" /><ent r="3" t="30" w="228" /><ent r="3" t="56" w="63" /><ent r="4" t="57" w="121" /><ent r="4" t="57" w="202" /><ent r="4" t="61" w="624" /><ent r="3" t="63" w="175" /></phr></stem><stem n="us"><phr n="us"><ent r="4096" t="8" w="187" /><ent r="4" t="8" w="229" /><ent r="3" t="50" w="324" /><ent r="3" t="50" w="344" /><ent r="3" t="50" w="368" /></phr></stem><stem n="run"><phr n="running"><ent r="4" t="8" w="198" /><ent r="3" t="22" w="114" /><ent r="3" t="31" w="304" /></phr><phr n="run"><ent r="3" t="13" w="6" /><ent r="3" t="13" w="19" /><ent r="3" t="31" w="481" /></phr><phr n="runs"><ent r="3" t="31" w="1196" /></phr></stem><stem n="much"><phr n="much"><ent r="4" t="8" w="205" /><ent r="4" t="8" w="212" /><ent r="4" t="8" w="223" /></phr></stem><stem n="free"><phr n="free"><ent r="4" t="8" w="206" /><ent r="3" t="60" w="542" /><ent r="3" t="67" w="39" /><ent r="3" t="67" w="133" /></phr></stem><stem n="hard"><phr n="hard"><ent r="4" t="8" w="207" /><ent r="3" t="53" w="138" /><ent r="3" t="53" w="149" /><ent r="3" t="54" w="41" /><ent r="3" t="60" w="160" /></phr></stem><stem n="drive"><phr n="drive"><ent r="4" t="8" w="208" /></phr></stem><stem n="space"><phr n="space"><ent r="4" t="8" w="209" /><ent r="3" t="10" w="215" /><ent r="3" t="12" w="34" /><ent r="3" t="12" w="210" /><ent r="3" t="12" w="255" /><ent r="4" t="27" w="184" /><ent r="4" t="31" w="196" /><ent r="4" t="31" w="616" /><ent r="3" t="31" w="964" /><ent r="3" t="50" w="251" /><ent r="3" t="50" w="371" /><ent r="4" t="50" w="381" /><ent r="4" t="50" w="386" /><ent r="4" t="50" w="390" /><ent r="4" t="50" w="393" /><ent r="3" t="50" w="755" /><ent r="3" t="50" w="773" /><ent r="3" t="50" w="807" /><ent r="3" t="61" w="493" /><ent r="4" t="69" w="1282" /></phr><phr n="spaces"><ent r="3" t="21" w="23" /><ent r="3" t="50" w="749" /><ent r="4" t="54" w="77" /></phr></stem><stem n="simplifi"><phr n="simplified"><ent r="4" t="8" w="222" /></phr><phr n="simplify"><ent r="4" t="27" w="158" /><ent r="4" t="54" w="461" /><ent r="3" t="55" w="11" /></phr></stem></index>