<?xml version="1.0" encoding="utf-8"?><index><stem n="becom"><phr n="become"><ent r="3" t="0" w="18" /><ent r="3" t="60" w="520" /></phr><phr n="becomes"><ent r="3" t="30" w="116" /><ent r="4" t="57" w="401" /></phr></stem><stem n="import"><phr n="important"><ent r="3" t="0" w="19" /><ent r="3" t="30" w="356" /><ent r="4" t="31" w="288" /><ent r="3" t="31" w="1294" /><ent r="3" t="35" w="96" /><ent r="3" t="54" w="54" /></phr><phr n="import"><ent r="3" t="25" w="258" /><ent r="3" t="31" w="752" /></phr><phr n="importing"><ent r="3" t="63" w="133" /></phr><phr n="importance"><ent r="4" t="69" w="1283" /></phr></stem><stem n="everi"><phr n="every"><ent r="3" t="0" w="20" /><ent r="3" t="22" w="83" /></phr></stem><stem n="aspect"><phr n="aspect"><ent r="3" t="0" w="21" /></phr></stem><stem n="busi"><phr n="business"><ent r="3" t="0" w="22" /><ent r="3" t="60" w="96" /><ent r="3" t="68" w="11" /><ent r="3" t="68" w="81" /></phr></stem><stem n="industri"><phr n="industry"><ent r="3" t="0" w="23" /><ent r="4098" t="67" w="157" /><ent r="3" t="67" w="173" /><ent r="3" t="67" w="180" /></phr></stem><stem n="govern"><phr n="government"><ent r="3" t="0" w="24" /><ent r="3" t="29" w="65" /><ent r="3" t="35" w="32" /><ent r="3" t="35" w="38" /></phr><phr n="governing"><ent r="3" t="61" w="501" /></phr></stem><stem n="enorm"><phr n="enormous"><ent r="3" t="0" w="25" /></phr></stem><stem n="amount"><phr n="amounts"><ent r="3" t="0" w="26" /><ent r="4" t="27" w="106" /><ent r="3" t="31" w="484" /></phr><phr n="amount"><ent r="3" t="11" w="32" /><ent r="4" t="25" w="59" /><ent r="4" t="25" w="64" /><ent r="4" t="27" w="222" /><ent r="3" t="31" w="375" /><ent r="3" t="31" w="437" /><ent r="3" t="60" w="659" /><ent r="4" t="69" w="339" /></phr></stem><stem n="data"><phr n="data"><ent r="3" t="0" w="27" /><ent r="3" t="0" w="81" /><ent r="3" t="0" w="111" /><ent r="3" t="0" w="114" /><ent r="3" t="0" w="122" /><ent r="3" t="0" w="162" /><ent r="3" t="0" w="249" /><ent r="3" t="1" w="40" /><ent r="3" t="1" w="65" /><ent r="3" t="1" w="67" /><ent r="4" t="3" w="124" /><ent r="6" t="7" w="84" /><ent r="6" t="7" w="89" /><ent r="6" t="7" w="115" /><ent r="4" t="8" w="227" /><ent r="3" t="10" w="23" /><ent r="4" t="10" w="67" /><ent r="4" t="10" w="81" /><ent r="4" t="10" w="93" /><ent r="4" t="10" w="102" /><ent r="4" t="10" w="150" /><ent r="3" t="10" w="198" /><ent r="3" t="10" w="205" /><ent r="3" t="10" w="208" /><ent r="3" t="10" w="224" /><ent r="3" t="10" w="233" /><ent r="3" t="10" w="249" /><ent r="3" t="10" w="254" /><ent r="3" t="10" w="260" /><ent r="4" t="10" w="356" /><ent r="3" t="11" w="122" /><ent r="3" t="11" w="136" /><ent r="3" t="11" w="157" /><ent r="3" t="11" w="189" /><ent r="3" t="19" w="17" /><ent r="3" t="24" w="36" /><ent r="3" t="24" w="87" /><ent r="3" t="25" w="27" /><ent r="3" t="25" w="116" /><ent r="3" t="25" w="222" /><ent r="3" t="25" w="232" /><ent r="3" t="25" w="250" /><ent r="4" t="25" w="262" /><ent r="4" t="25" w="270" /><ent r="4" t="25" w="278" /><ent r="4" t="25" w="286" /><ent r="4" t="25" w="294" /><ent r="3" t="25" w="317" /><ent r="4" t="27" w="91" /><ent r="4" t="27" w="120" /><ent r="3" t="29" w="30" /><ent r="3" t="29" w="42" /><ent r="3" t="30" w="113" /><ent r="3" t="30" w="192" /><ent r="3" t="30" w="196" /><ent r="3" t="30" w="201" /><ent r="3" t="30" w="222" /><ent r="4" t="30" w="287" /><ent r="4" t="30" w="292" /><ent r="3" t="31" w="22" /><ent r="3" t="31" w="27" /><ent r="3" t="31" w="35" /><ent r="4096" t="31" w="50" /><ent r="3" t="31" w="67" /><ent r="3" t="31" w="77" /><ent r="3" t="31" w="86" /><ent r="3" t="31" w="105" /><ent r="3" t="31" w="108" /><ent r="3" t="31" w="145" /><ent r="3" t="31" w="500" /><ent r="3" t="31" w="569" /><ent r="3" t="31" w="672" /><ent r="3" t="31" w="740" /><ent r="3" t="31" w="768" /><ent r="3" t="31" w="793" /><ent r="3" t="31" w="890" /><ent r="3" t="31" w="914" /><ent r="3" t="31" w="1000" /><ent r="3" t="31" w="1128" /><ent r="3" t="31" w="1193" /><ent r="3" t="31" w="1253" /><ent r="3" t="31" w="1276" /><ent r="3" t="31" w="1279" /><ent r="3" t="31" w="1285" /><ent r="3" t="32" w="73" /><ent r="3" t="33" w="75" /><ent r="4" t="35" w="89" /><ent r="3" t="35" w="169" /><ent r="4" t="36" w="89" /><ent r="4" t="36" w="112" /><ent r="4" t="37" w="347" /><ent r="4" t="37" w="350" /><ent r="5" t="37" w="384" /><ent r="3" t="38" w="8" /><ent r="3" t="38" w="13" /><ent r="4" t="39" w="25" /><ent r="3" t="39" w="52" /><ent r="4" t="39" w="59" /><ent r="4" t="39" w="81" /><ent r="4" t="39" w="104" /><ent r="4" t="39" w="107" /><ent r="4" t="39" w="132" /><ent r="3" t="39" w="139" /><ent r="3" t="39" w="143" /><ent r="3" t="39" w="163" /><ent r="3" t="45" w="31" /><ent r="3" t="46" w="30" /><ent r="4" t="54" w="498" /><ent r="3" t="54" w="647" /><ent r="4" t="54" w="710" /><ent r="3" t="55" w="89" /><ent r="3" t="59" w="31" /><ent r="3" t="59" w="58" /><ent r="3" t="59" w="186" /><ent r="3" t="59" w="239" /><ent r="3" t="59" w="252" /><ent r="3" t="59" w="303" /><ent r="3" t="59" w="332" /><ent r="3" t="59" w="518" /><ent r="3" t="60" w="129" /><ent r="3" t="60" w="418" /><ent r="3" t="60" w="551" /><ent r="3" t="60" w="660" /><ent r="3" t="60" w="775" /><ent r="4" t="60" w="908" /><ent r="4" t="60" w="910" /><ent r="4" t="60" w="926" /><ent r="3" t="60" w="949" /><ent r="3" t="60" w="977" /><ent r="3" t="60" w="1027" /><ent r="3" t="60" w="1054" /><ent r="3" t="60" w="1068" /><ent r="3" t="61" w="60" /><ent r="3" t="61" w="95" /><ent r="3" t="61" w="104" /><ent r="3" t="61" w="140" /><ent r="3" t="61" w="143" /><ent r="3" t="61" w="155" /><ent r="3" t="61" w="345" /><ent r="3" t="61" w="382" /><ent r="3" t="61" w="389" /><ent r="3" t="61" w="439" /><ent r="3" t="61" w="460" /><ent r="3" t="61" w="540" /><ent r="4" t="61" w="617" /><ent r="4" t="61" w="621" /><ent r="3" t="61" w="673" /><ent r="4" t="61" w="684" /><ent r="6" t="61" w="691" /><ent r="4" t="61" w="715" /><ent r="4" t="61" w="747" /><ent r="6" t="61" w="754" /><ent r="7" t="62" w="188" /><ent r="6" t="62" w="202" /><ent r="6" t="62" w="218" /><ent r="6" t="62" w="309" /><ent r="6" t="62" w="335" /><ent r="6" t="62" w="361" /><ent r="4" t="62" w="540" /><ent r="4096" t="64" w="10" /><ent r="3" t="64" w="64" /><ent r="3" t="64" w="66" /><ent r="3" t="64" w="230" /><ent r="3" t="64" w="344" /><ent r="3" t="66" w="18" /><ent r="3" t="66" w="23" /><ent r="3" t="67" w="28" /><ent r="3" t="67" w="48" /><ent r="4098" t="67" w="210" /><ent r="3" t="67" w="231" /><ent r="3" t="67" w="271" /><ent r="4" t="69" w="82" /><ent r="4" t="69" w="153" /><ent r="4" t="69" w="223" /><ent r="4" t="69" w="479" /><ent r="4" t="69" w="500" /><ent r="4" t="69" w="726" /><ent r="4" t="69" w="821" /><ent r="4" t="69" w="973" /><ent r="4" t="69" w="1207" /><ent r="4" t="69" w="1212" /></phr></stem><stem n="involv"><phr n="involved"><ent r="3" t="0" w="28" /><ent r="3" t="31" w="1263" /></phr><phr n="involving"><ent r="3" t="11" w="14" /></phr></stem><stem n="high"><phr n="high"><ent r="3" t="0" w="29" /><ent r="3" t="0" w="164" /><ent r="3" t="2" w="10" /><ent r="3" t="29" w="36" /><ent r="3" t="30" w="205" /><ent r="3" t="33" w="32" /><ent r="4" t="54" w="101" /><ent r="3" t="63" w="60" /><ent r="3" t="66" w="15" /><ent r="3" t="67" w="23" /><ent r="3" t="67" w="331" /><ent r="4" t="69" w="677" /><ent r="4" t="69" w="944" /></phr><phr n="highly"><ent r="3" t="29" w="34" /></phr></stem><stem n="qualiti"><phr n="quality"><ent r="3" t="0" w="30" /><ent r="3" t="0" w="174" /><ent r="3" t="29" w="37" /><ent r="3" t="30" w="73" /><ent r="3" t="30" w="87" /><ent r="3" t="30" w="92" /><ent r="3" t="30" w="206" /><ent r="4096" t="31" w="165" /><ent r="4096" t="31" w="168" /><ent r="258" t="31" w="170" /><ent r="3" t="31" w="178" /><ent r="4" t="31" w="246" /><ent r="4" t="31" w="278" /><ent r="4" t="31" w="286" /><ent r="3" t="33" w="33" /><ent r="3" t="33" w="62" /><ent r="3" t="50" w="200" /><ent r="3" t="67" w="24" /><ent r="4" t="69" w="325" /><ent r="4" t="69" w="678" /><ent r="4" t="69" w="744" /><ent r="4" t="69" w="758" /><ent r="4" t="69" w="945" /></phr></stem><stem n="hinder"><phr n="hindered"><ent r="3" t="0" w="32" /></phr></stem><stem n="storag"><phr n="storage"><ent r="3" t="0" w="33" /><ent r="3" t="0" w="211" /><ent r="3" t="29" w="26" /><ent r="4" t="31" w="195" /><ent r="4" t="31" w="208" /><ent r="4" t="31" w="289" /><ent r="4" t="31" w="615" /><ent r="3" t="67" w="196" /><ent r="3" t="67" w="242" /></phr></stem><stem n="bandwidth"><phr n="bandwidth"><ent r="3" t="0" w="34" /><ent r="3" t="0" w="210" /><ent r="3" t="31" w="315" /><ent r="3" t="31" w="462" /><ent r="3" t="67" w="321" /></phr></stem><stem n="constraint"><phr n="constraints"><ent r="3" t="0" w="35" /><ent r="4" t="25" w="76" /><ent r="4" t="25" w="305" /><ent r="3" t="60" w="383" /><ent r="3" t="60" w="465" /></phr></stem><stem n="lizardtech"><phr n="lizardtech's"><ent r="3" t="0" w="36" /><ent r="3" t="30" w="203" /><ent r="3" t="60" w="224" /><ent r="3" t="67" w="38" /></phr><phr n="lizardtech"><ent r="3" t="0" w="49" /><ent r="4" t="0" w="105" /><ent r="3" t="3" w="79" /><ent r="3" t="3" w="81" /><ent r="3" t="5" w="41" /><ent r="3" t="8" w="19" /><ent r="3" t="8" w="25" /><ent r="4" t="8" w="31" /><ent r="3" t="8" w="35" /><ent r="4" t="8" w="52" /><ent r="3" t="8" w="54" /><ent r="4" t="8" w="82" /><ent r="3" t="8" w="100" /><ent r="4" t="8" w="108" /><ent r="3" t="8" w="113" /><ent r="4" t="8" w="123" /><ent r="3" t="8" w="129" /><ent r="3" t="8" w="139" /><ent r="4" t="8" w="146" /><ent r="3" t="8" w="158" /><ent r="4" t="8" w="199" /><ent r="3" t="29" w="53" /><ent r="3" t="29" w="69" /><ent r="3" t="33" w="154" /><ent r="4" t="33" w="160" /><ent r="3" t="52" w="22" /><ent r="4" t="52" w="28" /><ent r="5" t="54" w="85" /><ent r="5" t="54" w="87" /><ent r="5" t="54" w="93" /><ent r="3" t="59" w="753" /><ent r="3" t="60" w="54" /><ent r="3" t="60" w="57" /><ent r="3" t="60" w="97" /><ent r="3" t="60" w="114" /><ent r="3" t="60" w="217" /><ent r="3" t="60" w="251" /><ent r="3" t="61" w="418" /><ent r="6" t="62" w="300" /><ent r="3" t="65" w="14" /><ent r="3" t="65" w="21" /><ent r="4" t="65" w="28" /><ent r="4" t="65" w="29" /><ent r="268435456" t="66" w="1" /><ent r="4096" t="66" w="2" /><ent r="1048578" t="66" w="3" /><ent r="3" t="66" w="6" /><ent r="3" t="66" w="24" /><ent r="3" t="66" w="37" /><ent r="3" t="66" w="48" /><ent r="4" t="66" w="51" /><ent r="268435456" t="67" w="1" /><ent r="4096" t="67" w="3" /><ent r="1048578" t="67" w="5" /><ent r="3" t="67" w="9" /><ent r="3" t="67" w="12" /><ent r="3" t="67" w="19" /><ent r="4" t="67" w="89" /><ent r="4" t="67" w="151" /><ent r="4" t="67" w="203" /><ent r="3" t="67" w="214" /><ent r="4" t="67" w="288" /><ent r="3" t="67" w="299" /><ent r="4" t="67" w="341" /><ent r="3" t="68" w="12" /><ent r="3" t="68" w="59" /><ent r="3" t="68" w="60" /><ent r="3" t="68" w="69" /><ent r="3" t="68" w="82" /><ent r="3" t="68" w="85" /><ent r="3" t="68" w="109" /><ent r="4" t="68" w="123" /></phr></stem><stem n="technolog"><phr n="technologies"><ent r="3" t="0" w="37" /></phr><phr n="technology"><ent r="3" t="0" w="190" /><ent r="3" t="1" w="20" /><ent r="3" t="29" w="51" /><ent r="3" t="29" w="74" /><ent r="3" t="29" w="89" /><ent r="3" t="30" w="22" /><ent r="3" t="30" w="39" /><ent r="3" t="30" w="257" /><ent r="3" t="31" w="19" /><ent r="3" t="31" w="58" /><ent r="3" t="31" w="84" /><ent r="3" t="31" w="150" /><ent r="3" t="31" w="174" /><ent r="3" t="31" w="317" /><ent r="3" t="31" w="367" /><ent r="3" t="31" w="479" /><ent r="3" t="31" w="1227" /><ent r="3" t="66" w="28" /><ent r="3" t="66" w="45" /></phr></stem><stem n="product"><phr n="products"><ent r="3" t="0" w="38" /><ent r="3" t="0" w="52" /><ent r="4" t="8" w="110" /><ent r="4" t="8" w="200" /><ent r="3" t="31" w="558" /><ent r="3" t="33" w="87" /><ent r="3" t="35" w="23" /><ent r="3" t="65" w="15" /><ent r="4" t="65" w="30" /><ent r="3" t="66" w="11" /><ent r="268435456" t="67" w="2" /><ent r="4096" t="67" w="4" /><ent r="1048578" t="67" w="6" /><ent r="3" t="67" w="21" /><ent r="4" t="67" w="205" /><ent r="4" t="67" w="290" /><ent r="4" t="67" w="343" /><ent r="3" t="68" w="93" /></phr><phr n="product"><ent r="3" t="8" w="15" /><ent r="3" t="8" w="23" /><ent r="3" t="8" w="97" /><ent r="3" t="8" w="104" /><ent r="3" t="8" w="161" /><ent r="3" t="60" w="207" /><ent r="268435456" t="65" w="4" /><ent r="16777218" t="65" w="9" /><ent r="3" t="68" w="108" /><ent r="4" t="69" w="1002" /></phr></stem><stem n="solv"><phr n="solve"><ent r="3" t="0" w="39" /></phr></stem><stem n="problem"><phr n="problems"><ent r="3" t="0" w="40" /><ent r="3" t="1" w="273" /><ent r="4" t="54" w="720" /></phr><phr n="problem"><ent r="3" t="8" w="194" /><ent r="4" t="8" w="221" /><ent r="4" t="8" w="231" /><ent r="3" t="31" w="1070" /></phr></stem><stem n="lay"><phr n="lay"><ent r="3" t="0" w="41" /></phr></stem><stem n="foundat"><phr n="foundation"><ent r="3" t="0" w="42" /><ent r="3" t="0" w="48" /><ent r="3" t="24" w="13" /></phr></stem><stem n="truli"><phr n="truly"><ent r="3" t="0" w="43" /><ent r="4" t="54" w="581" /><ent r="4" t="54" w="591" /><ent r="4" t="54" w="600" /></phr></stem><stem n="dynam"><phr n="dynamic"><ent r="3" t="0" w="44" /><ent r="3" t="1" w="210" /><ent r="3" t="1" w="249" /><ent r="3" t="10" w="230" /><ent r="3" t="22" w="146" /><ent r="4" t="23" w="43" /><ent r="4" t="27" w="101" /><ent r="4" t="41" w="20" /><ent r="3" t="50" w="121" /><ent r="3" t="50" w="127" /><ent r="3" t="50" w="132" /><ent r="3" t="59" w="268" /><ent r="3" t="59" w="285" /><ent r="4" t="59" w="635" /><ent r="3" t="69" w="423" /><ent r="4" t="69" w="429" /><ent r="4" t="69" w="494" /><ent r="4" t="69" w="506" /><ent r="4" t="69" w="513" /></phr><phr n="dynamically"><ent r="4" t="10" w="123" /></phr></stem><stem n="access"><phr n="access"><ent r="3" t="0" w="46" /><ent r="3" t="1" w="169" /><ent r="3" t="35" w="162" /><ent r="4" t="36" w="111" /><ent r="3" t="39" w="152" /><ent r="4" t="42" w="61" /><ent r="4" t="42" w="75" /><ent r="4" t="54" w="707" /><ent r="3" t="63" w="166" /><ent r="3" t="67" w="316" /></phr><phr n="accessing"><ent r="6" t="7" w="87" /></phr><phr n="accessed"><ent r="3" t="40" w="25" /><ent r="3" t="43" w="89" /><ent r="3" t="45" w="15" /><ent r="4" t="54" w="672" /></phr></stem><stem n="use"><phr n="used"><ent r="3" t="0" w="47" /><ent r="3" t="0" w="119" /><ent r="3" t="0" w="242" /><ent r="3" t="3" w="120" /><ent r="3" t="5" w="13" /><ent r="3" t="9" w="11" /><ent r="3" t="9" w="23" /><ent r="3" t="10" w="244" /><ent r="3" t="10" w="334" /><ent r="3" t="10" w="430" /><ent r="3" t="10" w="443" /><ent r="3" t="11" w="106" /><ent r="3" t="11" w="115" /><ent r="3" t="11" w="134" /><ent r="3" t="11" w="150" /><ent r="3" t="14" w="138" /><ent r="3" t="14" w="234" /><ent r="3" t="14" w="245" /><ent r="3" t="14" w="257" /><ent r="3" t="15" w="22" /><ent r="4" t="16" w="47" /><ent r="4" t="16" w="56" /><ent r="4" t="16" w="62" /><ent r="4" t="16" w="73" /><ent r="3" t="18" w="34" /><ent r="3" t="21" w="14" /><ent r="3" t="22" w="12" /><ent r="3" t="22" w="43" /><ent r="3" t="22" w="64" /><ent r="3" t="23" w="14" /><ent r="3" t="23" w="101" /><ent r="3" t="23" w="137" /><ent r="3" t="23" w="150" /><ent r="3" t="25" w="110" /><ent r="3" t="25" w="155" /><ent r="3" t="25" w="195" /><ent r="3" t="27" w="12" /><ent r="4" t="27" w="52" /><ent r="4" t="27" w="133" /><ent r="4" t="27" w="155" /><ent r="3" t="31" w="32" /><ent r="3" t="31" w="88" /><ent r="4" t="31" w="200" /><ent r="4" t="31" w="247" /><ent r="4" t="31" w="281" /><ent r="3" t="31" w="492" /><ent r="3" t="31" w="582" /><ent r="4" t="31" w="621" /><ent r="3" t="31" w="726" /><ent r="3" t="31" w="1056" /><ent r="3" t="32" w="34" /><ent r="3" t="34" w="19" /><ent r="3" t="34" w="54" /><ent r="3" t="36" w="14" /><ent r="3" t="36" w="24" /><ent r="3" t="38" w="42" /><ent r="3" t="39" w="45" /><ent r="3" t="39" w="167" /><ent r="3" t="40" w="67" /><ent r="3" t="43" w="41" /><ent r="3" t="43" w="50" /><ent r="3" t="43" w="58" /><ent r="3" t="45" w="28" /><ent r="3" t="50" w="74" /><ent r="4" t="54" w="404" /><ent r="4" t="54" w="415" /><ent r="4" t="54" w="427" /><ent r="4" t="54" w="515" /><ent r="4" t="54" w="524" /><ent r="4" t="54" w="534" /><ent r="4" t="54" w="657" /><ent r="4" t="54" w="661" /><ent r="4" t="54" w="684" /><ent r="4" t="57" w="254" /><ent r="4" t="57" w="336" /><ent r="4" t="57" w="491" /><ent r="3" t="58" w="23" /><ent r="3" t="59" w="64" /><ent r="3" t="59" w="204" /><ent r="3" t="59" w="351" /><ent r="3" t="59" w="380" /><ent r="3" t="59" w="509" /><ent r="4" t="59" w="637" /><ent r="3" t="59" w="661" /><ent r="3" t="60" w="413" /><ent r="3" t="60" w="446" /><ent r="3" t="60" w="569" /><ent r="3" t="60" w="574" /><ent r="3" t="60" w="584" /><ent r="3" t="60" w="595" /><ent r="3" t="60" w="604" /><ent r="3" t="60" w="690" /><ent r="3" t="60" w="728" /><ent r="3" t="60" w="780" /><ent r="3" t="60" w="788" /><ent r="3" t="61" w="19" /><ent r="3" t="61" w="108" /><ent r="3" t="61" w="179" /><ent r="3" t="61" w="423" /><ent r="3" t="61" w="659" /><ent r="3" t="61" w="808" /><ent r="3" t="62" w="20" /><ent r="3" t="62" w="36" /><ent r="3" t="62" w="43" /><ent r="7" t="62" w="192" /><ent r="6" t="62" w="321" /><ent r="6" t="62" w="607" /><ent r="6" t="62" w="637" /><ent r="6" t="62" w="651" /><ent r="6" t="62" w="707" /><ent r="6" t="62" w="716" /><ent r="6" t="62" w="724" /><ent r="6" t="62" w="733" /><ent r="6" t="62" w="812" /><ent r="3" t="63" w="30" /><ent r="3" t="63" w="33" /><ent r="3" t="63" w="181" /><ent r="3" t="64" w="40" /><ent r="3" t="64" w="70" /><ent r="3" t="64" w="88" /><ent r="3" t="64" w="113" /><ent r="3" t="64" w="123" /><ent r="3" t="64" w="138" /><ent r="3" t="64" w="171" /><ent r="3" t="64" w="179" /><ent r="3" t="64" w="185" /><ent r="3" t="64" w="194" /><ent r="3" t="64" w="254" /><ent r="3" t="68" w="30" /><ent r="3" t="69" w="9" /><ent r="4" t="69" w="25" /><ent r="4" t="69" w="353" /><ent r="4" t="69" w="409" /><ent r="4" t="69" w="490" /><ent r="4" t="69" w="497" /><ent r="4" t="69" w="594" /><ent r="4" t="69" w="657" /><ent r="4" t="69" w="693" /><ent r="4" t="69" w="984" /><ent r="4" t="69" w="990" /><ent r="4" t="69" w="1115" /><ent r="4" t="69" w="1188" /><ent r="4" t="69" w="1305" /></phr><phr n="using"><ent r="3" t="0" w="224" /><ent r="3" t="1" w="16" /><ent r="3" t="1" w="104" /><ent r="3" t="1" w="119" /><ent r="3" t="4" w="11" /><ent r="3" t="5" w="212" /><ent r="3" t="5" w="226" /><ent r="6" t="7" w="85" /><ent r="6" t="7" w="101" /><ent r="6" t="7" w="108" /><ent r="3" t="8" w="10" /><ent r="3" t="11" w="63" /><ent r="3" t="14" w="48" /><ent r="3" t="16" w="25" /><ent r="3" t="17" w="50" /><ent r="4" t="19" w="51" /><ent r="4" t="19" w="56" /><ent r="3" t="19" w="83" /><ent r="4" t="25" w="88" /><ent r="3" t="25" w="94" /><ent r="3" t="25" w="201" /><ent r="4" t="30" w="325" /><ent r="3" t="31" w="112" /><ent r="3" t="33" w="94" /><ent r="4" t="37" w="355" /><ent r="3" t="43" w="90" /><ent r="3" t="44" w="71" /><ent r="3" t="50" w="734" /><ent r="3" t="50" w="869" /><ent r="3" t="53" w="238" /><ent r="5" t="54" w="128" /><ent r="5" t="54" w="134" /><ent r="4" t="54" w="609" /><ent r="4" t="54" w="696" /><ent r="4" t="56" w="30" /><ent r="4" t="57" w="385" /><ent r="3" t="58" w="168" /><ent r="3" t="59" w="721" /><ent r="3" t="60" w="337" /><ent r="3" t="61" w="185" /><ent r="6" t="61" w="764" /><ent r="4" t="62" w="463" /><ent r="3" t="62" w="823" /><ent r="3" t="62" w="836" /><ent r="3" t="63" w="90" /><ent r="3" t="63" w="176" /><ent r="3" t="67" w="8" /><ent r="4" t="69" w="103" /><ent r="4" t="69" w="174" /><ent r="4" t="69" w="244" /><ent r="4" t="69" w="442" /><ent r="4" t="69" w="640" /></phr><phr n="uses"><ent r="3" t="1" w="27" /><ent r="3" t="10" w="28" /><ent r="3" t="11" w="41" /><ent r="3" t="13" w="25" /><ent r="3" t="13" w="67" /><ent r="3" t="14" w="214" /><ent r="3" t="18" w="17" /><ent r="3" t="22" w="89" /><ent r="4" t="26" w="15" /><ent r="3" t="31" w="1116" /><ent r="3" t="32" w="125" /><ent r="3" t="38" w="32" /><ent r="4" t="54" w="240" /><ent r="4" t="54" w="317" /><ent r="4" t="54" w="384" /><ent r="4" t="54" w="458" /><ent r="4" t="54" w="723" /><ent r="3" t="55" w="8" /><ent r="3" t="55" w="92" /><ent r="6" t="57" w="238" /><ent r="6" t="57" w="321" /><ent r="4" t="69" w="414" /></phr><phr n="useful"><ent r="3" t="17" w="12" /><ent r="3" t="19" w="72" /><ent r="3" t="22" w="142" /><ent r="3" t="24" w="18" /><ent r="4" t="27" w="37" /><ent r="4" t="27" w="107" /></phr></stem><stem n="s"><phr n="s"><ent r="3" t="0" w="50" /><ent r="3" t="0" w="155" /><ent r="4" t="10" w="84" /><ent r="4" t="10" w="98" /><ent r="4" t="10" w="106" /><ent r="3" t="10" w="189" /><ent r="3" t="14" w="81" /><ent r="3" t="18" w="36" /><ent r="3" t="20" w="20" /><ent r="3" t="29" w="64" /><ent r="3" t="31" w="788" /><ent r="3" t="31" w="809" /><ent r="3" t="33" w="155" /><ent r="4" t="36" w="100" /><ent r="3" t="39" w="54" /><ent r="3" t="50" w="241" /><ent r="3" t="50" w="320" /><ent r="3" t="50" w="533" /><ent r="3" t="50" w="541" /><ent r="3" t="50" w="549" /><ent r="3" t="50" w="629" /><ent r="3" t="50" w="697" /><ent r="3" t="50" w="895" /><ent r="3" t="50" w="905" /><ent r="3" t="50" w="915" /><ent r="3" t="50" w="925" /><ent r="3" t="50" w="935" /><ent r="3" t="50" w="945" /><ent r="3" t="50" w="966" /><ent r="3" t="50" w="976" /><ent r="3" t="50" w="986" /><ent r="3" t="50" w="996" /><ent r="3" t="50" w="1006" /><ent r="3" t="50" w="1016" /><ent r="3" t="50" w="1038" /><ent r="3" t="50" w="1048" /><ent r="3" t="50" w="1058" /><ent r="3" t="50" w="1068" /><ent r="3" t="50" w="1091" /><ent r="3" t="50" w="1113" /><ent r="3" t="52" w="23" /><ent r="3" t="53" w="15" /><ent r="3" t="59" w="134" /><ent r="3" t="60" w="674" /><ent r="3" t="61" w="216" /><ent r="3" t="61" w="245" /><ent r="4" t="61" w="699" /><ent r="6" t="61" w="723" /><ent r="4" t="61" w="762" /><ent r="3" t="67" w="20" /><ent r="4098" t="67" w="158" /><ent r="3" t="67" w="174" /></phr></stem><stem n="geospati"><phr n="geospatial"><ent r="3" t="0" w="51" /><ent r="3" t="0" w="89" /><ent r="3" t="0" w="215" /><ent r="3" t="0" w="299" /><ent r="3" t="1" w="54" /><ent r="3" t="1" w="111" /><ent r="3" t="1" w="126" /><ent r="3" t="8" w="90" /><ent r="3" t="10" w="281" /><ent r="4" t="25" w="89" /><ent r="3" t="29" w="93" /><ent r="3" t="31" w="89" /><ent r="3" t="31" w="671" /><ent r="3" t="31" w="676" /><ent r="3" t="31" w="767" /><ent r="3" t="38" w="23" /><ent r="4" t="41" w="26" /><ent r="3" t="43" w="86" /><ent r="3" t="60" w="151" /><ent r="3" t="60" w="330" /><ent r="3" t="60" w="448" /><ent r="3" t="60" w="467" /><ent r="3" t="60" w="497" /><ent r="3" t="63" w="135" /><ent r="3" t="66" w="17" /><ent r="3" t="67" w="25" /><ent r="3" t="67" w="43" /><ent r="3" t="67" w="178" /><ent r="4098" t="67" w="297" /><ent r="4" t="69" w="837" /><ent r="4" t="69" w="928" /><ent r="4" t="69" w="946" /><ent r="4" t="69" w="1327" /><ent r="4" t="69" w="1332" /></phr></stem><stem n="includ"><phr n="including"><ent r="3" t="0" w="53" /><ent r="3" t="0" w="84" /><ent r="3" t="1" w="57" /><ent r="3" t="1" w="89" /><ent r="3" t="1" w="109" /><ent r="3" t="1" w="124" /><ent r="3" t="1" w="185" /><ent r="3" t="1" w="205" /><ent r="3" t="1" w="239" /><ent r="3" t="9" w="14" /><ent r="3" t="19" w="46" /><ent r="3" t="19" w="75" /><ent r="3" t="19" w="136" /><ent r="3" t="20" w="77" /><ent r="3" t="21" w="17" /><ent r="3" t="23" w="30" /><ent r="3" t="25" w="53" /><ent r="3" t="27" w="302" /><ent r="3" t="28" w="76" /><ent r="3" t="31" w="79" /><ent r="4" t="31" w="252" /><ent r="4" t="35" w="131" /><ent r="4" t="36" w="154" /><ent r="3" t="49" w="108" /><ent r="3" t="51" w="19" /><ent r="3" t="57" w="22" /><ent r="3" t="60" w="794" /><ent r="3" t="61" w="47" /><ent r="3" t="63" w="185" /><ent r="3" t="68" w="49" /></phr><phr n="includes"><ent r="3" t="0" w="136" /><ent r="3" t="1" w="219" /><ent r="3" t="7" w="7" /><ent r="3" t="16" w="28" /><ent r="3" t="32" w="132" /><ent r="3" t="35" w="71" /><ent r="3" t="38" w="15" /><ent r="4" t="54" w="638" /></phr><phr n="included"><ent r="3" t="2" w="60" /><ent r="3" t="2" w="67" /><ent r="3" t="3" w="114" /><ent r="3" t="5" w="237" /><ent r="3" t="16" w="22" /><ent r="3" t="31" w="769" /><ent r="3" t="47" w="14" /></phr></stem><stem n="geoexpress"><phr n="geoexpress"><ent r="3" t="0" w="54" /><ent r="3" t="4" w="69" /><ent r="3" t="6" w="9" /><ent r="3" t="7" w="5" /><ent r="7" t="37" w="92" /><ent r="7" t="37" w="183" /><ent r="7" t="37" w="270" /><ent r="65538" t="67" w="156" /><ent r="3" t="67" w="170" /><ent r="3" t="67" w="191" /><ent r="3" t="67" w="200" /><ent r="3" t="68" w="62" /><ent r="3" t="68" w="70" /></phr></stem><stem n="expressserv"><phr n="expressserver"><ent r="3" t="0" w="55" /></phr></stem><stem n="expressview"><phr n="expressview"><ent r="3" t="0" w="56" /><ent r="65538" t="67" w="94" /><ent r="3" t="67" w="118" /><ent r="3" t="67" w="126" /><ent r="3" t="67" w="145" /><ent r="3" t="68" w="73" /></phr></stem><stem n="browser"><phr n="browser"><ent r="3" t="0" w="57" /><ent r="65538" t="67" w="95" /><ent r="3" t="67" w="103" /><ent r="3" t="67" w="127" /><ent r="3" t="67" w="146" /></phr></stem><stem n="plug"><phr n="plug"><ent r="3" t="0" w="58" /><ent r="65538" t="67" w="96" /><ent r="3" t="67" w="104" /><ent r="3" t="67" w="128" /><ent r="3" t="67" w="147" /></phr></stem><stem n="applic"><phr n="applications"><ent r="3" t="0" w="59" /><ent r="3" t="0" w="223" /><ent r="3" t="0" w="295" /><ent r="4" t="2" w="66" /><ent r="3" t="3" w="90" /><ent r="4" t="3" w="108" /><ent r="3" t="4" w="74" /><ent r="3" t="5" w="224" /><ent r="3" t="17" w="23" /><ent r="3" t="22" w="110" /><ent r="3" t="29" w="95" /><ent r="3" t="30" w="339" /><ent r="3" t="30" w="345" /><ent r="3" t="33" w="100" /><ent r="268435456" t="47" w="3" /><ent r="4096" t="47" w="6" /><ent r="16777218" t="47" w="9" /><ent r="3" t="47" w="13" /><ent r="4096" t="48" w="6" /><ent r="3" t="48" w="76" /><ent r="4096" t="49" w="5" /><ent r="4096" t="50" w="5" /><ent r="4096" t="51" w="5" /><ent r="4" t="54" w="663" /></phr><phr n="application"><ent r="3" t="0" w="66" /><ent r="3" t="0" w="240" /><ent r="3" t="0" w="264" /><ent r="3" t="4" w="26" /><ent r="3" t="4" w="39" /><ent r="3" t="8" w="67" /><ent r="3" t="18" w="35" /><ent r="3" t="19" w="24" /><ent r="3" t="31" w="415" /><ent r="3" t="31" w="751" /><ent r="3" t="51" w="9" /><ent r="3" t="51" w="13" /><ent r="3" t="51" w="24" /><ent r="4" t="54" w="668" /><ent r="6" t="62" w="230" /><ent r="3" t="64" w="89" /><ent r="3" t="67" w="41" /></phr><phr n="applicable"><ent r="3" t="59" w="203" /><ent r="3" t="59" w="350" /><ent r="3" t="64" w="28" /></phr></stem></index>