<?xml version="1.0" encoding="utf-8"?><index><stem n="save"><phr n="save"><ent r="3" t="0" w="263" /><ent r="3" t="67" w="120" /></phr><phr n="saving"><ent r="3" t="31" w="459" /></phr></stem><stem n="time"><phr n="time"><ent r="3" t="0" w="266" /><ent r="3" t="8" w="182" /><ent r="3" t="11" w="191" /><ent r="3" t="30" w="237" /><ent r="3" t="31" w="408" /><ent r="3" t="31" w="435" /><ent r="3" t="31" w="464" /><ent r="3" t="31" w="895" /><ent r="3" t="31" w="915" /><ent r="3" t="31" w="941" /><ent r="3" t="31" w="958" /><ent r="3" t="31" w="984" /><ent r="3" t="31" w="1001" /><ent r="3" t="34" w="39" /><ent r="3" t="42" w="23" /><ent r="3" t="54" w="47" /><ent r="3" t="60" w="209" /><ent r="6" t="62" w="740" /><ent r="4" t="69" w="92" /><ent r="4" t="69" w="163" /><ent r="4" t="69" w="233" /></phr></stem><stem n="better"><phr n="better"><ent r="3" t="0" w="269" /><ent r="3" t="29" w="25" /><ent r="4" t="69" w="501" /><ent r="4" t="69" w="1032" /></phr></stem><stem n="experi"><phr n="experience"><ent r="3" t="0" w="271" /><ent r="4" t="54" w="258" /></phr></stem><stem n="standard"><phr n="standard"><ent r="3" t="0" w="278" /><ent r="3" t="0" w="288" /><ent r="3" t="29" w="77" /><ent r="3" t="33" w="18" /><ent r="3" t="33" w="81" /><ent r="3" t="35" w="13" /><ent r="4" t="54" w="275" /><ent r="3" t="54" w="540" /><ent r="3" t="59" w="71" /><ent r="3" t="60" w="336" /><ent r="3" t="60" w="494" /><ent r="3" t="61" w="100" /><ent r="3" t="61" w="134" /><ent r="3" t="61" w="416" /><ent r="3" t="61" w="480" /><ent r="3" t="62" w="40" /><ent r="6" t="62" w="804" /><ent r="3" t="67" w="181" /><ent r="4" t="69" w="665" /><ent r="4" t="69" w="686" /></phr><phr n="standards"><ent r="3" t="33" w="104" /><ent r="3" t="35" w="108" /><ent r="3" t="35" w="140" /><ent r="3" t="35" w="149" /><ent r="3" t="60" w="238" /></phr></stem><stem n="offer"><phr n="offers"><ent r="3" t="0" w="279" /><ent r="3" t="8" w="20" /><ent r="3" t="29" w="8" /><ent r="4" t="30" w="298" /><ent r="3" t="31" w="175" /></phr></stem><stem n="same"><phr n="same"><ent r="3" t="0" w="280" /><ent r="3" t="0" w="301" /><ent r="3" t="1" w="105" /><ent r="3" t="1" w="120" /><ent r="3" t="11" w="113" /><ent r="3" t="11" w="147" /><ent r="3" t="23" w="93" /><ent r="4" t="27" w="165" /><ent r="4" t="27" w="182" /><ent r="4" t="27" w="201" /><ent r="4" t="27" w="286" /><ent r="3" t="31" w="877" /><ent r="3" t="31" w="938" /><ent r="3" t="31" w="965" /><ent r="3" t="31" w="1028" /><ent r="3" t="39" w="142" /><ent r="3" t="50" w="362" /><ent r="3" t="50" w="519" /><ent r="3" t="53" w="119" /><ent r="4" t="57" w="466" /><ent r="4" t="57" w="472" /><ent r="3" t="58" w="37" /><ent r="3" t="58" w="79" /><ent r="3" t="59" w="115" /><ent r="3" t="59" w="181" /><ent r="3" t="59" w="210" /><ent r="3" t="59" w="236" /><ent r="3" t="59" w="329" /><ent r="3" t="59" w="422" /><ent r="3" t="59" w="425" /><ent r="3" t="59" w="472" /><ent r="3" t="59" w="536" /><ent r="3" t="59" w="539" /><ent r="3" t="60" w="328" /><ent r="4" t="62" w="504" /><ent r="3" t="64" w="354" /><ent r="3" t="64" w="361" /><ent r="4" t="69" w="961" /><ent r="4" t="69" w="1240" /></phr></stem><stem n="advantag"><phr n="advantages"><ent r="3" t="0" w="281" /></phr><phr n="advantage"><ent r="3" t="13" w="82" /><ent r="3" t="60" w="110" /></phr></stem><stem n="plus"><phr n="plus"><ent r="3" t="0" w="283" /><ent r="3" t="1" w="226" /><ent r="3" t="24" w="59" /><ent r="3" t="31" w="803" /><ent r="3" t="31" w="817" /><ent r="4" t="57" w="275" /><ent r="4" t="57" w="354" /><ent r="3" t="60" w="297" /></phr></stem><stem n="ad"><phr n="added"><ent r="3" t="0" w="284" /><ent r="3" t="31" w="1256" /><ent r="4" t="62" w="456" /><ent r="4" t="62" w="533" /></phr><phr n="adding"><ent r="4" t="10" w="352" /><ent r="3" t="23" w="57" /><ent r="3" t="25" w="49" /><ent r="3" t="60" w="150" /><ent r="3" t="61" w="464" /><ent r="4" t="61" w="625" /></phr></stem><stem n="benefit"><phr n="benefits"><ent r="3" t="0" w="285" /></phr></stem><stem n="intern"><phr n="international"><ent r="3" t="0" w="287" /><ent r="3" t="33" w="80" /></phr><phr n="internally"><ent r="3" t="11" w="76" /><ent r="3" t="25" w="125" /><ent r="3" t="25" w="225" /><ent r="3" t="30" w="157" /><ent r="3" t="31" w="1237" /><ent r="4" t="54" w="725" /><ent r="3" t="63" w="204" /></phr><phr n="internal"><ent r="4" t="54" w="238" /><ent r="3" t="63" w="88" /><ent r="4" t="69" w="299" /></phr></stem><stem n="iso"><phr n="iso"><ent r="3" t="0" w="289" /><ent r="3" t="6" w="18" /><ent r="3" t="33" w="82" /><ent r="4" t="69" w="664" /><ent r="4" t="69" w="685" /></phr></stem><stem n="iec"><phr n="iec"><ent r="3" t="0" w="290" /><ent r="3" t="33" w="83" /></phr></stem><stem n="15444"><phr n="15444"><ent r="3" t="0" w="291" /><ent r="3" t="33" w="84" /></phr></stem><stem n="allow"><phr n="allows"><ent r="3" t="0" w="294" /><ent r="3" t="25" w="163" /><ent r="4" t="27" w="211" /><ent r="3" t="30" w="107" /><ent r="3" t="30" w="140" /><ent r="4" t="30" w="331" /><ent r="3" t="31" w="339" /><ent r="3" t="31" w="748" /><ent r="3" t="32" w="67" /><ent r="3" t="32" w="95" /><ent r="3" t="37" w="152" /><ent r="3" t="37" w="250" /><ent r="3" t="37" w="313" /><ent r="3" t="50" w="400" /><ent r="3" t="64" w="235" /></phr><phr n="allow"><ent r="4" t="8" w="228" /><ent r="4" t="27" w="190" /><ent r="4" t="27" w="198" /><ent r="4" t="30" w="321" /><ent r="3" t="50" w="801" /><ent r="3" t="64" w="129" /><ent r="3" t="64" w="333" /></phr><phr n="allowing"><ent r="3" t="50" w="665" /></phr><phr n="allowed"><ent r="3" t="58" w="117" /><ent r="3" t="59" w="165" /><ent r="3" t="59" w="187" /><ent r="3" t="59" w="215" /><ent r="3" t="59" w="242" /><ent r="3" t="59" w="253" /><ent r="3" t="59" w="270" /><ent r="3" t="59" w="287" /><ent r="3" t="59" w="304" /><ent r="3" t="59" w="322" /><ent r="3" t="59" w="340" /><ent r="3" t="59" w="360" /><ent r="3" t="59" w="369" /><ent r="3" t="59" w="383" /><ent r="3" t="59" w="401" /><ent r="3" t="59" w="413" /><ent r="3" t="59" w="432" /><ent r="3" t="59" w="442" /><ent r="3" t="59" w="456" /><ent r="3" t="59" w="465" /><ent r="3" t="59" w="478" /><ent r="3" t="59" w="488" /><ent r="3" t="59" w="501" /><ent r="3" t="59" w="525" /><ent r="3" t="59" w="546" /><ent r="3" t="59" w="562" /><ent r="3" t="59" w="578" /><ent r="3" t="59" w="593" /><ent r="3" t="59" w="610" /><ent r="3" t="60" w="492" /></phr></stem><stem n="level"><phr n="level"><ent r="3" t="0" w="302" /><ent r="3" t="2" w="11" /><ent r="3" t="3" w="13" /><ent r="3" t="3" w="26" /><ent r="3" t="4" w="35" /><ent r="5" t="5" w="384" /><ent r="3" t="18" w="41" /><ent r="4" t="27" w="213" /><ent r="4" t="31" w="185" /><ent r="4" t="31" w="233" /><ent r="4" t="31" w="244" /><ent r="3" t="31" w="419" /><ent r="3" t="31" w="455" /><ent r="3" t="53" w="122" /><ent r="3" t="53" w="217" /><ent r="3" t="53" w="230" /><ent r="3" t="54" w="38" /><ent r="3" t="57" w="558" /><ent r="3" t="60" w="329" /><ent r="3" t="61" w="223" /><ent r="3" t="61" w="243" /><ent r="3" t="61" w="258" /><ent r="4" t="69" w="437" /><ent r="4" t="69" w="458" /><ent r="4" t="69" w="467" /><ent r="3" t="69" w="705" /><ent r="5" t="69" w="708" /><ent r="5" t="69" w="814" /><ent r="4" t="69" w="1094" /><ent r="4" t="69" w="1097" /><ent r="5" t="69" w="1107" /><ent r="5" t="69" w="1172" /><ent r="3" t="69" w="1337" /></phr><phr n="levels"><ent r="3" t="31" w="428" /><ent r="4" t="31" w="598" /><ent r="3" t="31" w="887" /><ent r="3" t="49" w="94" /><ent r="4" t="52" w="40" /><ent r="268435456" t="53" w="2" /><ent r="4096" t="53" w="4" /><ent r="4096" t="53" w="8" /><ent r="1048578" t="53" w="10" /><ent r="3" t="53" w="18" /><ent r="4" t="53" w="37" /><ent r="3" t="53" w="43" /><ent r="3" t="53" w="50" /><ent r="3" t="53" w="57" /><ent r="3" t="53" w="77" /><ent r="3" t="53" w="116" /><ent r="3" t="53" w="130" /><ent r="3" t="53" w="153" /><ent r="3" t="53" w="157" /><ent r="3" t="53" w="162" /><ent r="3" t="53" w="188" /><ent r="3" t="53" w="193" /><ent r="3" t="53" w="198" /><ent r="4" t="53" w="250" /><ent r="4" t="53" w="263" /><ent r="4" t="53" w="274" /><ent r="3" t="54" w="96" /><ent r="4" t="54" w="103" /><ent r="6" t="62" w="749" /><ent r="4" t="69" w="1044" /><ent r="4" t="69" w="1297" /><ent r="4" t="69" w="1341" /></phr></stem><stem n="metadata"><phr n="metadata"><ent r="3" t="0" w="304" /><ent r="3" t="1" w="68" /><ent r="3" t="1" w="112" /><ent r="3" t="1" w="127" /><ent r="3" t="1" w="136" /><ent r="4" t="23" w="52" /><ent r="3" t="24" w="68" /><ent r="4096" t="31" w="666" /><ent r="4096" t="31" w="668" /><ent r="258" t="31" w="669" /><ent r="3" t="31" w="690" /><ent r="3" t="31" w="710" /><ent r="3" t="31" w="721" /><ent r="3" t="31" w="725" /><ent r="3" t="31" w="746" /><ent r="3" t="35" w="47" /><ent r="3" t="35" w="64" /><ent r="4" t="35" w="186" /><ent r="4" t="36" w="125" /><ent r="5" t="36" w="130" /><ent r="4" t="36" w="136" /><ent r="5" t="36" w="144" /><ent r="268435456" t="37" w="3" /><ent r="4096" t="37" w="4" /><ent r="4096" t="37" w="9" /><ent r="4096" t="37" w="10" /><ent r="1048578" t="37" w="15" /><ent r="3" t="37" w="29" /><ent r="4" t="37" w="37" /><ent r="3" t="37" w="72" /><ent r="4" t="37" w="345" /><ent r="5" t="37" w="376" /><ent r="268435456" t="38" w="1" /><ent r="4096" t="38" w="3" /><ent r="16777218" t="38" w="5" /><ent r="3" t="38" w="7" /><ent r="3" t="38" w="45" /><ent r="3" t="38" w="61" /><ent r="3" t="38" w="63" /><ent r="4" t="38" w="77" /><ent r="4" t="38" w="79" /><ent r="268435456" t="39" w="1" /><ent r="4096" t="39" w="3" /><ent r="1048578" t="39" w="5" /><ent r="3" t="39" w="37" /><ent r="3" t="39" w="46" /><ent r="3" t="39" w="170" /><ent r="268435456" t="40" w="1" /><ent r="4096" t="40" w="3" /><ent r="1048578" t="40" w="5" /><ent r="3" t="40" w="47" /><ent r="3" t="40" w="55" /><ent r="3" t="40" w="70" /><ent r="4096" t="41" w="2" /><ent r="3" t="41" w="6" /><ent r="3" t="41" w="14" /><ent r="4" t="41" w="46" /><ent r="4" t="42" w="60" /><ent r="4" t="42" w="134" /><ent r="268435456" t="45" w="1" /><ent r="4096" t="45" w="3" /><ent r="4096" t="45" w="9" /><ent r="1048578" t="45" w="11" /><ent r="3" t="45" w="13" /><ent r="3" t="45" w="23" /><ent r="3" t="49" w="69" /><ent r="3" t="49" w="71" /><ent r="3" t="49" w="160" /><ent r="3" t="49" w="175" /><ent r="3" t="51" w="56" /><ent r="4" t="51" w="62" /><ent r="4" t="52" w="55" /><ent r="4" t="52" w="61" /><ent r="268435456" t="60" w="2" /><ent r="1048578" t="60" w="6" /><ent r="4096" t="60" w="10" /><ent r="4096" t="60" w="14" /><ent r="4096" t="60" w="16" /><ent r="4096" t="60" w="22" /><ent r="4" t="60" w="34" /><ent r="3" t="60" w="41" /><ent r="3" t="60" w="152" /><ent r="3" t="60" w="257" /><ent r="3" t="60" w="331" /><ent r="3" t="60" w="449" /><ent r="3" t="60" w="478" /><ent r="3" t="60" w="498" /><ent r="3" t="60" w="550" /><ent r="3" t="61" w="358" /><ent r="3" t="61" w="802" /><ent r="268435456" t="62" w="1" /><ent r="4096" t="62" w="5" /><ent r="4096" t="62" w="7" /><ent r="1048578" t="62" w="9" /><ent r="3" t="62" w="18" /><ent r="3" t="62" w="38" /><ent r="3" t="62" w="41" /><ent r="3" t="62" w="60" /><ent r="3" t="62" w="69" /><ent r="3" t="62" w="77" /><ent r="3" t="62" w="90" /><ent r="3" t="62" w="93" /><ent r="3" t="62" w="103" /><ent r="4" t="62" w="120" /><ent r="6" t="62" w="241" /><ent r="6" t="62" w="356" /><ent r="3" t="62" w="821" /><ent r="3" t="62" w="828" /><ent r="3" t="62" w="841" /><ent r="3" t="62" w="844" /><ent r="3" t="63" w="156" /><ent r="3" t="63" w="167" /><ent r="3" t="64" w="163" /><ent r="3" t="64" w="168" /><ent r="4" t="69" w="730" /><ent r="3" t="69" w="815" /><ent r="4" t="69" w="823" /><ent r="4" t="69" w="1119" /></phr></stem><stem n="larg"><phr n="large"><ent r="3" t="0" w="305" /><ent r="3" t="11" w="15" /><ent r="3" t="11" w="18" /><ent r="3" t="11" w="160" /><ent r="3" t="11" w="165" /><ent r="3" t="11" w="200" /><ent r="3" t="25" w="151" /><ent r="3" t="25" w="320" /><ent r="3" t="30" w="108" /><ent r="3" t="31" w="327" /><ent r="3" t="31" w="487" /><ent r="3" t="31" w="528" /><ent r="3" t="31" w="537" /><ent r="3" t="31" w="1222" /><ent r="3" t="33" w="38" /><ent r="3" t="42" w="9" /><ent r="3" t="57" w="23" /><ent r="3" t="64" w="311" /><ent r="4098" t="67" w="100" /><ent r="4" t="69" w="943" /></phr><phr n="largely"><ent r="3" t="25" w="41" /></phr></stem><stem n="alreadi"><phr n="already"><ent r="3" t="0" w="308" /><ent r="4" t="57" w="159" /></phr></stem><stem n="featur"><phr n="features"><ent r="268435456" t="1" w="1" /><ent r="1048578" t="1" w="2" /><ent r="3" t="1" w="22" /><ent r="3" t="1" w="270" /><ent r="3" t="2" w="14" /><ent r="3" t="2" w="53" /><ent r="3" t="7" w="12" /><ent r="3" t="13" w="97" /><ent r="3" t="14" w="149" /><ent r="3" t="18" w="50" /><ent r="3" t="25" w="260" /><ent r="4" t="29" w="107" /><ent r="3" t="30" w="167" /><ent r="4" t="30" w="249" /><ent r="268435456" t="31" w="2" /><ent r="4096" t="31" w="6" /><ent r="4096" t="31" w="8" /><ent r="1048578" t="31" w="11" /><ent r="3" t="31" w="16" /><ent r="3" t="31" w="865" /><ent r="3" t="31" w="879" /><ent r="3" t="35" w="48" /><ent r="3" t="35" w="73" /><ent r="3" t="35" w="164" /><ent r="3" t="38" w="59" /><ent r="3" t="42" w="14" /><ent r="3" t="42" w="52" /><ent r="3" t="42" w="71" /><ent r="3" t="59" w="749" /><ent r="258" t="61" w="67" /><ent r="4" t="69" w="650" /><ent r="4" t="69" w="899" /></phr><phr n="feature"><ent r="3" t="31" w="852" /><ent r="3" t="50" w="678" /><ent r="3" t="50" w="693" /><ent r="3" t="60" w="695" /><ent r="3" t="60" w="878" /></phr></stem><stem n="written"><phr n="written"><ent r="3" t="1" w="8" /><ent r="3" t="10" w="305" /><ent r="4" t="57" w="307" /><ent r="4" t="57" w="311" /><ent r="4" t="57" w="358" /><ent r="3" t="59" w="682" /><ent r="3" t="59" w="687" /><ent r="3" t="68" w="57" /></phr></stem><stem n="c++"><phr n="c++"><ent r="3" t="1" w="9" /><ent r="3" t="1" w="157" /><ent r="3" t="1" w="268" /><ent r="3" t="5" w="10" /><ent r="5" t="5" w="72" /><ent r="5" t="5" w="97" /><ent r="5" t="5" w="120" /><ent r="5" t="5" w="143" /><ent r="3" t="8" w="69" /><ent r="3" t="9" w="21" /><ent r="3" t="14" w="5" /><ent r="3" t="22" w="100" /><ent r="3" t="42" w="11" /><ent r="3" t="42" w="94" /><ent r="3" t="42" w="101" /><ent r="3" t="44" w="46" /><ent r="3" t="45" w="42" /></phr></stem><stem n="object"><phr n="object"><ent r="3" t="1" w="11" /><ent r="4" t="10" w="139" /><ent r="3" t="11" w="97" /><ent r="3" t="14" w="80" /><ent r="3" t="14" w="113" /><ent r="3" t="14" w="116" /><ent r="3" t="14" w="247" /><ent r="3" t="14" w="250" /><ent r="3" t="14" w="260" /><ent r="3" t="14" w="268" /><ent r="3" t="14" w="275" /><ent r="3" t="25" w="17" /><ent r="3" t="25" w="19" /><ent r="3" t="25" w="181" /><ent r="3" t="32" w="63" /><ent r="3" t="36" w="27" /><ent r="3" t="36" w="35" /><ent r="3" t="40" w="11" /><ent r="3" t="44" w="56" /><ent r="3" t="44" w="66" /><ent r="3" t="46" w="41" /><ent r="3" t="46" w="67" /><ent r="3" t="50" w="770" /><ent r="4" t="54" w="359" /><ent r="4" t="54" w="362" /><ent r="4" t="54" w="366" /><ent r="4" t="54" w="371" /><ent r="4" t="54" w="417" /><ent r="4" t="54" w="420" /><ent r="4" t="54" w="430" /><ent r="4" t="54" w="438" /><ent r="4" t="54" w="445" /><ent r="4" t="54" w="671" /><ent r="4" t="56" w="16" /><ent r="5" t="56" w="19" /><ent r="4" t="56" w="23" /><ent r="5" t="56" w="27" /><ent r="4" t="56" w="31" /><ent r="3" t="56" w="37" /><ent r="3" t="56" w="52" /><ent r="3" t="56" w="61" /><ent r="3" t="61" w="533" /></phr><phr n="objects"><ent r="3" t="10" w="426" /><ent r="3" t="10" w="429" /><ent r="3" t="14" w="67" /><ent r="3" t="14" w="219" /><ent r="3" t="19" w="21" /><ent r="3" t="19" w="34" /><ent r="3" t="22" w="15" /><ent r="3" t="23" w="133" /><ent r="3" t="23" w="136" /><ent r="4" t="54" w="322" /><ent r="4" t="54" w="345" /><ent r="4" t="54" w="389" /><ent r="4" t="54" w="666" /><ent r="3" t="56" w="8" /></phr></stem><stem n="orient"><phr n="oriented"><ent r="3" t="1" w="12" /></phr></stem><stem n="work"><phr n="working"><ent r="3" t="1" w="14" /><ent r="3" t="1" w="53" /><ent r="6" t="7" w="82" /><ent r="6" t="7" w="113" /><ent r="6" t="7" w="118" /><ent r="6" t="7" w="149" /><ent r="3" t="19" w="16" /><ent r="3" t="19" w="134" /><ent r="3" t="22" w="143" /><ent r="3" t="27" w="299" /><ent r="3" t="28" w="73" /><ent r="3" t="42" w="24" /><ent r="3" t="54" w="33" /></phr><phr n="work"><ent r="3" t="1" w="91" /><ent r="3" t="14" w="70" /><ent r="3" t="33" w="90" /><ent r="3" t="50" w="488" /><ent r="4" t="54" w="325" /></phr><phr n="worked"><ent r="3" t="31" w="1065" /></phr></stem><stem n="major"><phr n="major"><ent r="3" t="1" w="21" /><ent r="3" t="7" w="11" /><ent r="3" t="29" w="92" /><ent r="3" t="42" w="70" /><ent r="3" t="60" w="680" /></phr></stem><stem n="architectur"><phr n="architecture"><ent r="3" t="1" w="25" /><ent r="4" t="2" w="21" /><ent r="3" t="2" w="25" /><ent r="268435456" t="9" w="1" /><ent r="4096" t="9" w="3" /><ent r="16777218" t="9" w="5" /><ent r="3" t="35" w="152" /><ent r="4" t="42" w="78" /></phr></stem><stem n="classic"><phr n="classical"><ent r="3" t="1" w="28" /><ent r="3" t="41" w="13" /><ent r="3" t="51" w="55" /><ent r="3" t="61" w="801" /><ent r="3" t="62" w="47" /><ent r="3" t="62" w="691" /><ent r="3" t="63" w="154" /><ent r="3" t="64" w="167" /></phr><phr n="classic"><ent r="3" t="50" w="691" /></phr></stem><stem n="design"><phr n="design"><ent r="3" t="1" w="31" /><ent r="3" t="2" w="13" /><ent r="4" t="2" w="22" /><ent r="268435456" t="9" w="2" /><ent r="4096" t="9" w="4" /><ent r="16777218" t="9" w="6" /><ent r="3" t="9" w="9" /><ent r="4" t="9" w="41" /><ent r="4" t="9" w="46" /><ent r="268435456" t="10" w="2" /><ent r="4096" t="10" w="4" /><ent r="1048578" t="10" w="6" /><ent r="4096" t="10" w="43" /><ent r="4096" t="10" w="319" /><ent r="268435456" t="14" w="1" /><ent r="1048578" t="14" w="3" /></phr><phr n="designed"><ent r="3" t="2" w="47" /><ent r="3" t="11" w="12" /><ent r="3" t="11" w="25" /><ent r="3" t="19" w="31" /><ent r="3" t="28" w="22" /><ent r="3" t="31" w="318" /><ent r="3" t="31" w="369" /><ent r="3" t="31" w="480" /><ent r="3" t="42" w="15" /><ent r="3" t="46" w="24" /><ent r="4" t="69" w="676" /><ent r="4" t="69" w="942" /></phr></stem><stem n="singl"><phr n="single"><ent r="3" t="1" w="33" /><ent r="3" t="10" w="162" /><ent r="3" t="11" w="164" /><ent r="3" t="22" w="22" /><ent r="4" t="27" w="44" /><ent r="4" t="27" w="57" /><ent r="4" t="27" w="64" /><ent r="4" t="27" w="172" /><ent r="3" t="29" w="20" /><ent r="3" t="29" w="33" /><ent r="3" t="30" w="101" /><ent r="3" t="31" w="559" /><ent r="3" t="31" w="1013" /><ent r="3" t="31" w="1023" /><ent r="3" t="31" w="1120" /><ent r="3" t="31" w="1218" /><ent r="3" t="35" w="41" /><ent r="4" t="36" w="134" /><ent r="3" t="39" w="7" /><ent r="4" t="39" w="60" /><ent r="3" t="59" w="255" /><ent r="3" t="59" w="272" /><ent r="3" t="59" w="289" /><ent r="3" t="59" w="306" /><ent r="4" t="60" w="394" /><ent r="4" t="60" w="399" /><ent r="3" t="61" w="517" /><ent r="3" t="61" w="551" /><ent r="3" t="61" w="560" /><ent r="3" t="61" w="646" /><ent r="3" t="61" w="660" /><ent r="4" t="61" w="742" /><ent r="4" t="69" w="1068" /></phr></stem><stem n="unifi"><phr n="unified"><ent r="3" t="1" w="34" /></phr></stem><stem n="model"><phr n="model"><ent r="3" t="1" w="35" /><ent r="3" t="9" w="17" /><ent r="3" t="10" w="29" /><ent r="3" t="11" w="183" /><ent r="3" t="57" w="37" /></phr><phr n="models"><ent r="3" t="31" w="117" /><ent r="3" t="31" w="137" /></phr></stem><stem n="transform"><phr n="transforming"><ent r="3" t="1" w="38" /><ent r="4" t="26" w="23" /><ent r="4" t="27" w="74" /></phr><phr n="transformers"><ent r="3" t="1" w="196" /><ent r="4" t="10" w="111" /></phr><phr n="transform"><ent r="3" t="1" w="203" /><ent r="3" t="10" w="201" /><ent r="4" t="27" w="257" /><ent r="3" t="33" w="24" /></phr><phr n="transformer"><ent r="4" t="10" w="89" /></phr><phr n="transformations"><ent r="3" t="27" w="20" /></phr><phr n="transforms"><ent r="4" t="27" w="73" /><ent r="4" t="27" w="245" /><ent r="3" t="62" w="85" /></phr><phr n="transformed"><ent r="4" t="62" w="492" /><ent r="4" t="62" w="497" /></phr></stem><stem n="easili"><phr n="easily"><ent r="3" t="1" w="42" /><ent r="3" t="10" w="250" /><ent r="3" t="31" w="1255" /><ent r="3" t="59" w="59" /><ent r="3" t="67" w="131" /><ent r="3" t="67" w="276" /></phr></stem><stem n="exist"><phr n="existing"><ent r="3" t="1" w="43" /><ent r="3" t="4" w="71" /><ent r="3" t="31" w="1130" /><ent r="3" t="31" w="1257" /><ent r="3" t="43" w="16" /><ent r="3" t="58" w="30" /><ent r="3" t="60" w="184" /></phr></stem><stem n="compon"><phr n="components"><ent r="3" t="1" w="44" /></phr><phr n="component"><ent r="3" t="1" w="259" /><ent r="4" t="62" w="520" /><ent r="4" t="69" w="38" /><ent r="5" t="69" w="47" /><ent r="3" t="69" w="289" /></phr></stem><stem n="deriv"><phr n="derive"><ent r="3" t="1" w="45" /><ent r="3" t="19" w="145" /><ent r="3" t="27" w="311" /><ent r="3" t="28" w="84" /></phr><phr n="derived"><ent r="3" t="10" w="410" /><ent r="3" t="11" w="86" /><ent r="3" t="11" w="197" /><ent r="3" t="23" w="107" /><ent r="3" t="27" w="9" /><ent r="3" t="28" w="17" /><ent r="3" t="31" w="714" /><ent r="3" t="46" w="20" /><ent r="4" t="54" w="472" /><ent r="4" t="54" w="485" /><ent r="3" t="55" w="22" /><ent r="3" t="55" w="35" /><ent r="3" t="57" w="14" /><ent r="3" t="57" w="84" /><ent r="3" t="57" w="95" /><ent r="3" t="57" w="552" /></phr><phr n="derivative"><ent r="4" t="31" w="223" /><ent r="3" t="31" w="557" /></phr><phr n="derivatives"><ent r="3" t="67" w="280" /></phr></stem><stem n="own"><phr n="own"><ent r="3" t="1" w="46" /><ent r="3" t="4" w="38" /><ent r="6" t="7" w="102" /><ent r="3" t="19" w="146" /><ent r="3" t="27" w="312" /><ent r="3" t="28" w="85" /><ent r="3" t="40" w="37" /><ent r="3" t="61" w="466" /></phr><phr n="owned"><ent r="3" t="60" w="250" /></phr></stem><stem n="addit"><phr n="additional"><ent r="3" t="1" w="47" /><ent r="3" t="3" w="128" /><ent r="3" t="5" w="42" /><ent r="3" t="8" w="75" /><ent r="3" t="13" w="95" /><ent r="3" t="25" w="239" /><ent r="3" t="31" w="819" /><ent r="3" t="31" w="847" /><ent r="3" t="37" w="328" /><ent r="5" t="37" w="375" /><ent r="3" t="52" w="30" /><ent r="4" t="54" w="254" /><ent r="6" t="57" w="242" /><ent r="6" t="57" w="325" /><ent r="3" t="58" w="111" /><ent r="3" t="59" w="624" /><ent r="3" t="60" w="298" /><ent r="3" t="61" w="30" /><ent r="3" t="62" w="22" /><ent r="3" t="63" w="152" /></phr><phr n="addition"><ent r="3" t="8" w="14" /><ent r="3" t="30" w="94" /><ent r="3" t="37" w="330" /></phr><phr n="additionally"><ent r="3" t="30" w="72" /><ent r="3" t="31" w="442" /><ent r="3" t="31" w="1286" /></phr></stem><stem n="function"><phr n="functionality"><ent r="3" t="1" w="48" /><ent r="3" t="1" w="165" /><ent r="3" t="11" w="195" /><ent r="3" t="14" w="150" /><ent r="3" t="15" w="21" /><ent r="3" t="22" w="96" /><ent r="3" t="23" w="94" /></phr><phr n="functions"><ent r="3" t="3" w="113" /><ent r="4" t="10" w="353" /><ent r="3" t="14" w="7" /><ent r="3" t="14" w="33" /><ent r="3" t="14" w="55" /><ent r="3" t="14" w="145" /><ent r="3" t="15" w="13" /><ent r="3" t="17" w="11" /><ent r="3" t="19" w="30" /><ent r="3" t="22" w="98" /><ent r="4" t="23" w="61" /><ent r="3" t="25" w="50" /><ent r="3" t="25" w="316" /><ent r="3" t="34" w="29" /><ent r="3" t="34" w="40" /><ent r="3" t="39" w="160" /><ent r="3" t="43" w="13" /><ent r="3" t="43" w="28" /><ent r="3" t="43" w="44" /><ent r="3" t="43" w="93" /><ent r="3" t="45" w="18" /><ent r="3" t="46" w="58" /><ent r="4" t="54" w="244" /><ent r="4" t="54" w="495" /><ent r="3" t="54" w="543" /><ent r="3" t="55" w="45" /><ent r="3" t="55" w="115" /><ent r="3" t="57" w="102" /><ent r="3" t="57" w="116" /><ent r="4" t="57" w="124" /><ent r="4" t="57" w="204" /><ent r="4" t="57" w="499" /><ent r="4" t="57" w="511" /><ent r="4" t="57" w="512" /><ent r="4" t="57" w="527" /><ent r="3" t="58" w="84" /></phr><phr n="function"><ent r="3" t="13" w="51" /><ent r="3" t="14" w="75" /><ent r="3" t="14" w="230" /><ent r="3" t="14" w="242" /><ent r="3" t="14" w="255" /><ent r="3" t="17" w="29" /><ent r="3" t="18" w="30" /><ent r="3" t="25" w="15" /><ent r="3" t="32" w="134" /><ent r="3" t="43" w="57" /><ent r="3" t="43" w="73" /><ent r="3" t="43" w="99" /><ent r="3" t="44" w="17" /><ent r="3" t="44" w="43" /><ent r="3" t="45" w="20" /><ent r="3" t="45" w="27" /><ent r="3" t="45" w="39" /><ent r="3" t="46" w="46" /><ent r="5" t="54" w="131" /><ent r="4" t="54" w="269" /><ent r="4" t="54" w="295" /><ent r="4" t="54" w="310" /><ent r="4" t="54" w="329" /><ent r="4" t="54" w="353" /><ent r="4" t="54" w="373" /><ent r="4" t="54" w="377" /><ent r="4" t="54" w="400" /><ent r="4" t="54" w="412" /><ent r="4" t="54" w="425" /><ent r="4" t="54" w="522" /><ent r="4" t="54" w="611" /><ent r="4" t="54" w="697" /><ent r="3" t="55" w="87" /><ent r="3" t="57" w="89" /><ent r="3" t="57" w="108" /><ent r="3" t="57" w="110" /><ent r="4" t="57" w="253" /><ent r="4" t="57" w="335" /><ent r="4" t="57" w="490" /><ent r="4" t="57" w="506" /><ent r="4" t="57" w="532" /><ent r="4" t="57" w="539" /><ent r="3" t="57" w="574" /><ent r="3" t="63" w="118" /><ent r="3" t="64" w="127" /></phr></stem><stem n="class"><phr n="classes"><ent r="3" t="1" w="49" /><ent r="3" t="1" w="52" /><ent r="3" t="2" w="15" /><ent r="3" t="2" w="40" /><ent r="3" t="2" w="49" /><ent r="3" t="9" w="25" /><ent r="3" t="9" w="31" /><ent r="4096" t="10" w="321" /><ent r="4096" t="10" w="323" /><ent r="4096" t="10" w="325" /><ent r="4096" t="10" w="327" /><ent r="4096" t="10" w="329" /><ent r="3" t="10" w="333" /><ent r="4" t="10" w="386" /><ent r="3" t="10" w="407" /><ent r="3" t="10" w="408" /><ent r="3" t="10" w="409" /><ent r="4096" t="10" w="416" /><ent r="3" t="14" w="6" /><ent r="3" t="14" w="107" /><ent r="268435456" t="15" w="2" /><ent r="4096" t="15" w="3" /><ent r="4096" t="15" w="6" /><ent r="16777218" t="15" w="8" /><ent r="3" t="15" w="12" /><ent r="3" t="15" w="24" /><ent r="3" t="15" w="30" /><ent r="3" t="15" w="43" /><ent r="4096" t="18" w="5" /><ent r="268435456" t="20" w="3" /><ent r="4096" t="20" w="4" /><ent r="4096" t="20" w="7" /><ent r="16777218" t="20" w="10" /><ent r="3" t="20" w="16" /><ent r="3" t="20" w="28" /><ent r="3" t="20" w="31" /><ent r="3" t="20" w="42" /><ent r="3" t="20" w="56" /><ent r="3" t="20" w="62" /><ent r="3" t="20" w="83" /><ent r="4" t="20" w="92" /><ent r="4" t="20" w="94" /><ent r="268435456" t="22" w="2" /><ent r="1048578" t="22" w="4" /><ent r="4096" t="22" w="6" /><ent r="4096" t="22" w="7" /><ent r="3" t="22" w="11" /><ent r="3" t="22" w="105" /><ent r="268435456" t="23" w="2" /><ent r="4096" t="23" w="4" /><ent r="4096" t="23" w="5" /><ent r="1048578" t="23" w="8" /><ent r="3" t="23" w="13" /><ent r="3" t="23" w="67" /><ent r="3" t="23" w="78" /><ent r="4096" t="23" w="82" /><ent r="3" t="23" w="91" /><ent r="3" t="24" w="23" /><ent r="3" t="24" w="27" /><ent r="3" t="24" w="32" /><ent r="3" t="24" w="72" /><ent r="3" t="24" w="77" /><ent r="4" t="26" w="18" /><ent r="4" t="27" w="255" /><ent r="3" t="28" w="20" /><ent r="4096" t="34" w="12" /><ent r="3" t="35" w="154" /><ent r="3" t="36" w="13" /><ent r="3" t="38" w="60" /><ent r="3" t="38" w="64" /><ent r="3" t="42" w="12" /><ent r="3" t="53" w="221" /><ent r="4" t="54" w="188" /><ent r="4" t="54" w="201" /><ent r="4" t="54" w="453" /><ent r="4" t="54" w="486" /><ent r="4" t="54" w="656" /><ent r="4" t="54" w="693" /><ent r="3" t="55" w="36" /><ent r="3" t="58" w="92" /><ent r="3" t="59" w="85" /><ent r="3" t="63" w="130" /></phr><phr n="class"><ent r="3" t="3" w="52" /><ent r="6" t="7" w="162" /><ent r="4" t="10" w="351" /><ent r="4" t="10" w="361" /><ent r="4" t="10" w="364" /><ent r="4" t="10" w="369" /><ent r="4" t="10" w="372" /><ent r="4" t="10" w="380" /><ent r="3" t="10" w="419" /><ent r="3" t="10" w="422" /><ent r="3" t="11" w="62" /><ent r="3" t="11" w="119" /><ent r="3" t="11" w="137" /><ent r="3" t="11" w="193" /><ent r="3" t="12" w="18" /><ent r="3" t="13" w="54" /><ent r="3" t="14" w="137" /><ent r="3" t="14" w="232" /><ent r="3" t="14" w="238" /><ent r="4" t="15" w="60" /><ent r="268435456" t="18" w="2" /><ent r="4096" t="18" w="4" /><ent r="1048578" t="18" w="8" /><ent r="3" t="18" w="18" /><ent r="3" t="18" w="47" /><ent r="3" t="19" w="9" /><ent r="3" t="22" w="20" /><ent r="3" t="22" w="32" /><ent r="3" t="22" w="42" /><ent r="3" t="22" w="52" /><ent r="3" t="22" w="68" /><ent r="3" t="22" w="136" /><ent r="3" t="23" w="26" /><ent r="3" t="23" w="54" /><ent r="3" t="23" w="86" /><ent r="3" t="23" w="106" /><ent r="3" t="23" w="129" /><ent r="3" t="25" w="46" /><ent r="3" t="25" w="96" /><ent r="3" t="25" w="109" /><ent r="3" t="25" w="126" /><ent r="3" t="25" w="256" /><ent r="3" t="27" w="8" /><ent r="3" t="27" w="11" /><ent r="3" t="27" w="14" /><ent r="4" t="27" w="27" /><ent r="4" t="27" w="42" /><ent r="4" t="27" w="132" /><ent r="4" t="27" w="154" /><ent r="4" t="27" w="157" /><ent r="4" t="27" w="200" /><ent r="4" t="27" w="203" /><ent r="4" t="27" w="210" /><ent r="4" t="27" w="250" /><ent r="3" t="28" w="8" /><ent r="3" t="28" w="10" /><ent r="3" t="30" w="139" /><ent r="3" t="32" w="14" /><ent r="3" t="32" w="19" /><ent r="3" t="32" w="35" /><ent r="3" t="32" w="43" /><ent r="3" t="32" w="57" /><ent r="3" t="32" w="124" /><ent r="3" t="32" w="131" /><ent r="3" t="34" w="18" /><ent r="3" t="34" w="25" /><ent r="3" t="34" w="52" /><ent r="3" t="36" w="22" /><ent r="3" t="39" w="13" /><ent r="3" t="39" w="14" /><ent r="3" t="39" w="156" /><ent r="3" t="39" w="165" /><ent r="3" t="40" w="65" /><ent r="3" t="45" w="46" /><ent r="3" t="46" w="19" /><ent r="3" t="46" w="57" /><ent r="3" t="53" w="125" /><ent r="3" t="53" w="233" /><ent r="5" t="54" w="137" /><ent r="5" t="54" w="146" /><ent r="4" t="54" w="195" /><ent r="4" t="54" w="204" /><ent r="4" t="54" w="207" /><ent r="4" t="54" w="281" /><ent r="4" t="54" w="402" /><ent r="4" t="54" w="408" /><ent r="4" t="54" w="473" /><ent r="3" t="54" w="541" /><ent r="4" t="54" w="546" /><ent r="3" t="54" w="565" /><ent r="4" t="54" w="575" /><ent r="4" t="54" w="619" /><ent r="4" t="54" w="633" /><ent r="3" t="55" w="23" /><ent r="3" t="55" w="66" /><ent r="3" t="55" w="103" /><ent r="3" t="57" w="12" /><ent r="3" t="57" w="85" /><ent r="3" t="57" w="96" /><ent r="3" t="57" w="553" /><ent r="3" t="57" w="557" /><ent r="3" t="57" w="569" /><ent r="3" t="57" w="570" /><ent r="3" t="58" w="77" /><ent r="3" t="59" w="88" /><ent r="3" t="59" w="653" /><ent r="3" t="61" w="528" /><ent r="3" t="61" w="534" /><ent r="3" t="62" w="96" /><ent r="3" t="62" w="100" /><ent r="3" t="63" w="202" /><ent r="4" t="69" w="408" /><ent r="3" t="70" w="12" /></phr></stem></index>