<?xml version="1.0" encoding="utf-8"?><index><stem n="wari"><phr n="wary"><ent r="3" t="58" w="171" /></phr></stem><stem n="roundoff"><phr n="roundoff"><ent r="3" t="58" w="174" /></phr></stem><stem n="imprecis"><phr n="imprecise"><ent r="3" t="58" w="175" /></phr></stem><stem n="scanf"><phr n="scanf"><ent r="3" t="58" w="176" /></phr></stem><stem n="printf"><phr n="printf"><ent r="3" t="58" w="177" /></phr></stem><stem n="20000000"><phr n="20000000"><ent r="3" t="58" w="186" /><ent r="3" t="58" w="195" /></phr></stem><stem n="00000000"><phr n="00000000"><ent r="3" t="58" w="189" /><ent r="3" t="58" w="192" /></phr></stem><stem n="780"><phr n="780"><ent r="3" t="58" w="196" /><ent r="3" t="58" w="211" /></phr></stem><stem n="10000000"><phr n="10000000"><ent r="3" t="58" w="197" /></phr></stem><stem n="219"><phr n="219"><ent r="3" t="58" w="198" /><ent r="3" t="58" w="213" /></phr></stem><stem n="90000000"><phr n="90000000"><ent r="3" t="58" w="199" /></phr></stem><stem n="interleav"><phr n="interleaved"><ent r="3" t="59" w="37" /><ent r="3" t="59" w="41" /><ent r="4" t="69" w="80" /><ent r="4" t="69" w="151" /></phr><phr n="interleaving"><ent r="3" t="59" w="328" /></phr></stem><stem n="edit"><phr n="editable"><ent r="3" t="59" w="60" /></phr></stem><stem n="denomin"><phr n="denominator"><ent r="3" t="59" w="67" /></phr></stem><stem n="keyword"><phr n="keywords"><ent r="3" t="59" w="72" /><ent r="3" t="59" w="128" /><ent r="3" t="59" w="138" /><ent r="3" t="59" w="162" /><ent r="3" t="59" w="164" /><ent r="4" t="59" w="626" /><ent r="4" t="59" w="631" /><ent r="3" t="59" w="650" /><ent r="3" t="59" w="657" /><ent r="3" t="59" w="660" /><ent r="3" t="59" w="750" /><ent r="4" t="59" w="769" /></phr><phr n="keyword"><ent r="3" t="59" w="132" /><ent r="3" t="59" w="334" /><ent r="3" t="59" w="375" /><ent r="3" t="59" w="407" /><ent r="3" t="59" w="419" /><ent r="4" t="59" w="764" /></phr></stem><stem n="hdr"><phr n="hdr"><ent r="4" t="59" w="118" /></phr></stem><stem n="insensit"><phr n="insensitive"><ent r="3" t="59" w="141" /></phr></stem><stem n="preced"><phr n="preceded"><ent r="3" t="59" w="153" /></phr></stem><stem n="comment"><phr n="comment"><ent r="3" t="59" w="156" /><ent r="3" t="59" w="158" /><ent r="4" t="59" w="761" /><ent r="6" t="62" w="673" /><ent r="6" t="62" w="675" /></phr><phr n="comments"><ent r="3" t="60" w="73" /><ent r="3" t="60" w="889" /></phr></stem><stem n="bandgapbyt"><phr n="bandgapbytes"><ent r="3" t="59" w="170" /></phr></stem><stem n="bandrowbyt"><phr n="bandrowbytes"><ent r="3" t="59" w="175" /></phr></stem><stem n="nband"><phr n="nbands"><ent r="4" t="59" w="182" /><ent r="3" t="59" w="365" /><ent r="5" t="59" w="628" /><ent r="3" t="59" w="688" /><ent r="3" t="59" w="730" /></phr></stem><stem n="byte_ord"><phr n="byte_order"><ent r="4" t="59" w="183" /><ent r="4" t="59" w="211" /></phr></stem><stem n="interpret"><phr n="interpretation"><ent r="3" t="59" w="185" /><ent r="4" t="59" w="754" /><ent r="3" t="60" w="447" /><ent r="3" t="60" w="711" /><ent r="3" t="60" w="886" /></phr><phr n="interpreted"><ent r="3" t="61" w="505" /><ent r="4" t="62" w="473" /></phr><phr n="interpret"><ent r="4" t="61" w="594" /></phr></stem><stem n="motorola"><phr n="motorola"><ent r="6" t="59" w="189" /></phr></stem><stem n="m"><phr n="m"><ent r="6" t="59" w="190" /><ent r="3" t="60" w="673" /></phr></stem><stem n="bigendian"><phr n="bigendian"><ent r="6" t="59" w="192" /></phr></stem><stem n="littleendian"><phr n="littleendian"><ent r="6" t="59" w="196" /></phr></stem><stem n="na"><phr n="na"><ent r="6" t="59" w="197" /><ent r="4" t="59" w="202" /><ent r="4" t="59" w="345" /><ent r="4" t="59" w="349" /></phr></stem><stem n="byteord"><phr n="byteorder"><ent r="3" t="59" w="209" /><ent r="3" t="59" w="662" /></phr></stem><stem n="grey"><phr n="grey"><ent r="6" t="59" w="217" /></phr></stem><stem n="gray"><phr n="gray"><ent r="6" t="59" w="218" /><ent r="4" t="59" w="225" /></phr></stem><stem n="col"><phr n="cols"><ent r="3" t="59" w="235" /></phr></stem><stem n="ncol"><phr n="ncols"><ent r="4" t="59" w="237" /><ent r="3" t="59" w="397" /><ent r="5" t="59" w="629" /><ent r="3" t="59" w="683" /><ent r="3" t="59" w="728" /></phr></stem><stem n="u8"><phr n="u8"><ent r="4" t="59" w="244" /><ent r="4" t="59" w="248" /></phr></stem><stem n="u16"><phr n="u16"><ent r="4" t="59" w="245" /><ent r="3" t="59" w="733" /></phr></stem><stem n="f32"><phr n="f32"><ent r="4" t="59" w="246" /></phr></stem><stem n="dynamicrangelevel"><phr n="dynamicrangelevel"><ent r="3" t="59" w="249" /><ent r="5" t="59" w="646" /><ent r="5" t="59" w="768" /></phr></stem><stem n="midpoint"><phr n="midpoint"><ent r="3" t="59" w="250" /><ent r="6" t="62" w="216" /><ent r="4" t="69" w="461" /></phr></stem><stem n="dynamicrangemax"><phr n="dynamicrangemax"><ent r="3" t="59" w="266" /><ent r="5" t="59" w="641" /><ent r="5" t="59" w="766" /></phr></stem><stem n="dynamicrangemin"><phr n="dynamicrangemin"><ent r="3" t="59" w="283" /><ent r="5" t="59" w="640" /><ent r="5" t="59" w="765" /></phr></stem><stem n="dynamicrangewindow"><phr n="dynamicrangewindow"><ent r="3" t="59" w="300" /><ent r="5" t="59" w="645" /><ent r="5" t="59" w="767" /></phr></stem><stem n="e_squar"><phr n="e_squared"><ent r="3" t="59" w="317" /></phr></stem><stem n="sphere"><phr n="sphere"><ent r="3" t="59" w="318" /><ent r="3" t="59" w="462" /></phr></stem><stem n="eccentr"><phr n="eccentricity"><ent r="3" t="59" w="319" /></phr></stem><stem n="squar"><phr n="squared"><ent r="3" t="59" w="320" /></phr><phr n="squares"><ent r="3" t="64" w="338" /></phr></stem><stem n="map_unit"><phr n="map_units"><ent r="3" t="59" w="356" /></phr></stem><stem n="measur"><phr n="measurement"><ent r="3" t="59" w="357" /></phr><phr n="measure"><ent r="6" t="62" w="332" /><ent r="4" t="69" w="649" /></phr></stem><stem n="65535"><phr n="65535"><ent r="4" t="59" w="372" /></phr></stem><stem n="nbit"><phr n="nbits"><ent r="3" t="59" w="377" /><ent r="3" t="59" w="692" /></phr></stem><stem n="2^31"><phr n="2^31"><ent r="3" t="59" w="404" /><ent r="3" t="59" w="416" /></phr></stem><stem n="nrow"><phr n="nrows"><ent r="3" t="59" w="409" /><ent r="4" t="59" w="473" /><ent r="5" t="59" w="630" /><ent r="3" t="59" w="678" /><ent r="3" t="59" w="726" /></phr></stem><stem n="pixel_height"><phr n="pixel_height"><ent r="3" t="59" w="421" /></phr></stem><stem n="ydim"><phr n="ydim"><ent r="3" t="59" w="423" /><ent r="3" t="59" w="604" /><ent r="3" t="59" w="709" /><ent r="3" t="63" w="20" /><ent r="3" t="63" w="43" /><ent r="3" t="63" w="45" /><ent r="3" t="63" w="64" /><ent r="3" t="63" w="91" /><ent r="3" t="63" w="115" /><ent r="3" t="63" w="210" /></phr><phr n="ydims"><ent r="3" t="63" w="193" /><ent r="3" t="63" w="199" /></phr></stem><stem n="pixel_width"><phr n="pixel_width"><ent r="3" t="59" w="424" /></phr></stem><stem n="xdim"><phr n="xdim"><ent r="3" t="59" w="426" /><ent r="3" t="59" w="587" /><ent r="3" t="59" w="705" /><ent r="3" t="63" w="211" /></phr></stem><stem n="projection_nam"><phr n="projection_name"><ent r="3" t="59" w="427" /></phr></stem><stem n="projection_paramet"><phr n="projection_parameters"><ent r="3" t="59" w="437" /></phr></stem><stem n="projection_zon"><phr n="projection_zone"><ent r="3" t="59" w="451" /></phr></stem><stem n="zone"><phr n="zone"><ent r="3" t="59" w="453" /></phr></stem><stem n="int32"><phr n="int32"><ent r="3" t="59" w="458" /></phr></stem><stem n="radius"><phr n="radius"><ent r="3" t="59" w="461" /><ent r="3" t="59" w="463" /></phr></stem><stem n="semi_major_axi"><phr n="semi_major_axis"><ent r="3" t="59" w="474" /></phr></stem><stem n="semimajor"><phr n="semimajor"><ent r="3" t="59" w="475" /></phr></stem><stem n="axi"><phr n="axis"><ent r="3" t="59" w="476" /><ent r="3" t="59" w="486" /></phr></stem><stem n="semi_minor_axi"><phr n="semi_minor_axis"><ent r="3" t="59" w="484" /></phr></stem><stem n="semiminor"><phr n="semiminor"><ent r="3" t="59" w="485" /></phr></stem><stem n="skipbyt"><phr n="skipbytes"><ent r="3" t="59" w="494" /></phr></stem><stem n="skip"><phr n="skip"><ent r="3" t="59" w="500" /></phr></stem><stem n="spheroid_nam"><phr n="spheroid_name"><ent r="3" t="59" w="520" /></phr></stem><stem n="totalrowbyt"><phr n="totalrowbytes"><ent r="3" t="59" w="530" /></phr></stem><stem n="ul_x_coordin"><phr n="ul_x_coordinate"><ent r="3" t="59" w="535" /></phr></stem><stem n="ulxmap"><phr n="ulxmap"><ent r="4" t="59" w="537" /><ent r="3" t="59" w="541" /><ent r="3" t="59" w="697" /></phr></stem><stem n="ul_y_coordin"><phr n="ul_y_coordinate"><ent r="3" t="59" w="538" /></phr></stem><stem n="ulymap"><phr n="ulymap"><ent r="4" t="59" w="540" /><ent r="3" t="59" w="557" /><ent r="3" t="59" w="701" /></phr></stem><stem n="upperleft"><phr n="upperleft"><ent r="3" t="59" w="542" /><ent r="3" t="59" w="558" /></phr></stem><stem n="wordlength"><phr n="wordlength"><ent r="3" t="59" w="573" /></phr></stem><stem n="overridden"><phr n="overridden"><ent r="3" t="59" w="585" /></phr></stem><stem n="colorspacelayout"><phr n="colorspacelayout"><ent r="3" t="59" w="665" /></phr></stem><stem n="640x480"><phr n="640x480"><ent r="3" t="59" w="718" /><ent r="3" t="63" w="86" /></phr></stem><stem n="480"><phr n="480"><ent r="3" t="59" w="727" /></phr></stem><stem n="640"><phr n="640"><ent r="3" t="59" w="729" /></phr></stem><stem n="vendor"><phr n="vendors"><ent r="3" t="59" w="742" /></phr></stem><stem n="geotiffmetadata"><phr n="geotiffmetadata"><ent r="4096" t="60" w="13" /></phr></stem><stem n="box"><phr n="box"><ent r="4" t="60" w="30" /><ent r="3" t="60" w="37" /><ent r="3" t="60" w="267" /><ent r="3" t="60" w="276" /><ent r="3" t="60" w="288" /><ent r="3" t="60" w="307" /><ent r="3" t="60" w="316" /><ent r="258" t="60" w="320" /><ent r="3" t="60" w="322" /><ent r="3" t="60" w="345" /><ent r="3" t="60" w="369" /><ent r="3" t="60" w="371" /><ent r="3" t="60" w="470" /><ent r="3" t="60" w="499" /><ent r="258" t="60" w="507" /><ent r="3" t="60" w="546" /><ent r="3" t="60" w="611" /><ent r="3" t="60" w="635" /><ent r="3" t="60" w="639" /><ent r="3" t="60" w="648" /><ent r="3" t="60" w="656" /><ent r="3" t="60" w="739" /><ent r="3" t="60" w="743" /><ent r="3" t="60" w="943" /><ent r="3" t="60" w="1088" /><ent r="3" t="61" w="803" /></phr><phr n="boxes"><ent r="3" t="60" w="271" /></phr><phr n="boxed"><ent r="3" t="61" w="798" /></phr></stem><stem n="30"><phr n="30"><ent r="3" t="60" w="45" /><ent r="3" t="60" w="853" /></phr></stem><stem n="michael"><phr n="michael"><ent r="3" t="60" w="49" /></phr></stem><stem n="p"><phr n="p"><ent r="3" t="60" w="50" /><ent r="4" t="69" w="565" /><ent r="7" t="69" w="576" /></phr></stem><stem n="gerlek"><phr n="gerlek"><ent r="3" t="60" w="51" /></phr></stem><stem n="editor"><phr n="editor"><ent r="3" t="60" w="52" /></phr></stem><stem n="mpg"><phr n="mpg"><ent r="3" t="60" w="53" /></phr></stem><stem n="dot"><phr n="dot"><ent r="3" t="60" w="55" /></phr></stem><stem n="inc"><phr n="inc"><ent r="3" t="60" w="58" /><ent r="3" t="60" w="94" /><ent r="3" t="60" w="198" /><ent r="3" t="60" w="218" /><ent r="3" t="66" w="46" /><ent r="3" t="68" w="9" /><ent r="3" t="68" w="79" /></phr></stem><stem n="1008"><phr n="1008"><ent r="3" t="60" w="59" /><ent r="3" t="68" w="110" /></phr></stem><stem n="western"><phr n="western"><ent r="3" t="60" w="60" /><ent r="3" t="68" w="111" /></phr></stem><stem n="ave"><phr n="ave"><ent r="3" t="60" w="61" /></phr></stem><stem n="suit"><phr n="suite"><ent r="3" t="60" w="62" /><ent r="3" t="68" w="113" /></phr><phr n="suited"><ent r="4" t="69" w="1033" /></phr></stem><stem n="403"><phr n="403"><ent r="3" t="60" w="63" /><ent r="3" t="68" w="114" /></phr></stem><stem n="seattl"><phr n="seattle"><ent r="3" t="60" w="64" /><ent r="3" t="66" w="39" /><ent r="3" t="68" w="115" /></phr></stem><stem n="wa"><phr n="wa"><ent r="3" t="60" w="65" /></phr></stem><stem n="98104"><phr n="98104"><ent r="3" t="60" w="66" /><ent r="3" t="68" w="118" /></phr></stem><stem n="usa"><phr n="usa"><ent r="3" t="60" w="67" /><ent r="3" t="68" w="117" /></phr></stem><stem n="editori"><phr n="editorial"><ent r="258" t="60" w="69" /><ent r="3" t="60" w="77" /></phr></stem><stem n="bracket"><phr n="brackets"><ent r="3" t="60" w="76" /></phr></stem><stem n="asid"><phr n="asides"><ent r="3" t="60" w="78" /></phr></stem><stem n="disclaim"><phr n="disclaimers"><ent r="3" t="60" w="87" /></phr></stem><stem n="©"><phr n="©"><ent r="3" t="60" w="91" /><ent r="3" t="68" w="5" /></phr></stem><stem n="celartem"><phr n="celartem"><ent r="3" t="60" w="93" /><ent r="3" t="66" w="44" /><ent r="3" t="68" w="8" /><ent r="3" t="68" w="78" /></phr></stem><stem n="do"><phr n="doing"><ent r="3" t="60" w="95" /><ent r="3" t="68" w="10" /><ent r="3" t="68" w="80" /></phr></stem><stem n="permiss"><phr n="permission"><ent r="3" t="60" w="98" /><ent r="3" t="68" w="58" /></phr></stem><stem n="fee"><phr n="fee"><ent r="3" t="60" w="101" /></phr></stem><stem n="grant"><phr n="granted"><ent r="3" t="60" w="104" /></phr></stem><stem n="liabil"><phr n="liability"><ent r="3" t="60" w="116" /><ent r="3" t="60" w="137" /></phr></stem><stem n="incident"><phr n="incidental"><ent r="3" t="60" w="119" /></phr></stem><stem n="indirect"><phr n="indirect"><ent r="3" t="60" w="120" /></phr></stem><stem n="consequ"><phr n="consequences"><ent r="3" t="60" w="121" /></phr></stem><stem n="damag"><phr n="damages"><ent r="3" t="60" w="125" /></phr><phr n="damage"><ent r="3" t="60" w="134" /></phr></stem><stem n="whatsoev"><phr n="whatsoever"><ent r="3" t="60" w="126" /></phr></stem><stem n="profit"><phr n="profits"><ent r="3" t="60" w="130" /></phr></stem><stem n="advis"><phr n="advised"><ent r="3" t="60" w="132" /></phr></stem><stem n="theori"><phr n="theory"><ent r="3" t="60" w="136" /></phr></stem><stem n="aris"><phr n="arising"><ent r="3" t="60" w="138" /></phr></stem><stem n="confus"><phr n="confusion"><ent r="3" t="60" w="162" /></phr></stem><stem n="peopl"><phr n="people"><ent r="3" t="60" w="170" /></phr></stem><stem n="worthwhil"><phr n="worthwhile"><ent r="3" t="60" w="173" /></phr></stem><stem n="paper"><phr n="paper"><ent r="3" t="60" w="176" /></phr></stem><stem n="review"><phr n="reviewed"><ent r="3" t="60" w="177" /></phr></stem><stem n="codifi"><phr n="codify"><ent r="3" t="60" w="183" /></phr></stem><stem n="modif"><phr n="modifications"><ent r="3" t="60" w="187" /><ent r="6" t="62" w="305" /><ent r="3" t="62" w="412" /><ent r="4" t="62" w="418" /><ent r="4" t="62" w="518" /></phr></stem><stem n="histori"><phr n="history"><ent r="3" t="60" w="194" /></phr></stem><stem n="scienc"><phr n="science"><ent r="3" t="60" w="197" /><ent r="3" t="60" w="222" /></phr></stem><stem n="msi"><phr n="msi"><ent r="3" t="60" w="199" /><ent r="3" t="60" w="216" /><ent r="3" t="60" w="247" /><ent r="3" t="60" w="410" /><ent r="3" t="60" w="512" /><ent r="3" t="60" w="581" /></phr></stem><stem n="geojp2"><phr n="geojp2"><ent r="3" t="60" w="204" /><ent r="3" t="60" w="243" /><ent r="3" t="60" w="255" /></phr></stem><stem n="tm"><phr n="tm"><ent r="3" t="60" w="205" /></phr></stem><stem n="asset"><phr n="assets"><ent r="3" t="60" w="220" /></phr></stem><stem n="anyon"><phr n="anyone"><ent r="3" t="60" w="230" /><ent r="3" t="60" w="537" /></phr></stem><stem n="neither"><phr n="neither"><ent r="3" t="60" w="232" /></phr></stem><stem n="nor"><phr n="nor"><ent r="3" t="60" w="235" /></phr></stem><stem n="proprietari"><phr n="proprietary"><ent r="3" t="60" w="237" /><ent r="3" t="61" w="467" /></phr></stem><stem n="trademark"><phr n="trademark"><ent r="3" t="60" w="244" /><ent r="3" t="60" w="263" /><ent r="3" t="68" w="98" /></phr><phr n="trademarks"><ent r="3" t="65" w="18" /><ent r="4" t="65" w="32" /><ent r="3" t="68" w="66" /><ent r="3" t="68" w="76" /><ent r="3" t="68" w="104" /></phr></stem><stem n="encumb"><phr n="encumbered"><ent r="3" t="60" w="262" /></phr></stem><stem n="uuid"><phr n="uuid"><ent r="3" t="60" w="270" /><ent r="3" t="60" w="343" /><ent r="3" t="60" w="344" /><ent r="3" t="60" w="609" /><ent r="3" t="60" w="610" /></phr></stem><stem n="degener"><phr n="degenerate"><ent r="3" t="60" w="278" /><ent r="3" t="60" w="377" /></phr></stem><stem n="wld"><phr n="wld"><ent r="3" t="60" w="295" /></phr></stem><stem n="presenc"><phr n="presence"><ent r="3" t="60" w="304" /></phr></stem><stem n="compliant"><phr n="compliant"><ent r="3" t="60" w="311" /><ent r="3" t="60" w="423" /></phr></stem><stem n="codestream"><phr n="codestream"><ent r="3" t="60" w="315" /></phr></stem><stem n="geotiff_box"><phr n="geotiff_box"><ent r="3" t="60" w="349" /></phr></stem><stem n="0xb1"><phr n="0xb1"><ent r="3" t="60" w="351" /></phr></stem><stem n="0x4b"><phr n="0x4b"><ent r="3" t="60" w="352" /><ent r="3" t="60" w="357" /></phr></stem><stem n="0xf8"><phr n="0xf8"><ent r="3" t="60" w="353" /></phr></stem><stem n="0xbd"><phr n="0xbd"><ent r="3" t="60" w="354" /></phr></stem><stem n="0x08"><phr n="0x08"><ent r="3" t="60" w="355" /></phr></stem><stem n="0x3d"><phr n="0x3d"><ent r="3" t="60" w="356" /></phr></stem><stem n="0x43"><phr n="0x43"><ent r="3" t="60" w="358" /></phr></stem><stem n="0xa5"><phr n="0xa5"><ent r="3" t="60" w="359" /></phr></stem><stem n="0xae"><phr n="0xae"><ent r="3" t="60" w="360" /><ent r="3" t="60" w="626" /></phr></stem><stem n="0x8c"><phr n="0x8c"><ent r="3" t="60" w="361" /></phr></stem><stem n="0xd7"><phr n="0xd7"><ent r="3" t="60" w="362" /></phr></stem><stem n="0xd5"><phr n="0xd5"><ent r="3" t="60" w="363" /></phr></stem><stem n="0xa6"><phr n="0xa6"><ent r="3" t="60" w="364" /></phr></stem><stem n="0xce"><phr n="0xce"><ent r="3" t="60" w="365" /></phr></stem><stem n="0x03"><phr n="0x03"><ent r="3" t="60" w="366" /><ent r="7" t="69" w="580" /><ent r="7" t="69" w="584" /></phr></stem><stem n="unreleas"><phr n="unreleased"><ent r="3" t="60" w="409" /></phr></stem><stem n="seem"><phr n="seems"><ent r="3" t="60" w="412" /></phr></stem><stem n="corrupt"><phr n="corrupt"><ent r="3" t="60" w="420" /></phr></stem><stem n="abl"><phr n="able"><ent r="3" t="60" w="428" /><ent r="3" t="64" w="325" /><ent r="4" t="69" w="1293" /></phr></stem><stem n="bitdepth"><phr n="bitdepth"><ent r="3" t="60" w="437" /></phr></stem><stem n="mayb"><phr n="maybe"><ent r="3" t="60" w="453" /></phr></stem><stem n="my"><phr n="my"><ent r="3" t="60" w="510" /></phr></stem><stem n="flesh"><phr n="flesh"><ent r="3" t="60" w="517" /></phr></stem><stem n="confid"><phr n="confident"><ent r="3" t="60" w="521" /></phr></stem><stem n="publish"><phr n="publish"><ent r="3" t="60" w="533" /></phr></stem><stem n="feel"><phr n="feel"><ent r="3" t="60" w="541" /></phr></stem><stem n="chunk"><phr n="chunks"><ent r="3" t="60" w="549" /><ent r="3" t="60" w="600" /><ent r="3" t="60" w="647" /><ent r="3" t="60" w="649" /><ent r="3" t="60" w="738" /><ent r="3" t="60" w="754" /></phr><phr n="chunk"><ent r="3" t="60" w="555" /><ent r="3" t="60" w="572" /><ent r="3" t="60" w="591" /><ent r="3" t="60" w="752" /><ent r="3" t="60" w="756" /><ent r="3" t="60" w="763" /><ent r="3" t="60" w="765" /><ent r="3" t="60" w="773" /><ent r="3" t="60" w="778" /><ent r="3" t="60" w="783" /><ent r="3" t="60" w="786" /><ent r="3" t="60" w="792" /><ent r="3" t="60" w="807" /><ent r="3" t="60" w="811" /><ent r="3" t="60" w="817" /><ent r="3" t="60" w="822" /><ent r="4" t="60" w="922" /><ent r="3" t="60" w="935" /><ent r="3" t="60" w="950" /><ent r="3" t="60" w="954" /><ent r="3" t="60" w="960" /><ent r="3" t="60" w="965" /><ent r="3" t="60" w="978" /><ent r="3" t="60" w="989" /><ent r="3" t="60" w="993" /><ent r="3" t="60" w="999" /><ent r="3" t="60" w="1004" /><ent r="3" t="60" w="1017" /><ent r="3" t="60" w="1028" /><ent r="3" t="60" w="1032" /><ent r="3" t="60" w="1038" /><ent r="3" t="60" w="1043" /><ent r="3" t="60" w="1055" /><ent r="3" t="60" w="1067" /><ent r="4" t="69" w="1206" /></phr></stem><stem n="geoposit"><phr n="geopositioning"><ent r="3" t="60" w="562" /></phr></stem><stem n="obsolet"><phr n="obsolete"><ent r="3" t="60" w="603" /></phr></stem><stem n="world_box"><phr n="world_box"><ent r="3" t="60" w="615" /></phr></stem><stem n="0x96"><phr n="0x96"><ent r="3" t="60" w="617" /></phr></stem><stem n="0xa9"><phr n="0xa9"><ent r="3" t="60" w="618" /></phr></stem><stem n="0xf1"><phr n="0xf1"><ent r="3" t="60" w="619" /><ent r="3" t="60" w="620" /></phr></stem><stem n="0xdc"><phr n="0xdc"><ent r="3" t="60" w="621" /></phr></stem><stem n="0x98"><phr n="0x98"><ent r="3" t="60" w="622" /></phr></stem><stem n="0x40"><phr n="0x40"><ent r="3" t="60" w="623" /></phr></stem><stem n="0x2d"><phr n="0x2d"><ent r="3" t="60" w="624" /></phr></stem><stem n="0xa7"><phr n="0xa7"><ent r="3" t="60" w="625" /></phr></stem><stem n="0xd6"><phr n="0xd6"><ent r="3" t="60" w="627" /></phr></stem><stem n="0x8e"><phr n="0x8e"><ent r="3" t="60" w="628" /></phr></stem><stem n="0x34"><phr n="0x34"><ent r="3" t="60" w="629" /></phr></stem><stem n="0x45"><phr n="0x45"><ent r="3" t="60" w="630" /></phr></stem><stem n="0x18"><phr n="0x18"><ent r="3" t="60" w="631" /></phr></stem><stem n="0x09"><phr n="0x09"><ent r="3" t="60" w="632" /></phr></stem><stem n="laid"><phr n="laid"><ent r="3" t="60" w="652" /><ent r="3" t="61" w="289" /><ent r="3" t="64" w="319" /><ent r="4" t="69" w="86" /><ent r="4" t="69" w="157" /><ent r="4" t="69" w="227" /></phr></stem><stem n="contigu"><phr n="contiguous"><ent r="3" t="60" w="654" /></phr></stem><stem n="footer"><phr n="footer"><ent r="3" t="60" w="664" /><ent r="3" t="60" w="1063" /><ent r="3" t="60" w="1065" /></phr></stem><stem n="minor"><phr n="minor"><ent r="3" t="60" w="681" /></phr></stem><stem n="anyth"><phr n="anything"><ent r="3" t="60" w="691" /><ent r="3" t="60" w="729" /><ent r="3" t="61" w="385" /></phr></stem><stem n="13"><phr n="13"><ent r="3" t="60" w="694" /><ent r="3" t="60" w="838" /></phr></stem><stem n="leav"><phr n="leave"><ent r="3" t="60" w="733" /></phr></stem><stem n="appar"><phr n="apparently"><ent r="3" t="60" w="744" /></phr></stem><stem n="21"><phr n="21"><ent r="3" t="60" w="844" /></phr></stem><stem n="22"><phr n="22"><ent r="3" t="60" w="848" /></phr></stem><stem n="29"><phr n="29"><ent r="3" t="60" w="849" /></phr></stem><stem n="37"><phr n="37"><ent r="3" t="60" w="854" /></phr></stem><stem n="38"><phr n="38"><ent r="3" t="60" w="859" /></phr></stem><stem n="45"><phr n="45"><ent r="3" t="60" w="860" /></phr></stem><stem n="46"><phr n="46"><ent r="3" t="60" w="865" /></phr></stem><stem n="53"><phr n="53"><ent r="3" t="60" w="866" /></phr></stem><stem n="institut"><phr n="instituted"><ent r="4" t="60" w="897" /></phr></stem><stem n="03"><phr n="03"><ent r="4" t="60" w="900" /></phr></stem><stem n="signifi"><phr n="signify"><ent r="4" t="60" w="904" /></phr></stem><stem n="minus"><phr n="minus"><ent r="3" t="60" w="980" /><ent r="3" t="60" w="1019" /><ent r="3" t="60" w="1057" /></phr></stem><stem n="unknown"><phr n="unknown"><ent r="3" t="60" w="1053" /></phr></stem><stem n="come"><phr n="coming"><ent r="3" t="60" w="1066" /></phr><phr n="comes"><ent r="3" t="64" w="231" /></phr></stem><stem n="0xff"><phr n="0xff"><ent r="3" t="60" w="1075" /></phr></stem><stem n="0x00"><phr n="0x00"><ent r="3" t="60" w="1079" /></phr></stem><stem n="necessari"><phr n="necessary"><ent r="3" t="61" w="21" /></phr></stem><stem n="commentari"><phr n="commentary"><ent r="3" t="61" w="37" /></phr></stem><stem n="low"><phr n="low"><ent r="3" t="61" w="92" /><ent r="3" t="67" w="320" /></phr></stem><stem n="catalog"><phr n="cataloging"><ent r="3" t="61" w="105" /><ent r="3" t="61" w="455" /></phr><phr n="catalogs"><ent r="3" t="67" w="62" /></phr></stem><stem n="accur"><phr n="accurate"><ent r="3" t="61" w="109" /><ent r="6" t="62" w="341" /></phr></stem><stem n="utm"><phr n="utm"><ent r="3" t="61" w="118" /><ent r="3" t="61" w="119" /><ent r="3" t="61" w="131" /></phr></stem><stem n="mgrs"><phr n="mgrs"><ent r="3" t="61" w="120" /></phr></stem><stem n="wgs84"><phr n="wgs84"><ent r="3" t="61" w="121" /><ent r="3" t="61" w="153" /><ent r="3" t="61" w="372" /><ent r="3" t="61" w="492" /><ent r="4" t="61" w="688" /><ent r="4" t="61" w="751" /></phr></stem><stem n="lat"><phr n="lat"><ent r="3" t="61" w="127" /><ent r="3" t="61" w="373" /></phr></stem><stem n="decim"><phr n="decimal"><ent r="3" t="61" w="129" /><ent r="3" t="61" w="378" /></phr></stem><stem n="degre"><phr n="degrees"><ent r="3" t="61" w="130" /><ent r="3" t="61" w="375" /><ent r="3" t="61" w="379" /></phr><phr n="degree"><ent r="4" t="69" w="340" /></phr></stem><stem n="86"><phr n="86"><ent r="3" t="61" w="165" /></phr></stem><stem n="ccs"><phr n="ccs"><ent r="3" t="61" w="166" /><ent r="3" t="61" w="192" /><ent r="3" t="61" w="204" /><ent r="3" t="61" w="248" /><ent r="3" t="61" w="344" /><ent r="3" t="61" w="632" /><ent r="3" t="61" w="780" /></phr></stem><stem n="colloc"><phr n="collocate"><ent r="3" t="61" w="180" /></phr></stem><stem n="iloc"><phr n="iloc"><ent r="4" t="61" w="197" /><ent r="3" t="61" w="217" /><ent r="3" t="61" w="246" /><ent r="3" t="61" w="263" /><ent r="3" t="61" w="268" /><ent r="3" t="61" w="292" /><ent r="4" t="61" w="616" /><ent r="4" t="61" w="620" /><ent r="4" t="61" w="675" /><ent r="4" t="61" w="714" /><ent r="6" t="61" w="716" /></phr></stem><stem n="ialvl"><phr n="ialvl"><ent r="3" t="61" w="219" /><ent r="4" t="61" w="241" /><ent r="3" t="61" w="255" /><ent r="3" t="61" w="261" /><ent r="4" t="61" w="680" /><ent r="6" t="61" w="739" /><ent r="3" t="61" w="770" /></phr></stem><stem n="idlvl"><phr n="idlvl"><ent r="4" t="61" w="221" /><ent r="3" t="61" w="229" /><ent r="3" t="61" w="257" /><ent r="4" t="61" w="678" /><ent r="6" t="61" w="735" /></phr></stem><stem n="z"><phr n="z"><ent r="3" t="61" w="224" /></phr></stem><stem n="lowest"><phr n="lowest"><ent r="3" t="61" w="231" /><ent r="3" t="61" w="233" /><ent r="4" t="69" w="533" /></phr></stem><stem n="attach"><phr n="attachment"><ent r="3" t="61" w="242" /></phr></stem><stem n="999"><phr n="999"><ent r="3" t="61" w="273" /><ent r="3" t="61" w="275" /></phr></stem><stem n="40kx40k"><phr n="40kx40k"><ent r="3" t="61" w="287" /></phr></stem><stem n="120"><phr n="120"><ent r="3" t="61" w="304" /></phr></stem><stem n="obvious"><phr n="obvious"><ent r="3" t="61" w="323" /></phr></stem><stem n="spread"><phr n="spread"><ent r="3" t="61" w="332" /></phr></stem><stem n="far"><phr n="far"><ent r="3" t="61" w="333" /></phr></stem><stem n="apart"><phr n="apart"><ent r="3" t="61" w="334" /></phr></stem><stem n="1kx1k"><phr n="1kx1k"><ent r="3" t="61" w="337" /></phr></stem><stem n="150"><phr n="150"><ent r="3" t="61" w="340" /></phr></stem><stem n="97"><phr n="97"><ent r="3" t="61" w="355" /></phr></stem><stem n="blocka"><phr n="blocka"><ent r="3" t="61" w="356" /><ent r="3" t="61" w="381" /><ent r="3" t="61" w="391" /><ent r="3" t="61" w="395" /><ent r="6" t="61" w="693" /><ent r="6" t="61" w="756" /></phr></stem><stem n="repeat"><phr n="repeat"><ent r="3" t="61" w="363" /></phr></stem><stem n="loc"><phr n="loc"><ent r="3" t="61" w="396" /></phr></stem><stem n="stdi"><phr n="stdi"><ent r="3" t="61" w="402" /></phr></stem><stem n="0002"><phr n="0002"><ent r="3" t="61" w="403" /></phr></stem><stem n="83"><phr n="83"><ent r="3" t="61" w="409" /></phr></stem><stem n="crses"><phr n="crses"><ent r="3" t="61" w="432" /></phr></stem><stem n="care"><phr n="careful"><ent r="3" t="61" w="433" /></phr><phr n="care"><ent r="3" t="63" w="137" /></phr></stem><stem n="reveal"><phr n="reveal"><ent r="3" t="61" w="437" /></phr></stem><stem n="absent"><phr n="absent"><ent r="3" t="61" w="449" /><ent r="3" t="61" w="481" /></phr></stem><stem n="know"><phr n="know"><ent r="3" t="61" w="453" /><ent r="3" t="61" w="568" /></phr><phr n="knows"><ent r="3" t="61" w="458" /></phr></stem><stem n="noth"><phr n="nothing"><ent r="3" t="61" w="459" /><ent r="4" t="69" w="728" /></phr></stem></index>