<?xml version="1.0" encoding="utf-8"?><index><stem n="perform"><phr n="performance"><ent r="3" t="5" w="24" /><ent r="3" t="13" w="31" /><ent r="4096" t="31" w="295" /><ent r="4096" t="31" w="297" /><ent r="258" t="31" w="298" /><ent r="3" t="31" w="300" /><ent r="3" t="31" w="469" /><ent r="3" t="31" w="902" /><ent r="3" t="32" w="76" /><ent r="3" t="33" w="149" /><ent r="4" t="69" w="1236" /></phr><phr n="performs"><ent r="3" t="10" w="13" /><ent r="3" t="10" w="229" /><ent r="4" t="27" w="241" /></phr><phr n="perform"><ent r="3" t="19" w="140" /><ent r="3" t="30" w="223" /><ent r="3" t="31" w="970" /><ent r="3" t="32" w="128" /></phr><phr n="performing"><ent r="3" t="22" w="111" /><ent r="3" t="31" w="702" /><ent r="3" t="31" w="716" /><ent r="3" t="57" w="17" /><ent r="3" t="64" w="47" /><ent r="4" t="69" w="375" /><ent r="4" t="69" w="603" /><ent r="4" t="69" w="703" /><ent r="4" t="69" w="1196" /><ent r="4" t="69" w="1314" /></phr><phr n="performed"><ent r="3" t="25" w="307" /><ent r="3" t="31" w="730" /></phr></stem><stem n="verifi"><phr n="verify"><ent r="3" t="5" w="25" /></phr></stem><stem n="meet"><phr n="meets"><ent r="3" t="5" w="27" /><ent r="3" t="31" w="68" /><ent r="4098" t="67" w="211" /></phr><phr n="meet"><ent r="3" t="31" w="643" /><ent r="3" t="60" w="464" /></phr></stem><stem n="minimum"><phr n="minimum"><ent r="3" t="5" w="29" /><ent r="3" t="50" w="120" /><ent r="3" t="53" w="164" /><ent r="3" t="53" w="200" /><ent r="3" t="59" w="284" /><ent r="6" t="62" w="774" /><ent r="4" t="69" w="443" /></phr></stem><stem n="recommend"><phr n="recommended"><ent r="3" t="5" w="30" /></phr></stem><stem n="hardwar"><phr n="hardware"><ent r="3" t="5" w="31" /></phr></stem><stem n="ghz"><phr n="ghz"><ent r="4" t="5" w="34" /></phr></stem><stem n="processor"><phr n="processor"><ent r="4" t="5" w="35" /><ent r="6" t="5" w="323" /><ent r="6" t="5" w="351" /><ent r="6" t="5" w="387" /><ent r="3" t="13" w="11" /><ent r="3" t="13" w="38" /></phr><phr n="processors"><ent r="3" t="13" w="14" /><ent r="4" t="69" w="551" /></phr></stem><stem n="gb"><phr n="gb"><ent r="4" t="5" w="37" /></phr></stem><stem n="ram"><phr n="ram"><ent r="4" t="5" w="38" /><ent r="4" t="8" w="213" /><ent r="3" t="31" w="376" /><ent r="3" t="31" w="485" /></phr></stem><stem n="distribut"><phr n="distributions"><ent r="3" t="5" w="43" /></phr><phr n="distributing"><ent r="3" t="29" w="79" /><ent r="3" t="66" w="13" /><ent r="3" t="67" w="305" /></phr><phr n="distributed"><ent r="3" t="60" w="107" /></phr><phr n="distribution"><ent r="3" t="67" w="197" /></phr></stem><stem n="target"><phr n="target"><ent r="5" t="5" w="51" /><ent r="5" t="5" w="156" /><ent r="5" t="5" w="251" /><ent r="5" t="5" w="304" /><ent r="5" t="5" w="371" /><ent r="4" t="16" w="58" /><ent r="3" t="25" w="166" /><ent r="3" t="31" w="182" /><ent r="4" t="69" w="349" /></phr></stem><stem n="visual"><phr n="visual"><ent r="5" t="5" w="54" /><ent r="5" t="5" w="71" /><ent r="5" t="5" w="79" /><ent r="5" t="5" w="96" /><ent r="5" t="5" w="104" /><ent r="5" t="5" w="119" /><ent r="5" t="5" w="127" /><ent r="5" t="5" w="142" /><ent r="4" t="31" w="257" /><ent r="4" t="31" w="293" /><ent r="3" t="67" w="54" /></phr><phr n="visually"><ent r="3" t="30" w="207" /><ent r="4" t="31" w="231" /><ent r="3" t="31" w="1097" /><ent r="3" t="63" w="99" /><ent r="5" t="69" w="732" /><ent r="4" t="69" w="752" /><ent r="5" t="69" w="771" /><ent r="3" t="69" w="1246" /><ent r="4" t="69" w="1256" /><ent r="4" t="69" w="1265" /></phr><phr n="visualizations"><ent r="3" t="31" w="140" /></phr></stem><stem n="studio"><phr n="studio"><ent r="5" t="5" w="55" /><ent r="5" t="5" w="80" /><ent r="5" t="5" w="105" /><ent r="5" t="5" w="128" /></phr></stem><stem n="2013"><phr n="2013"><ent r="5" t="5" w="56" /><ent r="5" t="5" w="81" /></phr></stem><stem n="server"><phr n="server"><ent r="5" t="5" w="58" /><ent r="5" t="5" w="67" /><ent r="5" t="5" w="69" /><ent r="5" t="5" w="83" /><ent r="5" t="5" w="92" /><ent r="5" t="5" w="94" /><ent r="5" t="5" w="108" /><ent r="5" t="5" w="117" /><ent r="5" t="5" w="131" /><ent r="5" t="5" w="140" /><ent r="3" t="67" w="61" /><ent r="3" t="67" w="185" /><ent r="65538" t="67" w="293" /><ent r="3" t="67" w="301" /><ent r="3" t="67" w="312" /><ent r="3" t="67" w="324" /><ent r="3" t="67" w="337" /><ent r="3" t="68" w="64" /><ent r="3" t="68" w="72" /></phr><phr n="servers"><ent r="3" t="67" w="65" /></phr></stem><stem n="2008"><phr n="2008"><ent r="5" t="5" w="59" /><ent r="5" t="5" w="70" /><ent r="5" t="5" w="84" /><ent r="5" t="5" w="95" /><ent r="5" t="5" w="109" /><ent r="5" t="5" w="118" /><ent r="5" t="5" w="132" /><ent r="5" t="5" w="141" /></phr></stem><stem n="newer"><phr n="newer"><ent r="5" t="5" w="60" /><ent r="5" t="5" w="85" /><ent r="5" t="5" w="110" /><ent r="5" t="5" w="133" /><ent r="3" t="30" w="341" /><ent r="3" t="64" w="195" /></phr></stem><stem n="vista"><phr n="vista"><ent r="5" t="5" w="64" /><ent r="5" t="5" w="89" /></phr></stem><stem n="8"><phr n="8"><ent r="5" t="5" w="66" /><ent r="5" t="5" w="91" /><ent r="5" t="5" w="115" /><ent r="5" t="5" w="138" /><ent r="5" t="5" w="161" /><ent r="5" t="5" w="165" /><ent r="5" t="5" w="171" /><ent r="5" t="5" w="177" /><ent r="5" t="5" w="187" /><ent r="5" t="5" w="193" /><ent r="3" t="5" w="222" /><ent r="3" t="5" w="231" /><ent r="5" t="5" w="278" /><ent r="5" t="5" w="282" /><ent r="5" t="5" w="321" /><ent r="5" t="5" w="335" /><ent r="5" t="5" w="338" /><ent r="5" t="5" w="342" /><ent r="5" t="5" w="349" /><ent r="5" t="5" w="360" /><ent r="5" t="5" w="363" /><ent r="3" t="8" w="177" /><ent r="3" t="10" w="252" /><ent r="4" t="18" w="62" /><ent r="3" t="21" w="34" /><ent r="3" t="25" w="216" /><ent r="4" t="27" w="260" /><ent r="3" t="30" w="193" /><ent r="3" t="31" w="910" /><ent r="3" t="31" w="996" /><ent r="4" t="36" w="86" /><ent r="4" t="53" w="109" /><ent r="4" t="60" w="390" /><ent r="3" t="60" w="830" /><ent r="3" t="61" w="405" /><ent r="6" t="62" w="155" /></phr></stem><stem n="2003"><phr n="2003"><ent r="5" t="5" w="68" /><ent r="5" t="5" w="93" /><ent r="3" t="60" w="208" /><ent r="4" t="60" w="903" /></phr></stem><stem n="12"><phr n="12"><ent r="5" t="5" w="73" /><ent r="5" t="5" w="98" /><ent r="5" t="5" w="286" /><ent r="5" t="5" w="289" /><ent r="5" t="5" w="294" /><ent r="5" t="5" w="346" /><ent r="5" t="5" w="379" /><ent r="5" t="5" w="385" /><ent r="3" t="10" w="246" /><ent r="4" t="27" w="118" /><ent r="3" t="50" w="552" /><ent r="3" t="50" w="554" /><ent r="3" t="50" w="601" /><ent r="3" t="50" w="603" /><ent r="8" t="69" w="129" /><ent r="8" t="69" w="135" /><ent r="8" t="69" w="141" /><ent r="8" t="69" w="208" /><ent r="8" t="69" w="210" /><ent r="8" t="69" w="212" /><ent r="8" t="69" w="258" /><ent r="8" t="69" w="270" /><ent r="8" t="69" w="282" /></phr></stem><stem n="0"><phr n="0"><ent r="5" t="5" w="74" /><ent r="5" t="5" w="76" /><ent r="5" t="5" w="99" /><ent r="5" t="5" w="101" /><ent r="5" t="5" w="122" /><ent r="5" t="5" w="124" /><ent r="5" t="5" w="145" /><ent r="5" t="5" w="147" /><ent r="5" t="5" w="174" /><ent r="5" t="5" w="196" /><ent r="5" t="5" w="199" /><ent r="5" t="5" w="256" /><ent r="5" t="5" w="279" /><ent r="5" t="5" w="309" /><ent r="5" t="5" w="339" /><ent r="3" t="12" w="38" /><ent r="3" t="12" w="39" /><ent r="3" t="12" w="87" /><ent r="3" t="12" w="95" /><ent r="3" t="12" w="107" /><ent r="3" t="12" w="139" /><ent r="3" t="12" w="140" /><ent r="3" t="12" w="147" /><ent r="3" t="12" w="170" /><ent r="3" t="12" w="171" /><ent r="3" t="12" w="178" /><ent r="3" t="12" w="217" /><ent r="3" t="12" w="218" /><ent r="3" t="12" w="225" /><ent r="3" t="12" w="232" /><ent r="3" t="12" w="262" /><ent r="3" t="12" w="263" /><ent r="3" t="12" w="269" /><ent r="3" t="12" w="273" /><ent r="3" t="12" w="282" /><ent r="3" t="31" w="1075" /><ent r="3" t="31" w="1076" /><ent r="3" t="31" w="1077" /><ent r="3" t="31" w="1085" /><ent r="3" t="31" w="1086" /><ent r="3" t="31" w="1087" /><ent r="3" t="31" w="1091" /><ent r="3" t="31" w="1093" /><ent r="3" t="31" w="1095" /><ent r="4" t="35" w="119" /><ent r="3" t="50" w="299" /><ent r="3" t="50" w="300" /><ent r="3" t="50" w="468" /><ent r="3" t="50" w="469" /><ent r="3" t="50" w="474" /><ent r="3" t="50" w="475" /><ent r="3" t="50" w="536" /><ent r="3" t="50" w="537" /><ent r="3" t="50" w="544" /><ent r="3" t="50" w="545" /><ent r="3" t="50" w="630" /><ent r="3" t="50" w="632" /><ent r="3" t="50" w="633" /><ent r="3" t="50" w="639" /><ent r="3" t="50" w="700" /><ent r="3" t="50" w="701" /><ent r="3" t="50" w="756" /><ent r="3" t="50" w="757" /><ent r="3" t="50" w="796" /><ent r="3" t="50" w="798" /><ent r="3" t="50" w="816" /><ent r="3" t="50" w="818" /><ent r="3" t="50" w="823" /><ent r="3" t="50" w="825" /><ent r="3" t="50" w="846" /><ent r="3" t="50" w="848" /><ent r="3" t="50" w="890" /><ent r="3" t="50" w="891" /><ent r="3" t="50" w="896" /><ent r="3" t="50" w="900" /><ent r="3" t="50" w="901" /><ent r="3" t="50" w="906" /><ent r="3" t="50" w="916" /><ent r="3" t="50" w="926" /><ent r="3" t="50" w="936" /><ent r="3" t="50" w="946" /><ent r="3" t="50" w="961" /><ent r="3" t="50" w="962" /><ent r="3" t="50" w="967" /><ent r="3" t="50" w="971" /><ent r="3" t="50" w="972" /><ent r="3" t="50" w="977" /><ent r="3" t="50" w="987" /><ent r="3" t="50" w="997" /><ent r="3" t="50" w="1007" /><ent r="3" t="50" w="1017" /><ent r="3" t="50" w="1033" /><ent r="3" t="50" w="1034" /><ent r="3" t="50" w="1043" /><ent r="3" t="50" w="1044" /><ent r="3" t="53" w="173" /><ent r="5" t="53" w="251" /><ent r="5" t="53" w="264" /><ent r="5" t="53" w="275" /><ent r="4" t="54" w="222" /><ent r="3" t="57" w="64" /><ent r="4" t="57" w="152" /><ent r="4" t="57" w="288" /><ent r="4" t="57" w="421" /><ent r="3" t="57" w="577" /><ent r="3" t="58" w="185" /><ent r="3" t="58" w="188" /><ent r="3" t="58" w="191" /><ent r="3" t="58" w="194" /><ent r="3" t="58" w="205" /><ent r="3" t="58" w="207" /><ent r="3" t="59" w="503" /><ent r="3" t="59" w="508" /><ent r="3" t="60" w="43" /><ent r="3" t="60" w="44" /><ent r="258" t="60" w="68" /><ent r="3" t="60" w="85" /><ent r="258" t="60" w="143" /><ent r="258" t="60" w="318" /><ent r="4" t="60" w="398" /><ent r="258" t="60" w="504" /><ent r="3" t="60" w="671" /><ent r="3" t="60" w="701" /><ent r="3" t="60" w="702" /><ent r="3" t="60" w="703" /><ent r="3" t="60" w="704" /><ent r="3" t="60" w="705" /><ent r="3" t="60" w="706" /><ent r="3" t="60" w="707" /><ent r="3" t="60" w="746" /><ent r="3" t="60" w="777" /><ent r="3" t="60" w="810" /><ent r="3" t="60" w="814" /><ent r="4" t="60" w="928" /><ent r="3" t="60" w="953" /><ent r="3" t="60" w="992" /><ent r="3" t="60" w="1031" /><ent r="3" t="60" w="1073" /><ent r="3" t="61" w="188" /><ent r="3" t="61" w="189" /><ent r="3" t="61" w="209" /><ent r="3" t="61" w="210" /><ent r="3" t="61" w="240" /><ent r="3" t="61" w="266" /><ent r="3" t="61" w="267" /><ent r="3" t="61" w="299" /><ent r="3" t="61" w="300" /><ent r="4" t="61" w="583" /><ent r="3" t="61" w="633" /><ent r="3" t="61" w="634" /><ent r="4" t="61" w="676" /><ent r="4" t="61" w="677" /><ent r="4" t="61" w="681" /><ent r="6" t="61" w="741" /><ent r="3" t="61" w="771" /><ent r="6" t="62" w="138" /><ent r="6" t="62" w="153" /><ent r="3" t="63" w="47" /><ent r="3" t="63" w="48" /><ent r="3" t="63" w="67" /><ent r="3" t="63" w="68" /><ent r="3" t="63" w="108" /><ent r="3" t="63" w="174" /><ent r="3" t="63" w="214" /><ent r="3" t="63" w="215" /><ent r="4" t="69" w="784" /><ent r="4" t="69" w="790" /><ent r="4" t="69" w="799" /><ent r="4" t="69" w="1098" /><ent r="4" t="69" w="1103" /><ent r="4" t="69" w="1158" /><ent r="4" t="69" w="1159" /><ent r="4" t="69" w="1162" /><ent r="4" t="69" w="1165" /></phr></stem><stem n="vc12"><phr n="vc12"><ent r="5" t="5" w="75" /><ent r="5" t="5" w="100" /></phr></stem><stem n="2015"><phr n="2015"><ent r="5" t="5" w="106" /><ent r="5" t="5" w="129" /><ent r="4" t="68" w="7" /></phr></stem><stem n="10"><phr n="10"><ent r="5" t="5" w="116" /><ent r="5" t="5" w="139" /><ent r="5" t="5" w="264" /><ent r="5" t="5" w="267" /><ent r="5" t="5" w="272" /><ent r="5" t="5" w="285" /><ent r="5" t="5" w="288" /><ent r="5" t="5" w="293" /><ent r="5" t="5" w="317" /><ent r="5" t="5" w="345" /><ent r="4" t="31" w="239" /><ent r="3" t="31" w="932" /><ent r="3" t="31" w="935" /><ent r="3" t="31" w="1025" /><ent r="5" t="39" w="101" /><ent r="4" t="39" w="102" /><ent r="3" t="50" w="822" /><ent r="3" t="50" w="856" /><ent r="3" t="50" w="877" /><ent r="3" t="57" w="68" /><ent r="6" t="62" w="144" /><ent r="8" t="69" w="125" /><ent r="8" t="69" w="131" /><ent r="8" t="69" w="137" /><ent r="8" t="69" w="196" /><ent r="8" t="69" w="198" /><ent r="8" t="69" w="200" /><ent r="8" t="69" w="254" /><ent r="8" t="69" w="266" /><ent r="8" t="69" w="278" /><ent r="4" t="69" w="377" /><ent r="4" t="69" w="391" /><ent r="4" t="69" w="508" /><ent r="4" t="69" w="515" /></phr></stem><stem n="14"><phr n="14"><ent r="5" t="5" w="121" /><ent r="5" t="5" w="144" /><ent r="3" t="60" w="736" /><ent r="3" t="60" w="843" /></phr></stem><stem n="vc14"><phr n="vc14"><ent r="5" t="5" w="123" /><ent r="5" t="5" w="146" /></phr></stem><stem n="gcc"><phr n="gcc"><ent r="5" t="5" w="159" /><ent r="5" t="5" w="175" /><ent r="5" t="5" w="181" /><ent r="5" t="5" w="200" /><ent r="3" t="5" w="232" /><ent r="5" t="5" w="395" /></phr></stem><stem n="rhel"><phr n="rhel"><ent r="5" t="5" w="163" /><ent r="5" t="5" w="169" /><ent r="5" t="5" w="172" /><ent r="5" t="5" w="185" /><ent r="5" t="5" w="191" /><ent r="5" t="5" w="194" /><ent r="3" t="5" w="229" /></phr></stem><stem n="6"><phr n="6"><ent r="5" t="5" w="164" /><ent r="5" t="5" w="170" /><ent r="5" t="5" w="186" /><ent r="5" t="5" w="192" /><ent r="3" t="5" w="221" /><ent r="3" t="5" w="230" /><ent r="4" t="53" w="249" /><ent r="5" t="53" w="257" /><ent r="6" t="57" w="438" /><ent r="3" t="60" w="693" /><ent r="3" t="60" w="829" /><ent r="3" t="60" w="837" /><ent r="3" t="60" w="973" /><ent r="3" t="60" w="981" /><ent r="3" t="60" w="1012" /><ent r="3" t="60" w="1020" /><ent r="3" t="60" w="1051" /><ent r="3" t="60" w="1058" /></phr></stem><stem n="5"><phr n="5"><ent r="5" t="5" w="182" /><ent r="5" t="5" w="201" /><ent r="3" t="5" w="233" /><ent r="3" t="8" w="179" /><ent r="3" t="10" w="403" /><ent r="3" t="12" w="96" /><ent r="3" t="12" w="233" /><ent r="3" t="12" w="270" /><ent r="3" t="12" w="283" /><ent r="5" t="39" w="129" /><ent r="3" t="50" w="553" /><ent r="3" t="50" w="555" /><ent r="3" t="50" w="602" /><ent r="3" t="50" w="604" /><ent r="3" t="50" w="824" /><ent r="3" t="50" w="859" /><ent r="3" t="50" w="878" /><ent r="5" t="53" w="255" /><ent r="4" t="53" w="262" /><ent r="5" t="53" w="268" /><ent r="4" t="53" w="273" /><ent r="5" t="53" w="279" /><ent r="3" t="60" w="679" /><ent r="3" t="60" w="791" /><ent r="3" t="60" w="821" /><ent r="4" t="60" w="929" /><ent r="3" t="60" w="964" /><ent r="3" t="60" w="1003" /><ent r="3" t="60" w="1042" /><ent r="3" t="60" w="1082" /><ent r="3" t="61" w="276" /><ent r="4" t="69" w="371" /><ent r="4" t="69" w="791" /><ent r="4" t="69" w="1160" /></phr></stem><stem n="1"><phr n="1"><ent r="5" t="5" w="184" /><ent r="5" t="5" w="203" /><ent r="3" t="5" w="235" /><ent r="3" t="5" w="240" /><ent r="3" t="10" w="177" /><ent r="3" t="12" w="41" /><ent r="3" t="12" w="43" /><ent r="3" t="12" w="86" /><ent r="3" t="12" w="134" /><ent r="3" t="12" w="146" /><ent r="3" t="12" w="177" /><ent r="3" t="23" w="23" /><ent r="3" t="25" w="178" /><ent r="3" t="25" w="218" /><ent r="3" t="31" w="152" /><ent r="3" t="31" w="158" /><ent r="4" t="31" w="190" /><ent r="4" t="31" w="237" /><ent r="4" t="31" w="240" /><ent r="4" t="31" w="263" /><ent r="4" t="31" w="274" /><ent r="4" t="31" w="276" /><ent r="3" t="31" w="534" /><ent r="3" t="31" w="564" /><ent r="4" t="31" w="619" /><ent r="3" t="31" w="907" /><ent r="3" t="31" w="924" /><ent r="3" t="31" w="927" /><ent r="3" t="31" w="987" /><ent r="3" t="31" w="993" /><ent r="3" t="31" w="1010" /><ent r="3" t="31" w="1015" /><ent r="3" t="31" w="1020" /><ent r="3" t="31" w="1090" /><ent r="4" t="35" w="111" /><ent r="3" t="35" w="136" /><ent r="4" t="36" w="90" /><ent r="4" t="39" w="65" /><ent r="5" t="39" w="78" /><ent r="5" t="39" w="79" /><ent r="4" t="39" w="86" /><ent r="5" t="39" w="100" /><ent r="3" t="48" w="94" /><ent r="3" t="50" w="513" /><ent r="3" t="50" w="534" /><ent r="3" t="50" w="542" /><ent r="3" t="50" w="550" /><ent r="3" t="50" w="567" /><ent r="3" t="50" w="580" /><ent r="3" t="50" w="598" /><ent r="3" t="50" w="765" /><ent r="3" t="50" w="767" /><ent r="3" t="50" w="1039" /><ent r="3" t="50" w="1049" /><ent r="3" t="50" w="1059" /><ent r="3" t="50" w="1069" /><ent r="3" t="50" w="1092" /><ent r="3" t="50" w="1114" /><ent r="3" t="53" w="97" /><ent r="3" t="53" w="205" /><ent r="3" t="53" w="212" /><ent r="5" t="53" w="253" /><ent r="5" t="53" w="266" /><ent r="5" t="53" w="277" /><ent r="4" t="54" w="223" /><ent r="3" t="58" w="212" /><ent r="3" t="59" w="208" /><ent r="3" t="59" w="226" /><ent r="3" t="59" w="355" /><ent r="4" t="59" w="371" /><ent r="3" t="59" w="385" /><ent r="3" t="59" w="403" /><ent r="3" t="59" w="415" /><ent r="3" t="59" w="444" /><ent r="3" t="59" w="580" /><ent r="3" t="59" w="583" /><ent r="3" t="60" w="86" /><ent r="258" t="60" w="142" /><ent r="3" t="60" w="192" /><ent r="3" t="60" w="193" /><ent r="3" t="60" w="265" /><ent r="3" t="60" w="342" /><ent r="4" t="60" w="388" /><ent r="3" t="60" w="608" /><ent r="3" t="60" w="667" /><ent r="3" t="60" w="700" /><ent r="3" t="60" w="720" /><ent r="3" t="60" w="785" /><ent r="3" t="60" w="805" /><ent r="3" t="60" w="816" /><ent r="3" t="60" w="884" /><ent r="3" t="60" w="894" /><ent r="4" t="60" w="899" /><ent r="3" t="60" w="957" /><ent r="3" t="60" w="959" /><ent r="3" t="60" w="998" /><ent r="3" t="60" w="1037" /><ent r="3" t="60" w="1077" /><ent r="3" t="61" w="239" /><ent r="3" t="61" w="294" /><ent r="4" t="61" w="679" /><ent r="6" t="62" w="158" /><ent r="3" t="63" w="81" /><ent r="3" t="63" w="173" /><ent r="3" t="64" w="204" /><ent r="4" t="69" w="54" /><ent r="4" t="69" w="94" /><ent r="4" t="69" w="372" /><ent r="4" t="69" w="378" /><ent r="4" t="69" w="392" /><ent r="4" t="69" w="783" /><ent r="5" t="69" w="1088" /><ent r="4" t="69" w="1102" /><ent r="4" t="69" w="1157" /><ent r="4" t="69" w="1166" /><ent r="4" t="69" w="1167" /><ent r="4" t="69" w="1349" /></phr></stem><stem n="cento"><phr n="centos"><ent r="5" t="5" w="197" /></phr></stem><stem n="red"><phr n="red"><ent r="3" t="5" w="208" /><ent r="3" t="5" w="213" /><ent r="3" t="5" w="217" /><ent r="3" t="12" w="150" /><ent r="3" t="12" w="165" /><ent r="3" t="31" w="798" /><ent r="3" t="64" w="221" /><ent r="3" t="64" w="240" /><ent r="3" t="64" w="252" /><ent r="4" t="69" w="42" /><ent r="4" t="69" w="1127" /></phr></stem><stem n="hat"><phr n="hat"><ent r="3" t="5" w="209" /><ent r="3" t="5" w="214" /><ent r="3" t="5" w="218" /></phr></stem><stem n="built"><phr n="built"><ent r="3" t="5" w="211" /><ent r="3" t="5" w="225" /><ent r="3" t="14" w="206" /><ent r="3" t="42" w="92" /></phr></stem><stem n="toolset"><phr n="toolset"><ent r="3" t="5" w="216" /><ent r="3" t="5" w="244" /></phr></stem><stem n="enterpris"><phr n="enterprise"><ent r="3" t="5" w="219" /></phr></stem><stem n="collect"><phr n="collections"><ent r="3" t="5" w="242" /></phr><phr n="collect"><ent r="3" t="31" w="792" /></phr><phr n="collects"><ent r="3" t="31" w="832" /></phr><phr n="collecting"><ent r="3" t="31" w="839" /></phr><phr n="collectively"><ent r="3" t="59" w="49" /></phr></stem><stem n="macintosh"><phr n="macintosh"><ent r="3" t="5" w="245" /><ent r="4096" t="5" w="248" /></phr></stem><stem n="clang"><phr n="clang"><ent r="5" t="5" w="254" /><ent r="5" t="5" w="277" /><ent r="5" t="5" w="307" /><ent r="5" t="5" w="337" /></phr></stem><stem n="part"><phr n="part"><ent r="5" t="5" w="257" /><ent r="5" t="5" w="280" /><ent r="5" t="5" w="310" /><ent r="5" t="5" w="340" /><ent r="3" t="31" w="692" /><ent r="3" t="50" w="949" /><ent r="3" t="60" w="102" /><ent r="3" t="61" w="413" /><ent r="3" t="68" w="36" /></phr><phr n="partly"><ent r="3" t="35" w="37" /></phr><phr n="parts"><ent r="4" t="54" w="625" /><ent r="3" t="61" w="196" /></phr></stem><stem n="xcode"><phr n="xcode"><ent r="5" t="5" w="258" /><ent r="5" t="5" w="281" /><ent r="5" t="5" w="311" /><ent r="5" t="5" w="331" /><ent r="5" t="5" w="341" /><ent r="5" t="5" w="359" /></phr></stem><stem n="11"><phr n="11"><ent r="5" t="5" w="265" /><ent r="5" t="5" w="268" /><ent r="5" t="5" w="273" /><ent r="5" t="5" w="318" /><ent r="4" t="60" w="901" /><ent r="8" t="69" w="127" /><ent r="8" t="69" w="133" /><ent r="8" t="69" w="139" /><ent r="8" t="69" w="202" /><ent r="8" t="69" w="204" /><ent r="8" t="69" w="206" /><ent r="8" t="69" w="256" /><ent r="8" t="69" w="268" /><ent r="8" t="69" w="280" /></phr></stem><stem n="maco"><phr n="macos"><ent r="5" t="5" w="266" /><ent r="5" t="5" w="284" /><ent r="5" t="5" w="287" /><ent r="5" t="5" w="344" /></phr></stem><stem n="univers"><phr n="universal"><ent r="5" t="5" w="274" /><ent r="5" t="5" w="295" /><ent r="5" t="5" w="336" /><ent r="5" t="5" w="364" /><ent r="5" t="5" w="398" /></phr></stem><stem n="darwin"><phr n="darwin"><ent r="5" t="5" w="275" /><ent r="5" t="5" w="296" /></phr></stem><stem n="15"><phr n="15"><ent r="5" t="5" w="276" /><ent r="3" t="31" w="794" /><ent r="3" t="59" w="445" /><ent r="3" t="60" w="741" /><ent r="4" t="60" w="902" /></phr></stem><stem n="16"><phr n="16"><ent r="5" t="5" w="297" /><ent r="3" t="31" w="94" /><ent r="3" t="31" w="147" /><ent r="3" t="31" w="911" /><ent r="3" t="31" w="997" /><ent r="4" t="36" w="87" /><ent r="3" t="59" w="722" /><ent r="3" t="60" w="350" /><ent r="3" t="60" w="616" /><ent r="6" t="62" w="164" /><ent r="4" t="69" w="477" /><ent r="4" t="69" w="485" /></phr></stem><stem n="io"><phr n="ios"><ent r="4096" t="5" w="300" /><ent r="3" t="5" w="301" /><ent r="5" t="5" w="320" /><ent r="5" t="5" w="334" /><ent r="5" t="5" w="348" /><ent r="5" t="5" w="362" /></phr></stem><stem n="higher"><phr n="higher"><ent r="5" t="5" w="322" /><ent r="5" t="5" w="350" /><ent r="5" t="5" w="386" /><ent r="3" t="31" w="1251" /><ent r="3" t="32" w="78" /><ent r="3" t="61" w="368" /><ent r="3" t="67" w="252" /><ent r="4" t="69" w="616" /></phr></stem><stem n="armv7"><phr n="armv7"><ent r="5" t="5" w="324" /><ent r="5" t="5" w="352" /></phr><phr n="armv7s"><ent r="5" t="5" w="325" /><ent r="5" t="5" w="353" /></phr></stem><stem n="arm64"><phr n="arm64"><ent r="5" t="5" w="326" /><ent r="5" t="5" w="354" /><ent r="5" t="5" w="392" /></phr></stem><stem n="simul"><phr n="simulators"><ent r="5" t="5" w="330" /><ent r="5" t="5" w="358" /></phr></stem><stem n="android"><phr n="android"><ent r="4096" t="5" w="367" /><ent r="3" t="5" w="368" /><ent r="5" t="5" w="374" /><ent r="5" t="5" w="382" /></phr></stem><stem n="ndk"><phr n="ndk"><ent r="5" t="5" w="375" /></phr></stem><stem n="13b"><phr n="13b"><ent r="5" t="5" w="376" /></phr></stem><stem n="ubuntu"><phr n="ubuntu"><ent r="5" t="5" w="377" /></phr></stem><stem n="desktop"><phr n="desktop"><ent r="5" t="5" w="378" /></phr></stem><stem n="04"><phr n="04"><ent r="5" t="5" w="380" /></phr></stem><stem n="armeabi"><phr n="armeabi"><ent r="5" t="5" w="388" /><ent r="5" t="5" w="389" /></phr></stem><stem n="v7a"><phr n="v7a"><ent r="5" t="5" w="390" /></phr></stem><stem n="v8a"><phr n="v8a"><ent r="5" t="5" w="393" /></phr></stem><stem n="x86_64"><phr n="x86_64"><ent r="5" t="5" w="394" /></phr></stem><stem n="9"><phr n="9"><ent r="5" t="5" w="397" /><ent r="3" t="25" w="191" /><ent r="3" t="53" w="88" /><ent r="4" t="53" w="108" /><ent r="3" t="53" w="131" /><ent r="3" t="53" w="137" /><ent r="3" t="53" w="152" /><ent r="3" t="58" w="214" /><ent r="3" t="61" w="272" /></phr></stem><stem n="beyond"><phr n="beyond"><ent r="3" t="6" w="11" /><ent r="4" t="31" w="261" /><ent r="4" t="57" w="129" /><ent r="3" t="64" w="94" /></phr></stem><stem n="media"><phr n="media"><ent r="3" t="6" w="15" /></phr></stem><stem n="cd"><phr n="cd"><ent r="3" t="6" w="17" /><ent r="3" t="6" w="19" /><ent r="4" t="31" w="625" /></phr></stem><stem n="archiv"><phr n="archive"><ent r="3" t="6" w="21" /><ent r="3" t="31" w="573" /></phr><phr n="archives"><ent r="3" t="30" w="368" /></phr><phr n="archival"><ent r="4" t="31" w="207" /></phr></stem><stem n="ftp"><phr n="ftp"><ent r="3" t="6" w="22" /></phr></stem><stem n="site"><phr n="site"><ent r="3" t="6" w="23" /><ent r="3" t="14" w="131" /></phr></stem><stem n="local"><phr n="local"><ent r="3" t="6" w="25" /><ent r="3" t="40" w="51" /><ent r="3" t="67" w="58" /></phr></stem><stem n="comput"><phr n="computer"><ent r="3" t="6" w="26" /><ent r="4" t="8" w="210" /><ent r="4" t="8" w="214" /><ent r="3" t="63" w="78" /></phr><phr n="computations"><ent r="4" t="27" w="160" /></phr><phr n="computation"><ent r="3" t="31" w="340" /></phr><phr n="computed"><ent r="3" t="53" w="44" /><ent r="3" t="53" w="58" /><ent r="3" t="53" w="63" /><ent r="3" t="53" w="118" /><ent r="3" t="53" w="189" /></phr></stem><stem n="see"><phr n="see"><ent r="3" t="6" w="27" /><ent r="3" t="10" w="171" /><ent r="3" t="12" w="241" /><ent r="3" t="13" w="59" /><ent r="3" t="14" w="24" /><ent r="3" t="19" w="66" /><ent r="3" t="22" w="91" /><ent r="3" t="23" w="21" /><ent r="3" t="24" w="56" /><ent r="3" t="24" w="92" /><ent r="3" t="25" w="38" /><ent r="3" t="25" w="327" /><ent r="3" t="30" w="247" /><ent r="3" t="32" w="140" /><ent r="3" t="33" w="153" /><ent r="4" t="36" w="127" /><ent r="4" t="36" w="141" /><ent r="3" t="37" w="36" /><ent r="3" t="41" w="45" /><ent r="3" t="50" w="88" /><ent r="3" t="60" w="715" /><ent r="3" t="61" w="158" /><ent r="3" t="61" w="348" /><ent r="3" t="61" w="401" /><ent r="7" t="62" w="310" /><ent r="6" t="62" w="325" /><ent r="3" t="64" w="242" /><ent r="5" t="69" w="27" /><ent r="5" t="69" w="287" /><ent r="5" t="69" w="290" /><ent r="5" t="69" w="303" /><ent r="5" t="69" w="334" /><ent r="5" t="69" w="402" /><ent r="5" t="69" w="621" /><ent r="5" t="69" w="625" /><ent r="5" t="69" w="666" /><ent r="5" t="69" w="687" /><ent r="5" t="69" w="706" /><ent r="5" t="69" w="731" /><ent r="5" t="69" w="769" /><ent r="5" t="69" w="810" /><ent r="5" t="69" w="862" /><ent r="5" t="69" w="884" /><ent r="5" t="69" w="912" /><ent r="5" t="69" w="955" /><ent r="5" t="69" w="992" /><ent r="5" t="69" w="1016" /><ent r="5" t="69" w="1058" /><ent r="5" t="69" w="1084" /><ent r="5" t="69" w="1104" /><ent r="5" t="69" w="1141" /><ent r="5" t="69" w="1169" /><ent r="5" t="69" w="1198" /><ent r="5" t="69" w="1243" /><ent r="5" t="69" w="1270" /><ent r="5" t="69" w="1316" /><ent r="5" t="69" w="1354" /></phr></stem></index>