<?xml version="1.0" encoding="utf-8"?><index><stem n="recal"><phr n="recall"><ent r="3" t="50" w="611" /><ent r="3" t="61" w="523" /></phr></stem><stem n="happen"><phr n="happen"><ent r="3" t="50" w="622" /></phr></stem><stem n="125"><phr n="125"><ent r="3" t="50" w="635" /><ent r="3" t="50" w="636" /></phr></stem><stem n="125x125"><phr n="125x125"><ent r="3" t="50" w="643" /><ent r="3" t="50" w="652" /></phr></stem><stem n="edg"><phr n="edges"><ent r="3" t="50" w="655" /><ent r="4" t="69" w="599" /><ent r="4" t="69" w="614" /><ent r="4" t="69" w="620" /><ent r="4" t="69" w="762" /></phr></stem><stem n="could"><phr n="could"><ent r="3" t="50" w="662" /><ent r="3" t="61" w="462" /></phr></stem><stem n="argu"><phr n="argue"><ent r="3" t="50" w="664" /></phr></stem><stem n="bug"><phr n="bug"><ent r="3" t="50" w="671" /></phr></stem><stem n="nice"><phr n="nice"><ent r="3" t="50" w="677" /></phr></stem><stem n="arbitrarili"><phr n="arbitrarily"><ent r="3" t="50" w="683" /></phr></stem><stem n="along"><phr n="along"><ent r="3" t="50" w="695" /></phr></stem><stem n="stock"><phr n="stock"><ent r="3" t="50" w="708" /></phr></stem><stem n="32x32"><phr n="32x32"><ent r="3" t="50" w="709" /><ent r="3" t="50" w="719" /></phr></stem><stem n="icon"><phr n="icon"><ent r="3" t="50" w="710" /></phr></stem><stem n="they'd"><phr n="they'd"><ent r="3" t="50" w="721" /></phr></stem><stem n="1x1"><phr n="1x1"><ent r="3" t="50" w="769" /></phr></stem><stem n="prefer"><phr n="prefer"><ent r="3" t="50" w="778" /></phr><phr n="preferred"><ent r="4" t="54" w="181" /><ent r="4" t="54" w="510" /><ent r="4" t="54" w="695" /><ent r="3" t="62" w="101" /></phr><phr n="preferable"><ent r="4" t="54" w="547" /></phr></stem><stem n="32929"><phr n="32929"><ent r="3" t="50" w="789" /></phr></stem><stem n="28292"><phr n="28292"><ent r="3" t="50" w="791" /></phr></stem><stem n="0005"><phr n="0005"><ent r="3" t="50" w="797" /><ent r="3" t="50" w="799" /></phr></stem><stem n="accomod"><phr n="accomodate"><ent r="3" t="50" w="800" /></phr></stem><stem n="100"><phr n="100"><ent r="3" t="50" w="815" /><ent r="3" t="50" w="834" /><ent r="3" t="50" w="845" /><ent r="3" t="50" w="855" /><ent r="3" t="50" w="858" /><ent r="3" t="50" w="874" /><ent r="3" t="50" w="893" /><ent r="3" t="50" w="894" /><ent r="3" t="50" w="913" /><ent r="3" t="50" w="914" /><ent r="3" t="50" w="920" /><ent r="3" t="50" w="930" /><ent r="3" t="50" w="991" /><ent r="3" t="50" w="1001" /><ent r="3" t="50" w="1036" /><ent r="3" t="50" w="1037" /><ent r="3" t="50" w="1053" /><ent r="3" t="50" w="1063" /><ent r="3" t="50" w="1089" /><ent r="3" t="50" w="1090" /><ent r="3" t="67" w="228" /><ent r="4" t="69" w="1074" /><ent r="4" t="69" w="1131" /></phr></stem><stem n="1000"><phr n="1000"><ent r="3" t="50" w="837" /><ent r="3" t="50" w="857" /><ent r="3" t="50" w="923" /><ent r="3" t="50" w="943" /><ent r="3" t="50" w="1056" /><ent r="3" t="50" w="1111" /></phr></stem><stem n="500"><phr n="500"><ent r="3" t="50" w="838" /><ent r="3" t="50" w="860" /><ent r="3" t="50" w="924" /><ent r="3" t="50" w="944" /><ent r="3" t="50" w="994" /><ent r="3" t="50" w="1014" /><ent r="3" t="50" w="1057" /><ent r="3" t="50" w="1112" /></phr></stem><stem n="conclud"><phr n="conclude"><ent r="3" t="50" w="862" /></phr></stem><stem n="group"><phr n="groups"><ent r="3" t="50" w="866" /></phr></stem><stem n="ul"><phr n="ul"><ent r="3" t="50" w="873" /><ent r="3" t="50" w="955" /><ent r="3" t="50" w="1028" /></phr></stem><stem n="pictur"><phr n="picture"><ent r="3" t="50" w="886" /></phr></stem><stem n="99"><phr n="99"><ent r="3" t="50" w="903" /><ent r="3" t="50" w="904" /><ent r="3" t="50" w="1046" /><ent r="3" t="50" w="1047" /><ent r="3" t="61" w="274" /></phr></stem><stem n="1090"><phr n="1090"><ent r="3" t="50" w="933" /><ent r="3" t="50" w="1066" /></phr></stem><stem n="445"><phr n="445"><ent r="3" t="50" w="934" /><ent r="3" t="50" w="1067" /></phr></stem><stem n="250"><phr n="250"><ent r="3" t="50" w="995" /><ent r="3" t="50" w="1015" /></phr></stem><stem n="590"><phr n="590"><ent r="3" t="50" w="1004" /></phr></stem><stem n="195"><phr n="195"><ent r="3" t="50" w="1005" /></phr></stem><stem n="350"><phr n="350"><ent r="3" t="50" w="1011" /></phr></stem><stem n="75"><phr n="75"><ent r="3" t="50" w="1012" /></phr></stem><stem n="quadrant"><phr n="quadrant"><ent r="3" t="50" w="1029" /><ent r="3" t="50" w="1082" /></phr></stem><stem n="shift"><phr n="shift"><ent r="4" t="51" w="34" /><ent r="8" t="62" w="640" /><ent r="8" t="62" w="642" /></phr><phr n="shifted"><ent r="3" t="60" w="684" /><ent r="4" t="60" w="927" /></phr></stem><stem n="+"><phr n="+"><ent r="4" t="51" w="35" /><ent r="3" t="53" w="96" /><ent r="3" t="60" w="826" /><ent r="3" t="60" w="828" /></phr></stem><stem n="drag"><phr n="drag"><ent r="4" t="51" w="41" /><ent r="3" t="51" w="51" /></phr></stem><stem n="drop"><phr n="drop"><ent r="3" t="51" w="52" /></phr><phr n="dropped"><ent r="4" t="62" w="479" /></phr></stem><stem n="menu"><phr n="menu"><ent r="3" t="51" w="63" /></phr></stem><stem n="item"><phr n="item"><ent r="3" t="51" w="64" /></phr></stem><stem n="overrid"><phr n="overrides"><ent r="4" t="52" w="43" /><ent r="3" t="54" w="456" /><ent r="268435456" t="55" w="1" /><ent r="4096" t="55" w="2" /><ent r="4096" t="55" w="5" /><ent r="1048578" t="55" w="6" /><ent r="3" t="59" w="335" /></phr><phr n="overriding"><ent r="4" t="54" w="462" /><ent r="3" t="55" w="12" /></phr><phr n="override"><ent r="4" t="54" w="493" /><ent r="3" t="55" w="43" /><ent r="3" t="55" w="58" /><ent r="3" t="55" w="98" /><ent r="3" t="55" w="111" /><ent r="3" t="55" w="116" /><ent r="3" t="58" w="29" /><ent r="3" t="60" w="939" /><ent r="4" t="61" w="608" /></phr></stem><stem n="negat"><phr n="negative"><ent r="4" t="52" w="63" /><ent r="3" t="58" w="154" /><ent r="268435456" t="63" w="1" /><ent r="4096" t="63" w="5" /><ent r="4096" t="63" w="6" /><ent r="4096" t="63" w="11" /><ent r="1048578" t="63" w="14" /><ent r="3" t="63" w="24" /><ent r="3" t="63" w="42" /><ent r="3" t="63" w="192" /><ent r="4" t="69" w="1153" /></phr><phr n="negate"><ent r="3" t="63" w="205" /></phr></stem><stem n="behavior"><phr n="behavior"><ent r="3" t="53" w="39" /><ent r="3" t="53" w="143" /><ent r="3" t="53" w="223" /></phr></stem><stem n="inquir"><phr n="inquires"><ent r="3" t="53" w="68" /></phr></stem><stem n="recomput"><phr n="recomputes"><ent r="3" t="53" w="72" /></phr></stem><stem n="greater"><phr n="greater"><ent r="3" t="53" w="84" /><ent r="3" t="53" w="199" /></phr></stem><stem n="loop"><phr n="loop"><ent r="3" t="53" w="89" /></phr></stem><stem n="min_length"><phr n="min_length"><ent r="3" t="53" w="90" /><ent r="3" t="53" w="100" /><ent r="3" t="53" w="102" /><ent r="4" t="53" w="105" /></phr></stem><stem n="ipow"><phr n="ipow"><ent r="3" t="53" w="91" /></phr></stem><stem n="n+1"><phr n="n+1"><ent r="3" t="53" w="93" /><ent r="3" t="53" w="213" /></phr></stem><stem n="break"><phr n="break"><ent r="3" t="53" w="103" /></phr></stem><stem n="4089"><phr n="4089"><ent r="4" t="53" w="111" /></phr></stem><stem n="2041"><phr n="2041"><ent r="4" t="53" w="112" /></phr></stem><stem n="57"><phr n="57"><ent r="4" t="53" w="113" /></phr></stem><stem n="mg2writerparam"><phr n="mg2writerparams"><ent r="4" t="53" w="124" /></phr></stem><stem n="clamp"><phr n="clamp"><ent r="3" t="53" w="134" /></phr></stem><stem n="equat"><phr n="equations"><ent r="3" t="53" w="147" /></phr></stem><stem n="factor"><phr n="factor"><ent r="3" t="53" w="167" /></phr></stem><stem n="fall"><phr n="falls"><ent r="3" t="53" w="169" /></phr><phr n="fall"><ent r="4" t="61" w="579" /></phr></stem><stem n="minwh"><phr n="minwh"><ent r="3" t="53" w="174" /><ent r="3" t="53" w="179" /><ent r="3" t="53" w="181" /><ent r="3" t="53" w="182" /><ent r="3" t="53" w="206" /><ent r="3" t="53" w="211" /></phr></stem><stem n="min"><phr n="min"><ent r="3" t="53" w="175" /><ent r="3" t="53" w="207" /><ent r="4" t="69" w="434" /></phr></stem><stem n="++n"><phr n="++n"><ent r="3" t="53" w="184" /><ent r="3" t="53" w="214" /></phr></stem><stem n="mg3writerparam"><phr n="mg3writerparams"><ent r="4" t="53" w="219" /></phr></stem><stem n="mg4writerparam"><phr n="mg4writerparams"><ent r="4" t="53" w="220" /></phr></stem><stem n="ident"><phr n="identically"><ent r="3" t="53" w="226" /></phr><phr n="identical"><ent r="4" t="69" w="720" /></phr></stem><stem n="jp2writerparam"><phr n="jp2writerparams"><ent r="4" t="53" w="232" /></phr></stem><stem n="512x512"><phr n="512x512"><ent r="3" t="53" w="236" /><ent r="5" t="53" w="252" /><ent r="5" t="53" w="265" /><ent r="5" t="53" w="276" /></phr></stem><stem n="obtain"><phr n="obtained"><ent r="3" t="53" w="245" /></phr></stem><stem n="256x256"><phr n="256x256"><ent r="5" t="53" w="254" /><ent r="5" t="53" w="267" /><ent r="5" t="53" w="278" /></phr></stem><stem n="16x16"><phr n="16x16"><ent r="5" t="53" w="256" /><ent r="5" t="53" w="269" /><ent r="5" t="53" w="280" /></phr></stem><stem n="8x8"><phr n="8x8"><ent r="5" t="53" w="258" /></phr></stem><stem n="guidelin"><phr n="guidelines"><ent r="3" t="54" w="19" /><ent r="3" t="54" w="46" /></phr></stem><stem n="expect"><phr n="expect"><ent r="3" t="54" w="23" /><ent r="3" t="63" w="191" /></phr><phr n="expected"><ent r="4" t="57" w="190" /><ent r="3" t="59" w="621" /><ent r="3" t="60" w="191" /></phr></stem><stem n="adher"><phr n="adhere"><ent r="3" t="54" w="27" /></phr></stem><stem n="syntact"><phr n="syntactic"><ent r="3" t="54" w="36" /><ent r="3" t="54" w="60" /></phr></stem><stem n="practic"><phr n="practicality"><ent r="3" t="54" w="49" /></phr><phr n="practice"><ent r="3" t="54" w="51" /><ent r="3" t="60" w="185" /></phr><phr n="practical"><ent r="4" t="54" w="183" /><ent r="3" t="61" w="495" /></phr></stem><stem n="histor"><phr n="historical"><ent r="3" t="54" w="50" /><ent r="3" t="63" w="163" /></phr></stem><stem n="deviat"><phr n="deviations"><ent r="3" t="54" w="56" /></phr><phr n="deviation"><ent r="6" t="62" w="805" /></phr></stem><stem n="78"><phr n="78"><ent r="4" t="54" w="67" /></phr></stem><stem n="column"><phr n="columns"><ent r="4" t="54" w="68" /></phr></stem><stem n="wordwrap"><phr n="wordwrapping"><ent r="4" t="54" w="72" /></phr></stem><stem n="tab"><phr n="tabbing"><ent r="3" t="54" w="73" /></phr><phr n="tabs"><ent r="4" t="54" w="74" /></phr></stem><stem n="namespac"><phr n="namespaces"><ent r="3" t="54" w="78" /></phr></stem><stem n="surround"><phr n="surround"><ent r="4" t="54" w="82" /></phr></stem><stem n="lt_begin_namespac"><phr n="lt_begin_namespace"><ent r="5" t="54" w="84" /></phr></stem><stem n="lt_end_namespac"><phr n="lt_end_namespace"><ent r="5" t="54" w="86" /></phr></stem><stem n="lt_use_namespac"><phr n="lt_use_namespace"><ent r="5" t="54" w="92" /><ent r="6" t="54" w="172" /></phr></stem><stem n="warn"><phr n="warning"><ent r="3" t="54" w="95" /><ent r="4" t="54" w="102" /><ent r="4" t="54" w="110" /><ent r="4" t="54" w="118" /></phr></stem><stem n="win32"><phr n="win32"><ent r="4" t="54" w="104" /></phr></stem><stem n="lt_compiler_m"><phr n="lt_compiler_ms"><ent r="4" t="54" w="108" /><ent r="4" t="54" w="116" /></phr></stem><stem n="pragma"><phr n="pragma"><ent r="4" t="54" w="109" /><ent r="4" t="54" w="117" /></phr><phr n="pragmas"><ent r="4" t="54" w="596" /></phr></stem><stem n="push"><phr n="push"><ent r="4" t="54" w="111" /></phr></stem><stem n="endif"><phr n="endif"><ent r="4" t="54" w="113" /><ent r="4" t="54" w="120" /></phr></stem><stem n="ppop"><phr n="ppop"><ent r="4" t="54" w="119" /></phr></stem><stem n="spell"><phr n="spelled"><ent r="5" t="54" w="127" /><ent r="5" t="54" w="133" /><ent r="4" t="54" w="191" /></phr></stem><stem n="camelcas"><phr n="camelcase"><ent r="5" t="54" w="129" /><ent r="5" t="54" w="135" /></phr></stem><stem n="upperleftpo"><phr n="upperleftpos"><ent r="6" t="54" w="130" /></phr></stem><stem n="getupperleft"><phr n="getupperleft"><ent r="6" t="54" w="136" /></phr></stem><stem n="m_"><phr n="m_"><ent r="6" t="54" w="140" /></phr></stem><stem n="m_xposit"><phr n="m_xposition"><ent r="6" t="54" w="142" /></phr></stem><stem n="s_"><phr n="s_"><ent r="6" t="54" w="148" /></phr></stem><stem n="s_twopi"><phr n="s_twopi"><ent r="6" t="54" w="150" /></phr></stem><stem n="capit"><phr n="capitalized"><ent r="5" t="54" w="154" /></phr></stem><stem n="lt_uint8"><phr n="lt_uint8"><ent r="6" t="54" w="161" /><ent r="5" t="54" w="180" /><ent r="4" t="57" w="207" /><ent r="4" t="57" w="297" /></phr></stem><stem n="uppercas"><phr n="uppercase"><ent r="5" t="54" w="164" /><ent r="5" t="54" w="171" /></phr></stem><stem n="lti_datatype_uint8"><phr n="lti_datatype_uint8"><ent r="6" t="54" w="169" /></phr></stem><stem n="typedef'd"><phr n="typedef'd"><ent r="4" t="54" w="175" /></phr></stem><stem n="lead"><phr n="leading"><ent r="4" t="54" w="192" /><ent r="3" t="58" w="114" /><ent r="3" t="59" w="145" /></phr><phr n="lead"><ent r="4" t="54" w="602" /></phr></stem><stem n="lti_geocoord"><phr n="lti_geocoord"><ent r="5" t="54" w="199" /></phr></stem><stem n="match"><phr n="matches"><ent r="4" t="54" w="203" /></phr><phr n="match"><ent r="3" t="63" w="145" /></phr></stem><stem n="mg4imagewrit"><phr n="mg4imagewriter"><ent r="5" t="54" w="208" /><ent r="5" t="54" w="210" /></phr></stem><stem n="precaut"><phr n="precaution"><ent r="4" t="54" w="215" /></phr></stem><stem n="invalid"><phr n="invalid"><ent r="5" t="54" w="224" /></phr><phr n="invalidate"><ent r="4" t="57" w="534" /></phr></stem><stem n="lt_sts_uninit"><phr n="lt_sts_uninit"><ent r="5" t="54" w="227" /></phr></stem><stem n="spare"><phr n="sparingly"><ent r="4" t="54" w="242" /><ent r="4" t="54" w="599" /></phr></stem><stem n="burden"><phr n="burden"><ent r="4" t="54" w="255" /></phr></stem><stem n="prone"><phr n="prone"><ent r="4" t="54" w="265" /></phr></stem><stem n="altern"><phr n="alternatives"><ent r="4" t="54" w="267" /></phr><phr n="alternatively"><ent r="3" t="60" w="522" /></phr></stem><stem n="idiom"><phr n="idiom"><ent r="4" t="54" w="276" /></phr></stem><stem n="sts"><phr n="sts"><ent r="4" t="54" w="284" /><ent r="4" t="54" w="288" /><ent r="4" t="54" w="290" /><ent r="3" t="55" w="77" /><ent r="3" t="56" w="83" /><ent r="3" t="56" w="97" /></phr></stem><stem n="bar"><phr n="bar"><ent r="4" t="54" w="285" /></phr></stem><stem n="lt_success"><phr n="lt_success"><ent r="4" t="54" w="287" /></phr></stem><stem n="lt_sts_success"><phr n="lt_sts_success"><ent r="4" t="54" w="292" /><ent r="5" t="54" w="302" /></phr></stem><stem n="hardwir"><phr n="hardwired"><ent r="4" t="54" w="301" /></phr></stem><stem n="downstream"><phr n="downstream"><ent r="4" t="54" w="316" /></phr></stem><stem n="owner"><phr n="owner"><ent r="4" t="54" w="364" /></phr></stem><stem n="doesn't"><phr n="doesn't"><ent r="4" t="54" w="374" /></phr></stem><stem n="ltimagestag"><phr n="ltimagestage"><ent r="5" t="54" w="454" /></phr></stem><stem n="mixin"><phr n="mixins"><ent r="4" t="54" w="460" /><ent r="3" t="55" w="10" /><ent r="3" t="55" w="95" /></phr><phr n="mixin"><ent r="3" t="55" w="112" /></phr></stem><stem n="accessor"><phr n="accessor"><ent r="4" t="54" w="494" /><ent r="3" t="55" w="44" /></phr></stem><stem n="whenev"><phr n="whenever"><ent r="4" t="54" w="502" /><ent r="4" t="54" w="520" /></phr></stem><stem n="reassign"><phr n="reassigning"><ent r="4" t="54" w="511" /></phr><phr n="reassigned"><ent r="3" t="56" w="69" /></phr></stem><stem n="null"><phr n="null"><ent r="5" t="54" w="513" /><ent r="3" t="56" w="78" /><ent r="3" t="56" w="125" /></phr></stem><stem n="exclud"><phr n="excluding"><ent r="4" t="54" w="529" /><ent r="4" t="57" w="126" /></phr></stem><stem n="clarifi"><phr n="clarify"><ent r="4" t="54" w="535" /></phr><phr n="clarified"><ent r="4" t="60" w="905" /></phr></stem><stem n="intent"><phr n="intent"><ent r="4" t="54" w="536" /><ent r="3" t="60" w="181" /><ent r="3" t="60" w="421" /><ent r="3" t="61" w="479" /></phr></stem><stem n="disabl"><phr n="disabled"><ent r="3" t="54" w="539" /></phr><phr n="disable"><ent r="4" t="54" w="549" /></phr></stem><stem n="assign"><phr n="assignment"><ent r="4" t="54" w="550" /></phr></stem><stem n="privat"><phr n="private"><ent r="4" t="54" w="556" /><ent r="4" t="54" w="612" /></phr></stem><stem n="warrant"><phr n="warranted"><ent r="4" t="54" w="582" /><ent r="4" t="54" w="592" /><ent r="4" t="54" w="601" /></phr></stem><stem n="inlin"><phr n="inlining"><ent r="3" t="54" w="583" /><ent r="4" t="54" w="595" /></phr><phr n="inline"><ent r="4" t="54" w="587" /></phr></stem><stem n="bloat"><phr n="bloat"><ent r="4" t="54" w="604" /></phr></stem><stem n="modul"><phr n="module"><ent r="4" t="54" w="614" /><ent r="4" t="54" w="653" /></phr></stem><stem n="though"><phr n="though"><ent r="4" t="54" w="640" /></phr></stem><stem n="global"><phr n="global"><ent r="3" t="54" w="646" /><ent r="4" t="54" w="650" /></phr></stem><stem n="singleton"><phr n="singleton"><ent r="4" t="54" w="655" /></phr></stem><stem n="threadsafeti"><phr n="threadsafety"><ent r="3" t="54" w="658" /></phr></stem><stem n="safe"><phr n="safely"><ent r="4" t="54" w="660" /></phr></stem><stem n="multithread"><phr n="multithreaded"><ent r="4" t="54" w="662" /></phr></stem><stem n="lock"><phr n="locking"><ent r="4" t="54" w="664" /></phr></stem><stem n="guarante"><phr n="guarantee"><ent r="4" t="54" w="670" /></phr></stem><stem n="serial"><phr n="serially"><ent r="4" t="54" w="673" /></phr><phr n="serialization"><ent r="3" t="60" w="751" /></phr></stem><stem n="assert"><phr n="assertions"><ent r="3" t="54" w="678" /></phr><phr n="assertion"><ent r="4" t="54" w="679" /></phr></stem><stem n="lt_assert"><phr n="lt_assert"><ent r="5" t="54" w="682" /></phr></stem><stem n="liber"><phr n="liberally"><ent r="4" t="54" w="685" /></phr></stem><stem n="handler"><phr n="handler"><ent r="4" t="54" w="689" /></phr></stem><stem n="discourag"><phr n="discouraged"><ent r="4" t="54" w="728" /></phr></stem><stem n="hand"><phr n="hand"><ent r="4" t="54" w="731" /></phr></stem><stem n="justifi"><phr n="justifies"><ent r="4" t="54" w="741" /></phr></stem><stem n="getwidth"><phr n="getwidth"><ent r="4" t="55" w="59" /><ent r="4" t="55" w="83" /><ent r="7" t="55" w="121" /></phr></stem><stem n="getheight"><phr n="getheight"><ent r="4" t="55" w="60" /><ent r="4" t="55" w="84" /><ent r="7" t="55" w="122" /></phr></stem><stem n="lti_imagefilt"><phr n="lti_imagefilter"><ent r="3" t="55" w="62" /></phr></stem><stem n="lti_imagestageoverrid"><phr n="lti_imagestageoverrides"><ent r="3" t="55" w="64" /></phr></stem><stem n="mycropfilt"><phr n="mycropfilter"><ent r="3" t="55" w="67" /></phr></stem><stem n="ltioverridedimens"><phr n="ltioverridedimensions"><ent r="3" t="55" w="69" /><ent r="4" t="55" w="81" /><ent r="5" t="55" w="120" /></phr></stem><stem n="lt_uint32"><phr n="lt_uint32"><ent r="3" t="55" w="73" /><ent r="3" t="55" w="75" /><ent r="4" t="57" w="209" /><ent r="4" t="57" w="299" /></phr></stem><stem n="newwidth"><phr n="newwidth"><ent r="3" t="55" w="74" /><ent r="3" t="55" w="79" /></phr></stem><stem n="newheight"><phr n="newheight"><ent r="3" t="55" w="76" /><ent r="3" t="55" w="80" /></phr></stem><stem n="setdimens"><phr n="setdimensions"><ent r="3" t="55" w="78" /><ent r="4" t="55" w="86" /></phr></stem><stem n="myfilt"><phr n="myfilter"><ent r="3" t="55" w="104" /></phr></stem><stem n="ltioverridexxx"><phr n="ltioverridexxx"><ent r="3" t="55" w="106" /></phr></stem><stem n="ltioverrideyyy"><phr n="ltioverrideyyy"><ent r="3" t="55" w="107" /></phr></stem><stem n="ltioveridezzz"><phr n="ltioveridezzz"><ent r="3" t="55" w="108" /></phr></stem><stem n="ltioverridemetadata"><phr n="ltioverridemetadata"><ent r="5" t="55" w="118" /></phr></stem><stem n="getmetadata"><phr n="getmetadata"><ent r="7" t="55" w="119" /></phr></stem><stem n="ltioverridepixelprop"><phr n="ltioverridepixelprops"><ent r="5" t="55" w="123" /></phr></stem><stem n="getpixelprop"><phr n="getpixelprops"><ent r="7" t="55" w="124" /></phr></stem><stem n="getmindynamicrang"><phr n="getmindynamicrange"><ent r="7" t="55" w="125" /></phr></stem><stem n="getmaxdynamicrang"><phr n="getmaxdynamicrange"><ent r="7" t="55" w="126" /></phr></stem><stem n="ltioverridenodatapixel"><phr n="ltioverridenodatapixels"><ent r="5" t="55" w="127" /></phr></stem><stem n="getnodatapixel"><phr n="getnodatapixel"><ent r="7" t="55" w="128" /></phr></stem><stem n="getbackgroundpixel"><phr n="getbackgroundpixel"><ent r="7" t="55" w="129" /></phr></stem><stem n="ltioverridegeocoord"><phr n="ltioverridegeocoord"><ent r="5" t="55" w="130" /></phr></stem><stem n="getgeocoord"><phr n="getgeocoord"><ent r="7" t="55" w="131" /></phr></stem><stem n="isgeocoordimplicit"><phr n="isgeocoordimplicit"><ent r="7" t="55" w="132" /></phr></stem><stem n="ltioverridemagnif"><phr n="ltioverridemagnification"><ent r="5" t="55" w="133" /></phr></stem><stem n="getminmagnif"><phr n="getminmagnification"><ent r="7" t="55" w="134" /></phr></stem><stem n="getmaxmagnif"><phr n="getmaxmagnification"><ent r="7" t="55" w="135" /></phr></stem><stem n="ltioverrideisselectivedata"><phr n="ltioverrideisselectivedata"><ent r="5" t="55" w="136" /></phr></stem><stem n="isselect"><phr n="isselective"><ent r="7" t="55" w="137" /></phr></stem><stem n="ltioverridestripheight"><phr n="ltioverridestripheight"><ent r="5" t="55" w="138" /></phr></stem><stem n="getstripheight"><phr n="getstripheight"><ent r="7" t="55" w="139" /></phr></stem><stem n="setstripheight"><phr n="setstripheight"><ent r="7" t="55" w="140" /></phr></stem><stem n="ltioverridedeleg"><phr n="ltioverridedelegates"><ent r="5" t="55" w="141" /></phr></stem><stem n="setprogressdeleg"><phr n="setprogressdelegate"><ent r="7" t="55" w="142" /></phr></stem><stem n="getprogressdeleg"><phr n="getprogressdelegate"><ent r="7" t="55" w="143" /></phr></stem><stem n="setinterruptdeleg"><phr n="setinterruptdelegate"><ent r="7" t="55" w="144" /></phr></stem><stem n="getinterruptdeleg"><phr n="getinterruptdelegate"><ent r="7" t="55" w="145" /></phr></stem><stem n="ltioverridepixellookupt"><phr n="ltioverridepixellookuptables"><ent r="5" t="55" w="146" /></phr></stem><stem n="getpixellookupt"><phr n="getpixellookuptable"><ent r="7" t="55" w="147" /></phr></stem><stem n="classnam"><phr n="classname"><ent r="5" t="56" w="12" /><ent r="5" t="56" w="18" /><ent r="4" t="56" w="42" /></phr></stem><stem n="thumb"><phr n="thumb"><ent r="3" t="56" w="33" /></phr></stem><stem n="createimagestag"><phr n="createimagestage"><ent r="4" t="56" w="45" /></phr></stem><stem n="aliv"><phr n="alive"><ent r="3" t="56" w="62" /></phr></stem><stem n="myimagefilt"><phr n="myimagefilter"><ent r="3" t="56" w="89" /><ent r="3" t="56" w="91" /></phr></stem><stem n="reus"><phr n="reusing"><ent r="3" t="56" w="103" /></phr></stem><stem n="someth"><phr n="something"><ent r="3" t="56" w="109" /><ent r="3" t="60" w="175" /></phr></stem><stem n="+1"><phr n="+1"><ent r="3" t="57" w="61" /><ent r="3" t="57" w="82" /></phr></stem><stem n="eleventh"><phr n="eleventh"><ent r="3" t="57" w="69" /></phr></stem><stem n="prior"><phr n="prior"><ent r="3" t="57" w="113" /><ent r="4" t="57" w="273" /><ent r="4" t="57" w="352" /></phr></stem><stem n="undefin"><phr n="undefined"><ent r="4" t="57" w="132" /><ent r="4" t="57" w="519" /><ent r="3" t="60" w="473" /><ent r="3" t="60" w="732" /></phr></stem><stem n="behalf"><phr n="behalf"><ent r="4" t="57" w="137" /></phr></stem><stem n="eof"><phr n="eof"><ent r="5" t="57" w="153" /><ent r="5" t="57" w="235" /><ent r="5" t="57" w="281" /><ent r="5" t="57" w="292" /><ent r="5" t="57" w="364" /><ent r="5" t="57" w="369" /><ent r="5" t="57" w="389" /><ent r="4" t="57" w="392" /><ent r="5" t="57" w="399" /><ent r="5" t="57" w="411" /><ent r="7" t="57" w="434" /><ent r="7" t="57" w="448" /><ent r="5" t="57" w="453" /><ent r="5" t="57" w="459" /></phr></stem><stem n="flag"><phr n="flag"><ent r="4" t="57" w="154" /><ent r="4" t="57" w="365" /><ent r="4" t="57" w="370" /><ent r="4" t="57" w="390" /><ent r="4" t="57" w="400" /><ent r="4" t="57" w="454" /><ent r="4" t="57" w="460" /><ent r="3" t="60" w="709" /><ent r="3" t="60" w="722" /><ent r="3" t="60" w="879" /></phr><phr n="flags"><ent r="3" t="60" w="697" /><ent r="3" t="60" w="731" /><ent r="4" t="62" w="519" /></phr></stem><stem n="fals"><phr n="false"><ent r="4" t="57" w="156" /><ent r="4" t="57" w="480" /></phr></stem><stem n="dealloc"><phr n="deallocate"><ent r="4" t="57" w="168" /></phr></stem><stem n="restor"><phr n="restore"><ent r="4" t="57" w="175" /></phr></stem><stem n="strict"><phr n="strictly"><ent r="4" t="57" w="184" /></phr></stem><stem n="speak"><phr n="speaking"><ent r="4" t="57" w="185" /></phr></stem><stem n="destructor"><phr n="destructor"><ent r="4" t="57" w="189" /></phr></stem><stem n="bad"><phr n="bad"><ent r="4" t="57" w="195" /></phr></stem><stem n="len"><phr n="len"><ent r="4" t="57" w="210" /><ent r="4" t="57" w="300" /></phr></stem><stem n="remain"><phr n="remaining"><ent r="6" t="57" w="247" /><ent r="6" t="57" w="330" /><ent r="3" t="60" w="730" /></phr></stem><stem n="desir"><phr n="desired"><ent r="6" t="57" w="248" /><ent r="3" t="67" w="262" /></phr></stem><stem n="occur"><phr n="occurred"><ent r="6" t="57" w="251" /><ent r="6" t="57" w="333" /></phr></stem><stem n="getlasterror"><phr n="getlasterror"><ent r="5" t="57" w="252" /><ent r="5" t="57" w="334" /><ent r="4" t="57" w="488" /><ent r="5" t="57" w="489" /><ent r="5" t="57" w="505" /><ent r="5" t="57" w="518" /><ent r="5" t="57" w="536" /></phr></stem><stem n="reset"><phr n="reset"><ent r="4" t="57" w="391" /></phr></stem><stem n="mere"><phr n="merely"><ent r="4" t="57" w="405" /></phr></stem><stem n="duplic"><phr n="duplicate"><ent r="4" t="57" w="461" /><ent r="5" t="57" w="462" /><ent r="7" t="57" w="504" /></phr></stem><stem n="newli"><phr n="newly"><ent r="4" t="57" w="485" /></phr></stem><stem n="fail"><phr n="failed"><ent r="4" t="57" w="500" /><ent r="4" t="57" w="523" /></phr></stem><stem n="minim"><phr n="minimal"><ent r="4" t="57" w="537" /></phr></stem><stem n="lt_sts_failur"><phr n="lt_sts_failure"><ent r="5" t="57" w="541" /></phr></stem><stem n="wb"><phr n="wb"><ent r="4" t="57" w="548" /></phr></stem><stem n="r+"><phr n="r+"><ent r="4" t="57" w="549" /></phr></stem><stem n="notion"><phr n="notion"><ent r="3" t="57" w="554" /></phr></stem><stem n="fill"><phr n="filles"><ent r="4096" t="58" w="5" /></phr><phr n="fill"><ent r="3" t="64" w="90" /></phr></stem><stem n="auxilliari"><phr n="auxilliary"><ent r="3" t="58" w="19" /></phr></stem><stem n="georefer"><phr n="georeference"><ent r="3" t="58" w="24" /><ent r="3" t="61" w="110" /></phr></stem><stem n="pertain"><phr n="pertains"><ent r="3" t="58" w="39" /></phr><phr n="pertaining"><ent r="3" t="65" w="20" /></phr></stem><stem n="charact"><phr n="characters"><ent r="3" t="58" w="48" /></phr><phr n="character"><ent r="3" t="59" w="151" /></phr></stem><stem n="bainbridg"><phr n="bainbridge"><ent r="4" t="58" w="60" /><ent r="4" t="58" w="63" /></phr></stem><stem n="tfw"><phr n="tfw"><ent r="4" t="58" w="64" /></phr></stem><stem n="madison"><phr n="madison"><ent r="4" t="58" w="70" /><ent r="4" t="58" w="74" /></phr></stem><stem n="sdw"><phr n="sdw"><ent r="4" t="58" w="75" /></phr></stem><stem n="trail"><phr n="trailing"><ent r="3" t="58" w="115" /><ent r="3" t="59" w="146" /></phr></stem><stem n="whitespac"><phr n="whitespace"><ent r="3" t="58" w="116" /><ent r="3" t="59" w="147" /><ent r="3" t="59" w="154" /></phr></stem><stem n="unit"><phr n="units"><ent r="4" t="58" w="124" /><ent r="4" t="58" w="136" /><ent r="3" t="61" w="342" /><ent r="3" t="61" w="779" /><ent r="4" t="69" w="648" /><ent r="4" t="69" w="1112" /></phr><phr n="unit"><ent r="3" t="59" w="358" /></phr><phr n="united"><ent r="3" t="68" w="67" /></phr></stem><stem n="ignor"><phr n="ignores"><ent r="3" t="58" w="159" /></phr><phr n="ignored"><ent r="3" t="59" w="144" /><ent r="3" t="59" w="148" /><ent r="3" t="59" w="160" /><ent r="3" t="59" w="174" /><ent r="3" t="59" w="179" /><ent r="3" t="59" w="534" /><ent r="3" t="60" w="459" /><ent r="3" t="60" w="481" /><ent r="3" t="64" w="46" /></phr></stem></index>