<?xml version="1.0" encoding="utf-8"?><index><stem n="empti"><phr n="empty"><ent r="4" t="61" w="591" /></phr></stem><stem n="multipli"><phr n="multiplied"><ent r="4" t="61" w="622" /></phr><phr n="multiply"><ent r="3" t="63" w="171" /></phr></stem><stem n="good"><phr n="good"><ent r="3" t="61" w="668" /><ent r="3" t="61" w="671" /></phr></stem><stem n="have"><phr n="having"><ent r="3" t="61" w="774" /></phr></stem><stem n="100k"><phr n="100k"><ent r="3" t="61" w="778" /></phr></stem><stem n="recov"><phr n="recover"><ent r="3" t="61" w="809" /></phr><phr n="recovered"><ent r="4" t="62" w="430" /></phr></stem><stem n="convey"><phr n="convey"><ent r="3" t="62" w="21" /></phr></stem><stem n="supplement"><phr n="supplemental"><ent r="3" t="62" w="91" /></phr></stem><stem n="evalu"><phr n="evaluating"><ent r="3" t="62" w="102" /></phr></stem><stem n="bits_per_sampl"><phr n="bits_per_sample"><ent r="6" t="62" w="126" /></phr></stem><stem n="uint16"><phr n="uint16"><ent r="6" t="62" w="131" /></phr></stem><stem n="color_schem"><phr n="color_scheme"><ent r="6" t="62" w="133" /></phr></stem><stem n="uint32"><phr n="uint32"><ent r="6" t="62" w="136" /><ent r="6" t="62" w="151" /><ent r="6" t="62" w="257" /><ent r="6" t="62" w="378" /><ent r="6" t="62" w="710" /><ent r="6" t="62" w="751" /></phr></stem><stem n="data_typ"><phr n="data_type"><ent r="6" t="62" w="147" /></phr></stem><stem n="default_data_valu"><phr n="default_data_value"><ent r="6" t="62" w="168" /><ent r="7" t="62" w="327" /><ent r="3" t="64" w="190" /></phr></stem><stem n="uint8"><phr n="uint8"><ent r="7" t="62" w="187" /></phr></stem><stem n="no_data_valu"><phr n="no_data_value"><ent r="9" t="62" w="191" /><ent r="6" t="62" w="316" /><ent r="3" t="64" w="181" /></phr></stem><stem n="dynamic_range_window"><phr n="dynamic_range_window"><ent r="6" t="62" w="194" /></phr></stem><stem n="contrast"><phr n="contrast"><ent r="6" t="62" w="196" /><ent r="4" t="69" w="471" /></phr></stem><stem n="dynamic_range_level"><phr n="dynamic_range_level"><ent r="6" t="62" w="210" /></phr></stem><stem n="bright"><phr n="brightness"><ent r="6" t="62" w="212" /><ent r="4" t="69" w="472" /></phr></stem><stem n="encoding_appl"><phr n="encoding_application"><ent r="6" t="62" w="226" /></phr></stem><stem n="encoding_com"><phr n="encoding_comment"><ent r="6" t="62" w="234" /></phr></stem><stem n="eom"><phr n="eom"><ent r="6" t="62" w="239" /></phr></stem><stem n="input_file_s"><phr n="input_file_size"><ent r="6" t="62" w="259" /></phr></stem><stem n="input_format"><phr n="input_format"><ent r="6" t="62" w="267" /></phr></stem><stem n="input_lut"><phr n="input_lut"><ent r="6" t="62" w="274" /></phr></stem><stem n="256"><phr n="256"><ent r="6" t="62" w="280" /><ent r="6" t="62" w="289" /></phr></stem><stem n="r"><phr n="r"><ent r="6" t="62" w="286" /><ent r="7" t="69" w="106" /><ent r="7" t="69" w="108" /><ent r="7" t="69" w="110" /><ent r="7" t="69" w="124" /><ent r="7" t="69" w="126" /><ent r="7" t="69" w="128" /><ent r="7" t="69" w="177" /><ent r="7" t="69" w="183" /><ent r="7" t="69" w="189" /><ent r="7" t="69" w="195" /><ent r="7" t="69" w="201" /><ent r="7" t="69" w="207" /><ent r="7" t="69" w="247" /><ent r="7" t="69" w="249" /><ent r="7" t="69" w="251" /><ent r="7" t="69" w="253" /><ent r="7" t="69" w="255" /><ent r="7" t="69" w="257" /></phr></stem><stem n="input_nam"><phr n="input_name"><ent r="6" t="62" w="293" /></phr></stem><stem n="lti_esdk_vers"><phr n="lti_esdk_version"><ent r="6" t="62" w="299" /></phr></stem><stem n="quantization_scal"><phr n="quantization_scale"><ent r="6" t="62" w="329" /></phr></stem><stem n="som"><phr n="som"><ent r="6" t="62" w="354" /></phr></stem><stem n="transparent_data_valu"><phr n="transparent_data_value"><ent r="6" t="62" w="358" /><ent r="3" t="64" w="199" /></phr></stem><stem n="x_resolut"><phr n="x_resolution"><ent r="6" t="62" w="380" /></phr></stem><stem n="xy_origin"><phr n="xy_origin"><ent r="6" t="62" w="388" /></phr></stem><stem n="y_resolut"><phr n="y_resolution"><ent r="6" t="62" w="403" /><ent r="4" t="63" w="159" /></phr></stem><stem n="rate"><phr n="rate"><ent r="4" t="62" w="436" /></phr></stem><stem n="did"><phr n="did"><ent r="4" t="62" w="437" /></phr></stem><stem n="discard"><phr n="discarded"><ent r="4" t="62" w="448" /></phr></stem><stem n="interpol"><phr n="interpolation"><ent r="4" t="62" w="464" /></phr></stem><stem n="decomposit"><phr n="decomposition"><ent r="4" t="62" w="466" /></phr></stem><stem n="reconstruct"><phr n="reconstructed"><ent r="4" t="62" w="480" /></phr></stem><stem n="reorder"><phr n="reordered"><ent r="4" t="62" w="483" /></phr><phr n="reordering"><ent r="4" t="62" w="487" /></phr></stem><stem n="alter"><phr n="altered"><ent r="4" t="62" w="506" /></phr></stem><stem n="balanc"><phr n="balanced"><ent r="4" t="62" w="510" /></phr><phr n="balancing"><ent r="3" t="67" w="168" /></phr><phr n="balance"><ent r="3" t="69" w="592" /><ent r="5" t="69" w="627" /><ent r="4" t="69" w="764" /><ent r="5" t="69" w="1200" /><ent r="5" t="69" w="1318" /></phr></stem><stem n="incorpor"><phr n="incorporated"><ent r="4" t="62" w="522" /></phr></stem><stem n="warp"><phr n="warped"><ent r="4" t="62" w="527" /></phr></stem><stem n="overlaid"><phr n="overlaid"><ent r="4" t="62" w="535" /></phr></stem><stem n="superimpos"><phr n="superimposed"><ent r="4" t="62" w="541" /></phr></stem><stem n="vectoroverlay"><phr n="vectoroverlay"><ent r="6" t="62" w="587" /></phr></stem><stem n="overlay"><phr n="overlay"><ent r="6" t="62" w="590" /><ent r="6" t="62" w="603" /></phr><phr n="overlays"><ent r="3" t="67" w="46" /></phr></stem><stem n="vectoroverlay_lay"><phr n="vectoroverlay_layer"><ent r="6" t="62" w="599" /></phr></stem><stem n="pos"><phr n="pos"><ent r="6" t="62" w="617" /><ent r="6" t="62" w="628" /></phr></stem><stem n="compression_block_s"><phr n="compression_block_size"><ent r="6" t="62" w="704" /></phr></stem><stem n="compression_gamma"><phr n="compression_gamma"><ent r="6" t="62" w="712" /></phr></stem><stem n="compression_vers"><phr n="compression_version"><ent r="6" t="62" w="721" /></phr></stem><stem n="sint32"><phr n="sint32"><ent r="6" t="62" w="727" /></phr></stem><stem n="compression_weight"><phr n="compression_weight"><ent r="6" t="62" w="730" /></phr></stem><stem n="creation_d"><phr n="creation_date"><ent r="6" t="62" w="738" /></phr></stem><stem n="compression_nlev"><phr n="compression_nlev"><ent r="6" t="62" w="745" /></phr></stem><stem n="statist"><phr n="statistics"><ent r="6" t="62" w="753" /><ent r="6" t="62" w="773" /><ent r="6" t="62" w="793" /><ent r="6" t="62" w="802" /></phr></stem><stem n="averag"><phr n="average"><ent r="6" t="62" w="795" /></phr></stem><stem n="standard_devi"><phr n="standard_deviation"><ent r="6" t="62" w="803" /></phr></stem><stem n="target_compression_ratio"><phr n="target_compression_ratio"><ent r="6" t="62" w="809" /></phr></stem><stem n="erda"><phr n="erdas"><ent r="3" t="62" w="837" /></phr></stem><stem n="usg"><phr n="usgs"><ent r="3" t="62" w="839" /></phr></stem><stem n="yres"><phr n="yres"><ent r="3" t="63" w="19" /></phr></stem><stem n="hereaft"><phr n="hereafter"><ent r="3" t="63" w="44" /></phr></stem><stem n="cartesian"><phr n="cartesian"><ent r="3" t="63" w="57" /></phr></stem><stem n="school"><phr n="school"><ent r="3" t="63" w="61" /></phr></stem><stem n="algebra"><phr n="algebra"><ent r="3" t="63" w="62" /></phr></stem><stem n="+ydim"><phr n="+ydim"><ent r="3" t="63" w="65" /></phr></stem><stem n="decreas"><phr n="decreases"><ent r="3" t="63" w="105" /></phr></stem><stem n="479"><phr n="479"><ent r="3" t="63" w="106" /></phr></stem><stem n="640w"><phr n="640w"><ent r="3" t="63" w="109" /></phr></stem><stem n="480h"><phr n="480h"><ent r="3" t="63" w="111" /></phr></stem><stem n="getyr"><phr n="getyres"><ent r="4" t="63" w="120" /></phr></stem><stem n="pixelspixel"><phr n="pixelspixels"><ent r="3" t="64" w="26" /></phr></stem><stem n="bound"><phr n="bounds"><ent r="3" t="64" w="44" /><ent r="3" t="64" w="76" /><ent r="3" t="64" w="132" /></phr></stem><stem n="render"><phr n="rendering"><ent r="3" t="64" w="52" /><ent r="3" t="64" w="78" /></phr></stem><stem n="exceed"><phr n="exceeds"><ent r="3" t="64" w="83" /></phr></stem><stem n="bitmask"><phr n="bitmasks"><ent r="3" t="64" w="157" /></phr></stem><stem n="clip"><phr n="clipping"><ent r="3" t="64" w="158" /></phr></stem><stem n="blend"><phr n="blending"><ent r="3" t="64" w="161" /></phr></stem><stem n="correl"><phr n="correlate"><ent r="3" t="64" w="173" /></phr><phr n="correlation"><ent r="4" t="69" w="49" /></phr></stem><stem n="lie"><phr n="lies"><ent r="3" t="64" w="214" /></phr></stem><stem n="overlap"><phr n="overlapping"><ent r="3" t="64" w="258" /></phr><phr n="overlap"><ent r="3" t="64" w="309" /></phr></stem><stem n="treatment"><phr n="treatment"><ent r="3" t="64" w="296" /></phr></stem><stem n="lot"><phr n="lot"><ent r="3" t="64" w="313" /></phr></stem><stem n="bigger"><phr n="bigger"><ent r="3" t="64" w="322" /></phr></stem><stem n="legitim"><phr n="legitimate"><ent r="3" t="64" w="340" /></phr></stem><stem n="compani"><phr n="company"><ent r="268435456" t="65" w="3" /><ent r="16777218" t="65" w="8" /></phr></stem><stem n="1992"><phr n="1992"><ent r="3" t="66" w="5" /></phr></stem><stem n="massiv"><phr n="massive"><ent r="3" t="66" w="14" /></phr></stem><stem n="aerial"><phr n="aerial"><ent r="3" t="66" w="19" /></phr></stem><stem n="pioneer"><phr n="pioneered"><ent r="3" t="66" w="25" /></phr></stem><stem n="denver"><phr n="denver"><ent r="3" t="66" w="40" /></phr></stem><stem n="london"><phr n="london"><ent r="3" t="66" w="41" /></phr></stem><stem n="tokyo"><phr n="tokyo"><ent r="3" t="66" w="42" /></phr></stem><stem n="divis"><phr n="division"><ent r="3" t="66" w="43" /></phr></stem><stem n="thank"><phr n="thank"><ent r="3" t="67" w="7" /></phr><phr n="thanks"><ent r="3" t="68" w="87" /></phr></stem><stem n="glad"><phr n="glad"><ent r="3" t="67" w="13" /></phr></stem><stem n="shop"><phr n="shop"><ent r="3" t="67" w="17" /></phr></stem><stem n="explor"><phr n="explore"><ent r="3" t="67" w="18" /></phr><phr n="explorer"><ent r="3" t="67" w="114" /></phr></stem><stem n="geoview"><phr n="geoviewer"><ent r="65538" t="67" w="29" /><ent r="3" t="67" w="37" /><ent r="3" t="67" w="49" /><ent r="3" t="67" w="66" /><ent r="3" t="67" w="85" /><ent r="3" t="67" w="117" /><ent r="3" t="68" w="74" /></phr></stem><stem n="standalon"><phr n="standalone"><ent r="3" t="67" w="40" /></phr></stem><stem n="repositori"><phr n="repositories"><ent r="3" t="67" w="59" /></phr></stem><stem n="wms"><phr n="wms"><ent r="3" t="67" w="63" /></phr></stem><stem n="jpip"><phr n="jpip"><ent r="3" t="67" w="64" /></phr></stem><stem n="png"><phr n="png"><ent r="3" t="67" w="74" /></phr></stem><stem n="categori"><phr n="category"><ent r="4" t="67" w="92" /><ent r="4" t="67" w="154" /></phr></stem><stem n="easi"><phr n="easy"><ent r="4098" t="67" w="98" /></phr></stem><stem n="expressview™"><phr n="expressview™"><ent r="3" t="67" w="102" /></phr></stem><stem n="internet"><phr n="internet"><ent r="3" t="67" w="113" /></phr></stem><stem n="firefox"><phr n="firefox"><ent r="3" t="67" w="115" /></phr></stem><stem n="conveni"><phr n="convenient"><ent r="3" t="67" w="136" /></phr></stem><stem n="network"><phr n="networks"><ent r="3" t="67" w="143" /></phr></stem><stem n="ideal"><phr n="ideal"><ent r="3" t="67" w="193" /></phr></stem><stem n="compressor"><phr n="compressor"><ent r="65538" t="67" w="208" /><ent r="3" t="67" w="257" /><ent r="3" t="67" w="285" /></phr></stem><stem n="compressor™"><phr n="compressor™"><ent r="3" t="67" w="216" /></phr></stem><stem n="giant"><phr n="giant"><ent r="3" t="67" w="220" /></phr></stem><stem n="cloud"><phr n="cloud"><ent r="3" t="67" w="222" /></phr></stem><stem n="90"><phr n="90"><ent r="3" t="67" w="249" /></phr></stem><stem n="reach"><phr n="reach"><ent r="3" t="67" w="261" /></phr></stem><stem n="las"><phr n="las"><ent r="3" t="67" w="269" /></phr></stem><stem n="deliveri"><phr n="delivery"><ent r="4098" t="67" w="295" /></phr></stem><stem n="stabl"><phr n="stable"><ent r="3" t="67" w="326" /></phr></stem><stem n="exp"><phr n="exp"><ent r="4" t="67" w="344" /></phr></stem><stem n="2009"><phr n="2009"><ent r="3" t="68" w="6" /></phr></stem><stem n="reserv"><phr n="reserved"><ent r="3" t="68" w="14" /></phr></stem><stem n="furnish"><phr n="furnished"><ent r="3" t="68" w="24" /></phr></stem><stem n="nondisclosur"><phr n="nondisclosure"><ent r="3" t="68" w="27" /></phr></stem><stem n="transmit"><phr n="transmitted"><ent r="3" t="68" w="42" /></phr></stem><stem n="electron"><phr n="electronic"><ent r="3" t="68" w="47" /></phr></stem><stem n="photocopi"><phr n="photocopying"><ent r="3" t="68" w="50" /></phr></stem><stem n="person"><phr n="personal"><ent r="3" t="68" w="55" /></phr></stem><stem n="regist"><phr n="registered"><ent r="3" t="68" w="65" /></phr></stem><stem n="logo"><phr n="logos"><ent r="3" t="68" w="75" /></phr></stem><stem n="unauthor"><phr n="unauthorized"><ent r="3" t="68" w="83" /></phr></stem><stem n="prohibit"><phr n="prohibited"><ent r="3" t="68" w="84" /></phr></stem><stem n="acknowledg"><phr n="acknowledges"><ent r="3" t="68" w="86" /></phr></stem><stem n="effort"><phr n="efforts"><ent r="3" t="68" w="91" /></phr></stem><stem n="avenu"><phr n="avenue"><ent r="3" t="68" w="112" /></phr></stem><stem n="washington"><phr n="washington"><ent r="3" t="68" w="116" /></phr></stem><stem n="652"><phr n="652"><ent r="3" t="68" w="120" /></phr></stem><stem n="5211"><phr n="5211"><ent r="3" t="68" w="121" /></phr></stem><stem n="phrase"><phr n="phrases"><ent r="3" t="69" w="7" /></phr></stem><stem n="acronym"><phr n="acronyms"><ent r="3" t="69" w="8" /></phr><phr n="acronym"><ent r="4" t="69" w="629" /><ent r="4" t="69" w="931" /></phr></stem><stem n="spectral"><phr n="spectral"><ent r="4" t="69" w="37" /></phr></stem><stem n="weak"><phr n="weak"><ent r="4" t="69" w="48" /></phr></stem><stem n="abbrevi"><phr n="abbreviation"><ent r="4" t="69" w="78" /><ent r="4" t="69" w="149" /><ent r="4" t="69" w="220" /></phr><phr n="abbreviating"><ent r="4" t="69" w="932" /></phr></stem><stem n="01"><phr n="01"><ent r="8" t="69" w="109" /><ent r="8" t="69" w="115" /><ent r="8" t="69" w="121" /><ent r="8" t="69" w="184" /><ent r="8" t="69" w="186" /><ent r="8" t="69" w="188" /><ent r="8" t="69" w="250" /><ent r="8" t="69" w="262" /><ent r="8" t="69" w="274" /></phr></stem><stem n="02"><phr n="02"><ent r="8" t="69" w="111" /><ent r="8" t="69" w="117" /><ent r="8" t="69" w="123" /><ent r="8" t="69" w="190" /><ent r="8" t="69" w="192" /><ent r="8" t="69" w="194" /><ent r="8" t="69" w="252" /><ent r="8" t="69" w="264" /><ent r="8" t="69" w="276" /></phr></stem><stem n="expens"><phr n="expense"><ent r="4" t="69" w="323" /></phr></stem><stem n="nomin"><phr n="nominal"><ent r="4" t="69" w="346" /><ent r="4" t="69" w="351" /><ent r="4" t="69" w="395" /><ent r="5" t="69" w="403" /><ent r="3" t="69" w="995" /><ent r="5" t="69" w="1059" /></phr></stem><stem n="mislead"><phr n="misleading"><ent r="4" t="69" w="361" /></phr></stem><stem n="50mb"><phr n="50mb"><ent r="4" t="69" w="364" /></phr></stem><stem n="10mb"><phr n="10mb"><ent r="4" t="69" w="368" /><ent r="4" t="69" w="381" /></phr></stem><stem n="5mb"><phr n="5mb"><ent r="4" t="69" w="386" /></phr></stem><stem n="1mb"><phr n="1mb"><ent r="4" t="69" w="389" /></phr></stem><stem n="max"><phr n="max"><ent r="4" t="69" w="435" /><ent r="4" t="69" w="456" /></phr></stem><stem n="min+1"><phr n="min+1"><ent r="4" t="69" w="457" /></phr></stem><stem n="min+max"><phr n="min+max"><ent r="4" t="69" w="464" /></phr></stem><stem n="notabl"><phr n="notably"><ent r="4" t="69" w="475" /></phr></stem><stem n="dark"><phr n="dark"><ent r="4" t="69" w="483" /></phr></stem><stem n="illustr"><phr n="illustrates"><ent r="4" t="69" w="505" /></phr></stem><stem n="word"><phr n="word"><ent r="4" t="69" w="524" /><ent r="4" t="69" w="531" /><ent r="4" t="69" w="535" /></phr></stem><stem n="highest"><phr n="highest"><ent r="4" t="69" w="542" /></phr></stem><stem n="sparc"><phr n="sparc"><ent r="4" t="69" w="547" /></phr></stem><stem n="powerpc"><phr n="powerpc"><ent r="4" t="69" w="548" /></phr></stem><stem n="0x01020304"><phr n="0x01020304"><ent r="4" t="69" w="562" /></phr></stem><stem n="0x04"><phr n="0x04"><ent r="7" t="69" w="577" /><ent r="7" t="69" w="587" /></phr></stem><stem n="0x01"><phr n="0x01"><ent r="7" t="69" w="578" /><ent r="7" t="69" w="586" /></phr></stem><stem n="p+1"><phr n="p+1"><ent r="7" t="69" w="579" /></phr></stem><stem n="0x02"><phr n="0x02"><ent r="7" t="69" w="581" /><ent r="7" t="69" w="583" /></phr></stem><stem n="p+2"><phr n="p+2"><ent r="7" t="69" w="582" /></phr></stem><stem n="p+3"><phr n="p+3"><ent r="7" t="69" w="585" /></phr></stem><stem n="frequenc"><phr n="frequency"><ent r="3" t="69" w="591" /><ent r="5" t="69" w="626" /><ent r="5" t="69" w="1199" /><ent r="4" t="69" w="1279" /><ent r="5" t="69" w="1317" /></phr></stem><stem n="emphasi"><phr n="emphasis"><ent r="4" t="69" w="597" /><ent r="4" t="69" w="696" /><ent r="4" t="69" w="1308" /></phr></stem><stem n="gamma"><phr n="gamma"><ent r="5" t="69" w="609" /><ent r="3" t="69" w="624" /></phr></stem><stem n="softer"><phr n="softer"><ent r="4" t="69" w="619" /></phr></stem><stem n="sharp"><phr n="sharpness"><ent r="5" t="69" w="623" /><ent r="4" t="69" w="761" /><ent r="3" t="69" w="1186" /><ent r="4" t="69" w="1191" /><ent r="5" t="69" w="1319" /></phr></stem><stem n="xml"><phr n="xml"><ent r="4" t="69" w="633" /></phr></stem><stem n="geometri"><phr n="geometries"><ent r="4" t="69" w="651" /></phr></stem><stem n="topolog"><phr n="topologies"><ent r="4" t="69" w="652" /></phr></stem><stem n="coverag"><phr n="coverages"><ent r="4" t="69" w="653" /></phr></stem><stem n="annot"><phr n="annotations"><ent r="4" t="69" w="654" /></phr></stem><stem n="k"><phr n="k"><ent r="3" t="69" w="690" /><ent r="4" t="69" w="698" /><ent r="5" t="69" w="1320" /></phr></stem><stem n="mathemat"><phr n="mathematically"><ent r="4" t="69" w="719" /></phr><phr n="mathematical"><ent r="4" t="69" w="1274" /></phr></stem><stem n="poor"><phr n="poor"><ent r="4" t="69" w="749" /></phr></stem><stem n="anywher"><phr n="anywhere"><ent r="4" t="69" w="755" /></phr></stem><stem n="perceiv"><phr n="perceived"><ent r="4" t="69" w="756" /></phr></stem><stem n="forth"><phr n="forth"><ent r="4" t="69" w="768" /></phr></stem><stem n="expand"><phr n="expanded"><ent r="4" t="69" w="803" /></phr></stem><stem n="fundament"><phr n="fundamental"><ent r="4" t="69" w="835" /></phr></stem><stem n="earliest"><phr n="earliest"><ent r="4" t="69" w="849" /></phr></stem><stem n="channel"><phr n="channels"><ent r="4" t="69" w="905" /></phr></stem><stem n="seamless"><phr n="seamless"><ent r="4" t="69" w="934" /></phr></stem><stem n="ground"><phr n="ground"><ent r="4" t="69" w="1111" /></phr></stem><stem n="magnitud"><phr n="magnitude"><ent r="4" t="69" w="1124" /></phr></stem><stem n="intens"><phr n="intensity"><ent r="4" t="69" w="1125" /></phr></stem><stem n="60"><phr n="60"><ent r="4" t="69" w="1138" /></phr></stem><stem n="durat"><phr n="duration"><ent r="4" t="69" w="1280" /></phr></stem><stem n="neighbor"><phr n="neighboring"><ent r="4" t="69" w="1287" /></phr></stem><stem n="pyramid"><phr n="pyramidal"><ent r="4" t="69" w="1301" /></phr></stem><stem n="augment"><phr n="augment"><ent r="4" t="69" w="1330" /></phr></stem></index>