<?xml version="1.0" encoding="utf-8"?><index><stem n="robust"><phr n="robust"><ent r="3" t="0" w="62" /></phr></stem><stem n="toolkit"><phr n="toolkit"><ent r="3" t="0" w="63" /><ent r="3" t="1" w="5" /><ent r="3" t="29" w="11" /></phr></stem><stem n="suitabl"><phr n="suitable"><ent r="3" t="0" w="64" /><ent r="3" t="33" w="28" /></phr><phr n="suitably"><ent r="3" t="60" w="528" /></phr></stem><stem n="complex"><phr n="complex"><ent r="3" t="0" w="65" /><ent r="3" t="14" w="156" /><ent r="3" t="30" w="224" /><ent r="3" t="33" w="132" /><ent r="3" t="33" w="138" /><ent r="4" t="54" w="624" /><ent r="3" t="60" w="159" /></phr><phr n="complexity"><ent r="3" t="1" w="156" /><ent r="3" t="25" w="234" /></phr></stem><stem n="need"><phr n="needs"><ent r="3" t="0" w="68" /><ent r="3" t="25" w="249" /><ent r="3" t="31" w="590" /><ent r="3" t="42" w="17" /><ent r="4" t="54" w="470" /><ent r="3" t="55" w="20" /><ent r="3" t="60" w="538" /></phr><phr n="need"><ent r="3" t="0" w="204" /><ent r="3" t="8" w="59" /><ent r="3" t="11" w="155" /><ent r="3" t="11" w="184" /><ent r="3" t="25" w="238" /><ent r="3" t="31" w="444" /><ent r="3" t="31" w="456" /><ent r="3" t="31" w="536" /><ent r="3" t="31" w="661" /><ent r="4" t="54" w="492" /><ent r="3" t="55" w="42" /><ent r="3" t="55" w="57" /><ent r="4" t="57" w="187" /></phr><phr n="needed"><ent r="3" t="31" w="405" /><ent r="3" t="31" w="420" /><ent r="3" t="31" w="429" /><ent r="4" t="31" w="606" /><ent r="3" t="35" w="40" /><ent r="3" t="53" w="54" /><ent r="3" t="55" w="88" /><ent r="3" t="63" w="143" /></phr></stem><stem n="provid"><phr n="provides"><ent r="3" t="0" w="70" /><ent r="3" t="1" w="73" /><ent r="3" t="1" w="178" /><ent r="3" t="1" w="198" /><ent r="3" t="1" w="248" /><ent r="3" t="3" w="69" /><ent r="3" t="3" w="127" /><ent r="3" t="4" w="6" /><ent r="3" t="8" w="57" /><ent r="4" t="10" w="339" /><ent r="3" t="14" w="88" /><ent r="3" t="18" w="48" /><ent r="3" t="19" w="6" /><ent r="3" t="19" w="11" /><ent r="3" t="19" w="87" /><ent r="3" t="32" w="13" /><ent r="3" t="32" w="36" /><ent r="3" t="42" w="30" /><ent r="3" t="42" w="50" /><ent r="3" t="46" w="18" /><ent r="4" t="54" w="334" /><ent r="3" t="57" w="49" /><ent r="3" t="60" w="323" /><ent r="3" t="61" w="36" /><ent r="3" t="63" w="37" /></phr><phr n="providing"><ent r="3" t="0" w="257" /><ent r="3" t="1" w="32" /><ent r="3" t="24" w="78" /><ent r="3" t="31" w="855" /><ent r="3" t="52" w="10" /></phr><phr n="provide"><ent r="3" t="0" w="267" /><ent r="3" t="1" w="10" /><ent r="3" t="8" w="94" /><ent r="3" t="10" w="30" /><ent r="3" t="14" w="72" /><ent r="3" t="14" w="148" /><ent r="3" t="15" w="17" /><ent r="3" t="19" w="25" /><ent r="3" t="22" w="108" /><ent r="3" t="23" w="116" /><ent r="3" t="24" w="50" /><ent r="4" t="27" w="151" /><ent r="3" t="35" w="159" /><ent r="3" t="43" w="42" /><ent r="3" t="57" w="15" /><ent r="3" t="61" w="20" /><ent r="3" t="61" w="27" /><ent r="3" t="61" w="77" /><ent r="3" t="61" w="367" /><ent r="3" t="64" w="71" /></phr><phr n="provided"><ent r="3" t="1" w="56" /><ent r="3" t="1" w="103" /><ent r="3" t="1" w="118" /><ent r="3" t="1" w="162" /><ent r="3" t="2" w="46" /><ent r="3" t="3" w="96" /><ent r="3" t="4" w="24" /><ent r="3" t="6" w="16" /><ent r="3" t="8" w="166" /><ent r="3" t="20" w="75" /><ent r="3" t="32" w="56" /><ent r="4" t="54" w="667" /><ent r="3" t="60" w="105" /><ent r="3" t="60" w="200" /><ent r="3" t="60" w="332" /></phr><phr n="provider"><ent r="3" t="31" w="570" /></phr></stem><stem n="framework"><phr n="framework"><ent r="3" t="0" w="71" /><ent r="3" t="1" w="13" /><ent r="3" t="1" w="106" /><ent r="3" t="1" w="121" /><ent r="3" t="11" w="24" /><ent r="3" t="22" w="18" /><ent r="3" t="33" w="133" /><ent r="3" t="61" w="526" /></phr></stem><stem n="creat"><phr n="creating"><ent r="3" t="0" w="72" /><ent r="6" t="7" w="122" /><ent r="6" t="7" w="160" /><ent r="4" t="30" w="322" /><ent r="4" t="69" w="1022" /></phr><phr n="create"><ent r="3" t="0" w="205" /><ent r="3" t="13" w="76" /><ent r="4" t="14" w="231" /><ent r="3" t="14" w="235" /><ent r="3" t="31" w="572" /><ent r="3" t="33" w="88" /><ent r="5" t="54" w="401" /><ent r="4" t="54" w="405" /><ent r="5" t="56" w="13" /><ent r="4" t="56" w="14" /><ent r="4" t="56" w="35" /><ent r="4" t="56" w="43" /><ent r="3" t="56" w="50" /><ent r="3" t="56" w="82" /><ent r="3" t="56" w="92" /></phr><phr n="creates"><ent r="3" t="13" w="16" /><ent r="4" t="27" w="43" /><ent r="4" t="27" w="122" /><ent r="4" t="27" w="171" /><ent r="4" t="54" w="360" /><ent r="4" t="57" w="463" /><ent r="4" t="69" w="308" /><ent r="4" t="69" w="612" /><ent r="4" t="69" w="618" /></phr><phr n="created"><ent r="3" t="14" w="267" /><ent r="3" t="31" w="1139" /><ent r="4" t="31" w="1317" /><ent r="3" t="32" w="138" /><ent r="3" t="35" w="14" /><ent r="3" t="35" w="36" /><ent r="5" t="37" w="378" /><ent r="4" t="54" w="437" /><ent r="4" t="56" w="26" /><ent r="4" t="57" w="486" /><ent r="3" t="60" w="580" /><ent r="4" t="62" w="513" /><ent r="4" t="62" w="544" /></phr></stem><stem n="pipelin"><phr n="pipelines"><ent r="3" t="0" w="74" /><ent r="3" t="14" w="222" /><ent r="3" t="25" w="246" /><ent r="4" t="27" w="40" /><ent r="4" t="54" w="392" /></phr><phr n="pipeline"><ent r="3" t="1" w="30" /><ent r="3" t="2" w="27" /><ent r="6" t="7" w="157" /><ent r="6" t="7" w="158" /><ent r="3" t="9" w="16" /><ent r="4" t="9" w="40" /><ent r="268435456" t="10" w="1" /><ent r="4096" t="10" w="3" /><ent r="1048578" t="10" w="5" /><ent r="3" t="10" w="9" /><ent r="4096" t="10" w="42" /><ent r="4" t="10" w="78" /><ent r="4" t="10" w="148" /><ent r="3" t="10" w="158" /><ent r="3" t="10" w="179" /><ent r="3" t="10" w="210" /><ent r="3" t="10" w="220" /><ent r="3" t="10" w="242" /><ent r="3" t="10" w="255" /><ent r="3" t="10" w="264" /><ent r="3" t="10" w="283" /><ent r="3" t="10" w="296" /><ent r="3" t="10" w="310" /><ent r="3" t="10" w="317" /><ent r="4096" t="10" w="318" /><ent r="3" t="10" w="336" /><ent r="3" t="11" w="23" /><ent r="3" t="11" w="117" /><ent r="3" t="11" w="153" /><ent r="3" t="11" w="172" /><ent r="3" t="14" w="208" /><ent r="3" t="20" w="12" /><ent r="3" t="20" w="22" /><ent r="3" t="23" w="20" /><ent r="3" t="23" w="76" /><ent r="3" t="23" w="104" /><ent r="4" t="27" w="207" /><ent r="4" t="27" w="233" /><ent r="3" t="27" w="309" /><ent r="3" t="28" w="26" /><ent r="3" t="40" w="58" /><ent r="4" t="42" w="77" /><ent r="4" t="54" w="484" /><ent r="3" t="55" w="34" /><ent r="3" t="55" w="54" /><ent r="3" t="56" w="77" /><ent r="3" t="56" w="87" /><ent r="3" t="56" w="93" /><ent r="3" t="56" w="100" /><ent r="3" t="56" w="102" /><ent r="3" t="56" w="105" /><ent r="3" t="56" w="107" /><ent r="3" t="56" w="110" /><ent r="3" t="56" w="112" /><ent r="3" t="56" w="114" /><ent r="3" t="56" w="122" /><ent r="3" t="56" w="124" /></phr></stem><stem n="enabl"><phr n="enable"><ent r="3" t="0" w="75" /></phr><phr n="enables"><ent r="3" t="1" w="168" /><ent r="3" t="11" w="146" /><ent r="3" t="19" w="36" /><ent r="3" t="30" w="186" /><ent r="3" t="67" w="50" /><ent r="3" t="67" w="105" /><ent r="3" t="67" w="119" /><ent r="3" t="67" w="218" /></phr><phr n="enabled"><ent r="3" t="4" w="73" /></phr><phr n="enabling"><ent r="3" t="23" w="143" /><ent r="3" t="30" w="216" /></phr></stem><stem n="effici"><phr n="efficiently"><ent r="3" t="0" w="77" /><ent r="3" t="11" w="202" /><ent r="3" t="12" w="302" /><ent r="3" t="31" w="361" /></phr><phr n="efficiency"><ent r="3" t="0" w="303" /></phr><phr n="efficient"><ent r="3" t="29" w="28" /><ent r="3" t="35" w="161" /><ent r="4098" t="67" w="30" /><ent r="3" t="67" w="77" /><ent r="3" t="67" w="224" /></phr></stem><stem n="read"><phr n="read"><ent r="3" t="0" w="78" /><ent r="268435456" t="2" w="2" /><ent r="1048578" t="2" w="5" /><ent r="3" t="10" w="34" /><ent r="3" t="11" w="37" /><ent r="3" t="11" w="46" /><ent r="3" t="11" w="53" /><ent r="3" t="11" w="57" /><ent r="4" t="11" w="99" /><ent r="4" t="11" w="163" /><ent r="4" t="12" w="7" /><ent r="3" t="12" w="84" /><ent r="5" t="19" w="49" /><ent r="4" t="19" w="100" /><ent r="4" t="19" w="106" /><ent r="4" t="19" w="125" /><ent r="4" t="22" w="115" /><ent r="4" t="23" w="60" /><ent r="3" t="24" w="33" /><ent r="3" t="24" w="80" /><ent r="4" t="25" w="14" /><ent r="3" t="25" w="42" /><ent r="4" t="25" w="118" /><ent r="3" t="25" w="156" /><ent r="3" t="25" w="164" /><ent r="3" t="30" w="346" /><ent r="3" t="31" w="502" /><ent r="3" t="33" w="89" /><ent r="3" t="34" w="20" /><ent r="3" t="34" w="55" /><ent r="3" t="36" w="15" /><ent r="3" t="36" w="47" /><ent r="4" t="36" w="132" /><ent r="3" t="44" w="48" /><ent r="3" t="57" w="78" /><ent r="4" t="57" w="206" /><ent r="5" t="57" w="211" /><ent r="4" t="57" w="217" /><ent r="4" t="57" w="221" /><ent r="4" t="57" w="226" /><ent r="4" t="57" w="262" /><ent r="4" t="57" w="269" /><ent r="4" t="57" w="274" /><ent r="4" t="57" w="279" /><ent r="4" t="57" w="283" /><ent r="4" t="57" w="285" /><ent r="4" t="57" w="290" /><ent r="4" t="57" w="343" /><ent r="4" t="57" w="394" /><ent r="6" t="57" w="422" /><ent r="6" t="57" w="430" /><ent r="6" t="57" w="436" /><ent r="6" t="57" w="444" /><ent r="7" t="57" w="501" /><ent r="3" t="57" w="566" /><ent r="3" t="57" w="579" /><ent r="3" t="60" w="429" /><ent r="3" t="61" w="557" /><ent r="3" t="61" w="645" /><ent r="3" t="61" w="648" /><ent r="4" t="64" w="126" /><ent r="4" t="69" w="1227" /></phr><phr n="reading"><ent r="3" t="1" w="36" /><ent r="4" t="10" w="354" /><ent r="3" t="32" w="15" /><ent r="3" t="32" w="21" /><ent r="3" t="33" w="109" /><ent r="3" t="35" w="68" /><ent r="4" t="35" w="123" /><ent r="3" t="36" w="53" /><ent r="4" t="36" w="116" /><ent r="3" t="37" w="22" /><ent r="4" t="37" w="365" /><ent r="3" t="46" w="52" /><ent r="4" t="57" w="406" /><ent r="3" t="58" w="85" /><ent r="3" t="60" w="511" /><ent r="3" t="61" w="514" /><ent r="3" t="61" w="553" /><ent r="3" t="61" w="641" /></phr><phr n="reads"><ent r="3" t="10" w="221" /><ent r="3" t="10" w="256" /><ent r="3" t="19" w="142" /><ent r="6" t="57" w="243" /><ent r="3" t="61" w="40" /></phr></stem><stem n="write"><phr n="write"><ent r="3" t="0" w="79" /><ent r="3" t="10" w="35" /><ent r="5" t="19" w="50" /><ent r="4" t="19" w="107" /><ent r="4" t="19" w="126" /><ent r="3" t="24" w="34" /><ent r="3" t="24" w="81" /><ent r="3" t="28" w="80" /><ent r="3" t="30" w="340" /><ent r="3" t="48" w="50" /><ent r="4" t="54" w="730" /><ent r="4" t="54" w="734" /><ent r="4" t="57" w="295" /><ent r="5" t="57" w="301" /><ent r="4" t="57" w="348" /><ent r="4" t="57" w="353" /><ent r="5" t="57" w="360" /><ent r="5" t="57" w="366" /><ent r="4" t="57" w="450" /><ent r="7" t="57" w="502" /><ent r="4" t="57" w="573" /><ent r="3" t="60" w="430" /><ent r="6" t="61" w="689" /><ent r="6" t="61" w="692" /><ent r="4" t="61" w="695" /><ent r="6" t="61" w="752" /><ent r="6" t="61" w="755" /><ent r="4" t="61" w="758" /></phr><phr n="writing"><ent r="3" t="0" w="96" /><ent r="3" t="1" w="37" /><ent r="3" t="1" w="180" /><ent r="6" t="7" w="66" /><ent r="3" t="28" w="29" /><ent r="3" t="46" w="53" /><ent r="4" t="54" w="293" /><ent r="3" t="58" w="86" /><ent r="3" t="60" w="186" /><ent r="3" t="61" w="515" /><ent r="3" t="61" w="662" /><ent r="3" t="61" w="663" /><ent r="3" t="61" w="703" /><ent r="3" t="61" w="704" /><ent r="3" t="61" w="790" /><ent r="3" t="61" w="794" /></phr><phr n="writes"><ent r="3" t="10" w="236" /><ent r="3" t="10" w="257" /><ent r="3" t="19" w="143" /><ent r="4" t="28" w="40" /><ent r="4" t="28" w="47" /><ent r="4" t="28" w="52" /><ent r="4" t="28" w="56" /><ent r="4" t="28" w="65" /><ent r="6" t="57" w="326" /><ent r="3" t="59" w="654" /><ent r="3" t="61" w="41" /></phr></stem><stem n="manipul"><phr n="manipulate"><ent r="3" t="0" w="80" /><ent r="3" t="10" w="36" /></phr><phr n="manipulation"><ent r="4098" t="67" w="161" /></phr><phr n="manipulating"><ent r="3" t="67" w="176" /></phr></stem><stem n="varieti"><phr n="variety"><ent r="3" t="0" w="82" /><ent r="3" t="10" w="38" /><ent r="4" t="18" w="58" /><ent r="4" t="18" w="67" /><ent r="3" t="31" w="76" /><ent r="3" t="31" w="589" /><ent r="3" t="33" w="86" /><ent r="3" t="57" w="20" /></phr></stem><stem n="format"><phr n="formats"><ent r="3" t="0" w="83" /><ent r="3" t="0" w="91" /><ent r="3" t="1" w="142" /><ent r="3" t="1" w="184" /><ent r="3" t="8" w="65" /><ent r="3" t="10" w="446" /><ent r="3" t="12" w="290" /><ent r="3" t="12" w="311" /><ent r="4" t="18" w="59" /><ent r="4" t="18" w="68" /><ent r="3" t="23" w="153" /><ent r="3" t="24" w="49" /><ent r="3" t="30" w="255" /><ent r="4096" t="31" w="51" /><ent r="4096" t="31" w="54" /><ent r="258" t="31" w="56" /><ent r="3" t="31" w="119" /><ent r="3" t="33" w="69" /><ent r="4" t="42" w="84" /><ent r="3" t="49" w="19" /><ent r="3" t="50" w="19" /><ent r="3" t="51" w="16" /><ent r="3" t="59" w="48" /><ent r="3" t="59" w="511" /><ent r="3" t="67" w="71" /><ent r="3" t="67" w="125" /><ent r="3" t="67" w="182" /><ent r="4" t="69" w="77" /><ent r="4" t="69" w="148" /><ent r="4" t="69" w="219" /><ent r="4" t="69" w="357" /><ent r="4" t="69" w="1292" /><ent r="4" t="69" w="1302" /></phr><phr n="format"><ent r="3" t="0" w="108" /><ent r="3" t="0" w="124" /><ent r="3" t="0" w="158" /><ent r="3" t="11" w="124" /><ent r="3" t="25" w="229" /><ent r="4" t="27" w="266" /><ent r="3" t="28" w="14" /><ent r="4" t="28" w="45" /><ent r="4" t="28" w="50" /><ent r="4" t="28" w="54" /><ent r="4" t="28" w="58" /><ent r="4" t="28" w="67" /><ent r="3" t="29" w="91" /><ent r="3" t="30" w="24" /><ent r="3" t="30" w="41" /><ent r="3" t="30" w="130" /><ent r="3" t="30" w="211" /><ent r="3" t="30" w="344" /><ent r="3" t="30" w="354" /><ent r="3" t="31" w="24" /><ent r="3" t="31" w="37" /><ent r="3" t="31" w="63" /><ent r="3" t="31" w="413" /><ent r="3" t="31" w="525" /><ent r="3" t="31" w="544" /><ent r="3" t="31" w="673" /><ent r="3" t="31" w="695" /><ent r="3" t="31" w="871" /><ent r="3" t="31" w="1041" /><ent r="3" t="31" w="1115" /><ent r="4" t="31" w="1301" /><ent r="3" t="35" w="11" /><ent r="3" t="35" w="53" /><ent r="3" t="35" w="58" /><ent r="4" t="35" w="122" /><ent r="4" t="42" w="68" /><ent r="3" t="43" w="62" /><ent r="3" t="49" w="55" /><ent r="3" t="49" w="181" /><ent r="3" t="50" w="39" /><ent r="3" t="50" w="58" /><ent r="3" t="50" w="62" /><ent r="3" t="58" w="98" /><ent r="3" t="58" w="101" /><ent r="3" t="59" w="53" /><ent r="3" t="59" w="62" /><ent r="3" t="59" w="69" /><ent r="3" t="59" w="78" /><ent r="3" t="60" w="406" /><ent r="3" t="60" w="669" /><ent r="3" t="60" w="764" /><ent r="3" t="60" w="766" /><ent r="3" t="60" w="808" /><ent r="3" t="60" w="951" /><ent r="3" t="60" w="990" /><ent r="3" t="60" w="1029" /><ent r="3" t="60" w="1064" /><ent r="3" t="61" w="75" /><ent r="3" t="61" w="799" /><ent r="6" t="62" w="243" /><ent r="6" t="62" w="246" /><ent r="3" t="63" w="150" /><ent r="3" t="64" w="30" /><ent r="3" t="66" w="36" /><ent r="4098" t="67" w="213" /><ent r="3" t="67" w="310" /><ent r="4" t="69" w="66" /><ent r="4" t="69" w="659" /><ent r="4" t="69" w="675" /><ent r="4" t="69" w="854" /><ent r="4" t="69" w="875" /><ent r="4" t="69" w="896" /><ent r="4" t="69" w="941" /></phr><phr n="formatting"><ent r="3" t="35" w="18" /></phr><phr n="formatted"><ent r="4" t="39" w="134" /></phr></stem><stem n="jpeg"><phr n="jpeg"><ent r="3" t="0" w="86" /><ent r="3" t="0" w="272" /><ent r="3" t="0" w="274" /><ent r="3" t="0" w="296" /><ent r="3" t="1" w="18" /><ent r="3" t="1" w="96" /><ent r="3" t="1" w="100" /><ent r="3" t="1" w="138" /><ent r="3" t="1" w="152" /><ent r="3" t="1" w="192" /><ent r="6" t="7" w="76" /><ent r="3" t="8" w="63" /><ent r="4" t="10" w="141" /><ent r="3" t="10" w="274" /><ent r="3" t="10" w="297" /><ent r="3" t="12" w="296" /><ent r="3" t="20" w="79" /><ent r="4" t="28" w="57" /><ent r="4" t="28" w="61" /><ent r="4" t="28" w="62" /><ent r="268435456" t="33" w="1" /><ent r="4096" t="33" w="4" /><ent r="16777218" t="33" w="7" /><ent r="3" t="33" w="10" /><ent r="3" t="33" w="16" /><ent r="3" t="33" w="20" /><ent r="3" t="33" w="41" /><ent r="3" t="33" w="73" /><ent r="3" t="33" w="78" /><ent r="3" t="33" w="91" /><ent r="3" t="33" w="114" /><ent r="3" t="33" w="118" /><ent r="3" t="33" w="129" /><ent r="4" t="33" w="164" /><ent r="268435456" t="34" w="1" /><ent r="4096" t="34" w="4" /><ent r="4096" t="34" w="9" /><ent r="1048578" t="34" w="14" /><ent r="3" t="34" w="21" /><ent r="3" t="34" w="35" /><ent r="3" t="34" w="58" /><ent r="4" t="35" w="77" /><ent r="4" t="35" w="78" /><ent r="4" t="36" w="59" /><ent r="4" t="36" w="60" /><ent r="4" t="36" w="65" /><ent r="3" t="42" w="44" /><ent r="4" t="42" w="56" /><ent r="3" t="43" w="18" /><ent r="3" t="49" w="180" /><ent r="3" t="50" w="14" /><ent r="3" t="50" w="192" /><ent r="3" t="50" w="288" /><ent r="3" t="51" w="21" /><ent r="4" t="52" w="56" /><ent r="268435456" t="60" w="3" /><ent r="1048578" t="60" w="7" /><ent r="4096" t="60" w="11" /><ent r="4096" t="60" w="17" /><ent r="4096" t="60" w="23" /><ent r="4" t="60" w="32" /><ent r="3" t="60" w="39" /><ent r="3" t="60" w="153" /><ent r="3" t="60" w="233" /><ent r="3" t="61" w="791" /><ent r="3" t="61" w="795" /><ent r="3" t="62" w="14" /><ent r="6" t="62" w="250" /><ent r="3" t="62" w="833" /><ent r="4098" t="67" w="34" /><ent r="3" t="67" w="75" /><ent r="3" t="67" w="81" /><ent r="3" t="67" w="110" /><ent r="3" t="67" w="140" /><ent r="3" t="67" w="308" /><ent r="4" t="69" w="360" /><ent r="4" t="69" w="369" /><ent r="4" t="69" w="382" /><ent r="3" t="69" w="655" /><ent r="4" t="69" w="663" /><ent r="5" t="69" w="667" /><ent r="3" t="69" w="669" /><ent r="4" t="69" w="683" /><ent r="5" t="69" w="688" /></phr></stem><stem n="2000"><phr n="2000"><ent r="3" t="0" w="87" /><ent r="3" t="0" w="273" /><ent r="3" t="0" w="275" /><ent r="3" t="0" w="297" /><ent r="3" t="1" w="19" /><ent r="3" t="1" w="97" /><ent r="3" t="1" w="101" /><ent r="3" t="1" w="139" /><ent r="3" t="1" w="153" /><ent r="3" t="8" w="64" /><ent r="4" t="10" w="142" /><ent r="3" t="10" w="275" /><ent r="3" t="12" w="297" /><ent r="3" t="20" w="80" /><ent r="4" t="28" w="63" /><ent r="268435456" t="33" w="2" /><ent r="4096" t="33" w="5" /><ent r="16777218" t="33" w="8" /><ent r="3" t="33" w="11" /><ent r="3" t="33" w="42" /><ent r="3" t="33" w="74" /><ent r="3" t="33" w="79" /><ent r="3" t="33" w="92" /><ent r="3" t="33" w="115" /><ent r="3" t="33" w="119" /><ent r="3" t="33" w="130" /><ent r="4" t="33" w="165" /><ent r="268435456" t="34" w="2" /><ent r="4096" t="34" w="5" /><ent r="4096" t="34" w="10" /><ent r="1048578" t="34" w="15" /><ent r="3" t="34" w="22" /><ent r="3" t="34" w="36" /><ent r="4" t="35" w="79" /><ent r="4" t="36" w="61" /><ent r="3" t="42" w="45" /><ent r="4" t="42" w="57" /><ent r="3" t="43" w="19" /><ent r="3" t="50" w="15" /><ent r="3" t="50" w="193" /><ent r="3" t="50" w="289" /><ent r="3" t="51" w="22" /><ent r="4" t="52" w="57" /><ent r="268435456" t="60" w="4" /><ent r="1048578" t="60" w="8" /><ent r="4096" t="60" w="12" /><ent r="4096" t="60" w="18" /><ent r="4096" t="60" w="24" /><ent r="4" t="60" w="33" /><ent r="3" t="60" w="40" /><ent r="3" t="60" w="154" /><ent r="3" t="60" w="234" /><ent r="3" t="61" w="792" /><ent r="3" t="61" w="796" /><ent r="3" t="62" w="15" /><ent r="6" t="62" w="251" /><ent r="3" t="62" w="834" /><ent r="4098" t="67" w="35" /><ent r="3" t="67" w="82" /><ent r="3" t="67" w="111" /><ent r="3" t="67" w="141" /><ent r="3" t="67" w="309" /><ent r="5" t="69" w="668" /><ent r="3" t="69" w="670" /><ent r="4" t="69" w="684" /></phr></stem><stem n="common"><phr n="common"><ent r="3" t="0" w="88" /><ent r="3" t="1" w="182" /><ent r="3" t="1" w="200" /><ent r="3" t="1" w="232" /><ent r="4" t="7" w="27" /><ent r="4" t="16" w="69" /><ent r="3" t="22" w="103" /><ent r="4" t="31" w="243" /><ent r="3" t="31" w="395" /><ent r="3" t="35" w="42" /><ent r="3" t="39" w="36" /><ent r="4" t="47" w="25" /><ent r="268435456" t="48" w="2" /><ent r="4096" t="48" w="7" /><ent r="1048578" t="48" w="10" /><ent r="3" t="48" w="14" /><ent r="4" t="54" w="450" /><ent r="3" t="56" w="48" /><ent r="3" t="59" w="66" /><ent r="3" t="60" w="554" /><ent r="3" t="61" w="173" /><ent r="3" t="61" w="491" /><ent r="3" t="63" w="76" /><ent r="4" t="69" w="1036" /></phr></stem><stem n="doe"><phr n="does"><ent r="3" t="0" w="94" /><ent r="4" t="10" w="382" /><ent r="4" t="10" w="391" /><ent r="3" t="14" w="125" /><ent r="3" t="23" w="87" /><ent r="4" t="27" w="32" /><ent r="3" t="30" w="57" /><ent r="4" t="30" w="267" /><ent r="4" t="30" w="272" /><ent r="4" t="30" w="276" /><ent r="4" t="30" w="281" /><ent r="3" t="31" w="1003" /><ent r="3" t="31" w="1265" /><ent r="3" t="37" w="332" /><ent r="3" t="48" w="44" /><ent r="3" t="48" w="54" /><ent r="3" t="54" w="44" /><ent r="4" t="54" w="236" /><ent r="3" t="61" w="26" /><ent r="3" t="61" w="135" /><ent r="3" t="61" w="383" /><ent r="3" t="64" w="128" /><ent r="3" t="64" w="146" /><ent r="3" t="64" w="332" /><ent r="4" t="69" w="859" /></phr></stem><stem n="support"><phr n="support"><ent r="3" t="0" w="95" /><ent r="3" t="0" w="102" /><ent r="3" t="0" w="130" /><ent r="3" t="0" w="218" /><ent r="3" t="0" w="307" /><ent r="3" t="1" w="71" /><ent r="3" t="1" w="75" /><ent r="3" t="1" w="98" /><ent r="3" t="1" w="110" /><ent r="3" t="1" w="114" /><ent r="3" t="1" w="125" /><ent r="3" t="1" w="128" /><ent r="3" t="1" w="179" /><ent r="3" t="4" w="37" /><ent r="4" t="4" w="88" /><ent r="268435456" t="8" w="2" /><ent r="1048578" t="8" w="4" /><ent r="4096" t="8" w="6" /><ent r="4" t="8" w="33" /><ent r="3" t="8" w="60" /><ent r="3" t="8" w="77" /><ent r="3" t="8" w="119" /><ent r="3" t="8" w="133" /><ent r="3" t="8" w="143" /><ent r="4" t="8" w="148" /><ent r="3" t="8" w="151" /><ent r="4096" t="8" w="184" /><ent r="3" t="12" w="292" /><ent r="3" t="12" w="303" /><ent r="268435456" t="15" w="1" /><ent r="4096" t="15" w="4" /><ent r="4096" t="15" w="5" /><ent r="16777218" t="15" w="7" /><ent r="4" t="19" w="95" /><ent r="3" t="20" w="17" /><ent r="3" t="22" w="16" /><ent r="3" t="24" w="44" /><ent r="3" t="28" w="28" /><ent r="268435456" t="29" w="2" /><ent r="4096" t="29" w="4" /><ent r="16777218" t="29" w="6" /><ent r="3" t="29" w="96" /><ent r="3" t="30" w="58" /><ent r="4" t="30" w="171" /><ent r="4" t="30" w="174" /><ent r="4" t="30" w="181" /><ent r="3" t="30" w="182" /><ent r="3" t="30" w="213" /><ent r="4" t="30" w="268" /><ent r="4" t="30" w="273" /><ent r="4" t="30" w="277" /><ent r="4" t="30" w="282" /><ent r="4" t="30" w="299" /><ent r="3" t="30" w="352" /><ent r="3" t="31" w="43" /><ent r="3" t="31" w="102" /><ent r="3" t="31" w="127" /><ent r="3" t="31" w="410" /><ent r="3" t="31" w="747" /><ent r="258" t="31" w="764" /><ent r="3" t="31" w="866" /><ent r="268435456" t="33" w="3" /><ent r="4096" t="33" w="6" /><ent r="16777218" t="33" w="9" /><ent r="3" t="33" w="54" /><ent r="268435456" t="35" w="2" /><ent r="4096" t="35" w="4" /><ent r="16777218" t="35" w="7" /><ent r="4" t="35" w="74" /><ent r="4" t="35" w="81" /><ent r="4" t="35" w="87" /><ent r="268435456" t="38" w="2" /><ent r="4096" t="38" w="4" /><ent r="16777218" t="38" w="6" /><ent r="3" t="42" w="42" /><ent r="4" t="42" w="54" /><ent r="4" t="42" w="82" /><ent r="4" t="42" w="86" /><ent r="4" t="42" w="131" /><ent r="4" t="42" w="133" /><ent r="4" t="42" w="135" /><ent r="268435456" t="43" w="2" /><ent r="4096" t="43" w="4" /><ent r="4096" t="43" w="10" /><ent r="1048578" t="43" w="12" /><ent r="268435456" t="44" w="2" /><ent r="4096" t="44" w="4" /><ent r="4096" t="44" w="10" /><ent r="1048578" t="44" w="12" /><ent r="268435456" t="45" w="2" /><ent r="4096" t="45" w="4" /><ent r="4096" t="45" w="10" /><ent r="1048578" t="45" w="12" /><ent r="3" t="53" w="55" /><ent r="3" t="58" w="93" /><ent r="4" t="59" w="760" /><ent r="3" t="61" w="29" /><ent r="3" t="61" w="46" /><ent r="258" t="61" w="66" /><ent r="3" t="61" w="79" /><ent r="3" t="61" w="452" /><ent r="258" t="61" w="497" /><ent r="3" t="61" w="783" /><ent r="3" t="64" w="147" /><ent r="3" t="64" w="154" /><ent r="4" t="69" w="860" /><ent r="4" t="69" w="902" /></phr><phr n="supports"><ent r="3" t="0" w="109" /><ent r="3" t="0" w="234" /><ent r="3" t="1" w="132" /><ent r="3" t="11" w="138" /><ent r="3" t="25" w="257" /><ent r="3" t="30" w="49" /><ent r="4" t="30" w="289" /><ent r="4" t="30" w="294" /><ent r="3" t="31" w="25" /><ent r="3" t="31" w="85" /><ent r="3" t="31" w="142" /><ent r="3" t="31" w="151" /><ent r="3" t="32" w="20" /><ent r="3" t="32" w="44" /><ent r="3" t="33" w="108" /><ent r="3" t="34" w="26" /><ent r="3" t="35" w="67" /><ent r="4" t="36" w="83" /><ent r="3" t="40" w="13" /><ent r="3" t="57" w="546" /><ent r="3" t="59" w="81" /><ent r="3" t="59" w="89" /><ent r="3" t="61" w="555" /><ent r="3" t="61" w="643" /><ent r="3" t="67" w="67" /><ent r="4" t="69" w="660" /><ent r="4" t="69" w="877" /><ent r="4" t="69" w="898" /><ent r="4" t="69" w="903" /></phr><phr n="supporting"><ent r="3" t="0" w="120" /><ent r="3" t="25" w="230" /><ent r="3" t="31" w="33" /></phr><phr n="supported"><ent r="3" t="5" w="19" /><ent r="3" t="5" w="228" /><ent r="3" t="12" w="119" /><ent r="4" t="23" w="49" /><ent r="3" t="24" w="89" /><ent r="4" t="27" w="72" /><ent r="3" t="30" w="262" /><ent r="3" t="35" w="45" /><ent r="3" t="35" w="95" /><ent r="3" t="35" w="138" /><ent r="4" t="36" w="63" /><ent r="4" t="36" w="70" /><ent r="4" t="36" w="75" /><ent r="4" t="36" w="98" /><ent r="4" t="36" w="101" /><ent r="4" t="36" w="115" /><ent r="3" t="49" w="20" /><ent r="3" t="51" w="17" /><ent r="3" t="51" w="54" /><ent r="3" t="59" w="161" /><ent r="3" t="59" w="167" /><ent r="3" t="59" w="172" /><ent r="3" t="59" w="177" /><ent r="3" t="59" w="532" /><ent r="3" t="59" w="649" /><ent r="3" t="59" w="738" /><ent r="3" t="59" w="741" /><ent r="3" t="60" w="334" /></phr></stem><stem n="sid"><phr n="sid"><ent r="3" t="0" w="97" /><ent r="4" t="49" w="51" /><ent r="4" t="49" w="148" /><ent r="3" t="49" w="151" /><ent r="3" t="50" w="265" /><ent r="3" t="50" w="277" /><ent r="3" t="51" w="49" /><ent r="4" t="58" w="71" /></phr></stem><stem n="jp2"><phr n="jp2"><ent r="3" t="0" w="98" /><ent r="6" t="7" w="32" /><ent r="3" t="10" w="289" /><ent r="4" t="49" w="49" /><ent r="3" t="49" w="119" /><ent r="3" t="50" w="294" /><ent r="3" t="50" w="316" /><ent r="3" t="53" w="22" /><ent r="3" t="53" w="222" /><ent r="3" t="53" w="224" /><ent r="4" t="53" w="270" /><ent r="3" t="60" w="312" /><ent r="3" t="60" w="326" /><ent r="3" t="60" w="442" /><ent r="3" t="60" w="483" /><ent r="3" t="60" w="500" /><ent r="3" t="60" w="578" /></phr></stem></index>