<?xml version="1.0" encoding="utf-8"?><index><stem n="georeferenc"><phr n="georeferenced"><ent r="3" t="1" w="140" /><ent r="3" t="31" w="757" /></phr><phr n="georeferencing"><ent r="4" t="35" w="174" /><ent r="3" t="49" w="124" /><ent r="4" t="52" w="58" /><ent r="3" t="58" w="20" /><ent r="3" t="58" w="26" /><ent r="3" t="58" w="31" /><ent r="3" t="58" w="96" /><ent r="3" t="59" w="321" /><ent r="3" t="59" w="359" /><ent r="3" t="59" w="431" /><ent r="3" t="59" w="441" /><ent r="3" t="59" w="455" /><ent r="3" t="59" w="464" /><ent r="3" t="59" w="477" /><ent r="3" t="59" w="487" /><ent r="3" t="59" w="524" /><ent r="3" t="59" w="545" /><ent r="3" t="59" w="561" /><ent r="3" t="59" w="592" /><ent r="3" t="59" w="609" /><ent r="4" t="60" w="907" /><ent r="268435456" t="61" w="1" /><ent r="4096" t="61" w="4" /><ent r="4096" t="61" w="8" /><ent r="4096" t="61" w="11" /><ent r="1048578" t="61" w="14" /><ent r="3" t="61" w="22" /><ent r="3" t="61" w="78" /><ent r="3" t="61" w="669" /><ent r="6" t="61" w="724" /><ent r="6" t="61" w="727" /><ent r="6" t="61" w="765" /><ent r="3" t="61" w="810" /><ent r="6" t="62" w="381" /><ent r="6" t="62" w="389" /><ent r="6" t="62" w="404" /><ent r="3" t="63" w="89" /><ent r="3" t="63" w="183" /><ent r="5" t="69" w="1116" /></phr></stem><stem n="simpl"><phr n="simple"><ent r="3" t="1" w="143" /><ent r="3" t="1" w="159" /><ent r="3" t="10" w="209" /><ent r="3" t="19" w="141" /><ent r="3" t="19" w="147" /><ent r="3" t="22" w="54" /><ent r="4" t="23" w="46" /><ent r="3" t="27" w="18" /><ent r="3" t="27" w="313" /><ent r="3" t="28" w="86" /><ent r="3" t="31" w="1191" /><ent r="4" t="36" w="58" /><ent r="3" t="42" w="40" /><ent r="3" t="43" w="91" /><ent r="3" t="47" w="10" /><ent r="3" t="51" w="11" /><ent r="4" t="54" w="691" /><ent r="3" t="58" w="15" /><ent r="3" t="59" w="124" /><ent r="3" t="60" w="324" /><ent r="3" t="60" w="380" /><ent r="3" t="60" w="768" /><ent r="3" t="64" w="152" /></phr></stem><stem n="c"><phr n="c"><ent r="3" t="1" w="144" /><ent r="3" t="1" w="160" /><ent r="3" t="1" w="166" /><ent r="4096" t="16" w="9" /><ent r="3" t="16" w="16" /><ent r="3" t="16" w="30" /><ent r="268435456" t="42" w="1" /><ent r="4096" t="42" w="3" /><ent r="16777218" t="42" w="5" /><ent r="3" t="42" w="32" /><ent r="3" t="42" w="48" /><ent r="3" t="42" w="73" /><ent r="3" t="42" w="90" /><ent r="3" t="42" w="99" /><ent r="3" t="42" w="109" /><ent r="4096" t="43" w="5" /><ent r="4096" t="43" w="7" /><ent r="3" t="43" w="45" /><ent r="4096" t="44" w="5" /><ent r="4096" t="44" w="7" /><ent r="3" t="44" w="72" /><ent r="4096" t="45" w="5" /><ent r="4096" t="45" w="7" /><ent r="4096" t="46" w="3" /><ent r="4096" t="46" w="5" /><ent r="3" t="46" w="37" /><ent r="3" t="51" w="46" /><ent r="3" t="64" w="212" /><ent r="3" t="64" w="226" /></phr></stem><stem n="api"><phr n="api"><ent r="3" t="1" w="145" /><ent r="3" t="1" w="161" /><ent r="3" t="1" w="167" /><ent r="5" t="5" w="383" /><ent r="268435456" t="42" w="2" /><ent r="4096" t="42" w="4" /><ent r="16777218" t="42" w="6" /><ent r="3" t="42" w="34" /><ent r="3" t="42" w="49" /><ent r="3" t="42" w="74" /><ent r="3" t="42" w="91" /><ent r="3" t="42" w="95" /><ent r="3" t="42" w="110" /><ent r="4096" t="43" w="6" /><ent r="4096" t="43" w="8" /><ent r="3" t="43" w="46" /><ent r="4096" t="44" w="6" /><ent r="4096" t="44" w="8" /><ent r="3" t="44" w="47" /><ent r="3" t="44" w="73" /><ent r="4096" t="45" w="6" /><ent r="4096" t="45" w="8" /><ent r="4096" t="46" w="4" /><ent r="4096" t="46" w="6" /></phr></stem><stem n="those"><phr n="those"><ent r="3" t="1" w="146" /><ent r="3" t="31" w="446" /><ent r="3" t="31" w="1141" /><ent r="3" t="39" w="35" /><ent r="3" t="57" w="43" /><ent r="4" t="62" w="446" /><ent r="3" t="68" w="34" /><ent r="4" t="69" w="476" /></phr></stem><stem n="want"><phr n="want"><ent r="3" t="1" w="148" /><ent r="3" t="13" w="40" /><ent r="3" t="13" w="49" /><ent r="3" t="17" w="25" /><ent r="3" t="31" w="131" /><ent r="4" t="56" w="21" /><ent r="3" t="57" w="564" /><ent r="3" t="60" w="260" /><ent r="3" t="64" w="324" /></phr></stem><stem n="rudimentari"><phr n="rudimentary"><ent r="3" t="1" w="149" /></phr></stem><stem n="interfac"><phr n="interface"><ent r="3" t="1" w="158" /><ent r="3" t="19" w="15" /><ent r="3" t="19" w="41" /><ent r="3" t="19" w="85" /><ent r="3" t="32" w="37" /><ent r="4" t="54" w="469" /><ent r="4" t="54" w="478" /><ent r="3" t="55" w="19" /><ent r="3" t="55" w="28" /><ent r="3" t="63" w="31" /><ent r="4" t="69" w="1204" /></phr><phr n="interfaces"><ent r="3" t="1" w="264" /><ent r="3" t="4" w="54" /><ent r="3" t="19" w="39" /><ent r="3" t="46" w="38" /><ent r="4" t="54" w="717" /></phr></stem><stem n="limit"><phr n="limited"><ent r="3" t="1" w="164" /><ent r="3" t="61" w="773" /><ent r="4" t="69" w="856" /></phr><phr n="limiting"><ent r="3" t="32" w="81" /></phr><phr n="limits"><ent r="3" t="53" w="139" /><ent r="3" t="53" w="150" /></phr></stem><stem n="properti"><phr n="properties"><ent r="3" t="1" w="172" /><ent r="6" t="7" w="61" /><ent r="4" t="10" w="113" /><ent r="4" t="10" w="341" /><ent r="4" t="10" w="395" /><ent r="3" t="12" w="21" /><ent r="3" t="22" w="25" /><ent r="3" t="22" w="36" /><ent r="3" t="22" w="67" /><ent r="3" t="23" w="28" /><ent r="3" t="24" w="62" /><ent r="3" t="25" w="28" /><ent r="3" t="25" w="44" /><ent r="4" t="27" w="288" /><ent r="3" t="31" w="713" /><ent r="3" t="39" w="15" /><ent r="3" t="43" w="82" /><ent r="4" t="54" w="464" /><ent r="4" t="54" w="490" /><ent r="3" t="55" w="14" /><ent r="3" t="55" w="40" /><ent r="3" t="55" w="100" /><ent r="3" t="59" w="29" /><ent r="3" t="60" w="435" /><ent r="3" t="60" w="441" /><ent r="3" t="60" w="445" /><ent r="3" t="60" w="452" /><ent r="3" t="60" w="463" /><ent r="3" t="60" w="787" /><ent r="3" t="60" w="818" /><ent r="3" t="60" w="961" /><ent r="3" t="60" w="1000" /><ent r="3" t="60" w="1039" /><ent r="3" t="64" w="353" /><ent r="4" t="69" w="827" /><ent r="4" t="69" w="836" /></phr><phr n="property"><ent r="3" t="68" w="77" /><ent r="4" t="69" w="23" /><ent r="4" t="69" w="988" /></phr></stem><stem n="writer"><phr n="writers"><ent r="3" t="1" w="176" /><ent r="4096" t="10" w="51" /><ent r="4" t="10" w="381" /><ent r="3" t="11" w="198" /><ent r="3" t="20" w="73" /><ent r="4" t="20" w="97" /><ent r="3" t="23" w="112" /><ent r="268435456" t="24" w="3" /><ent r="4096" t="24" w="6" /><ent r="4096" t="24" w="8" /><ent r="1048578" t="24" w="12" /><ent r="3" t="24" w="15" /><ent r="268435456" t="26" w="4" /><ent r="4096" t="26" w="8" /><ent r="16777218" t="26" w="12" /><ent r="4" t="26" w="22" /><ent r="4" t="26" w="34" /><ent r="268435456" t="28" w="2" /><ent r="4096" t="28" w="4" /><ent r="1048578" t="28" w="6" /><ent r="3" t="28" w="15" /><ent r="3" t="28" w="36" /><ent r="3" t="28" w="75" /><ent r="4096" t="32" w="4" /><ent r="4096" t="34" w="8" /><ent r="4096" t="36" w="6" /><ent r="4" t="42" w="81" /></phr><phr n="writer"><ent r="5" t="10" w="131" /><ent r="4" t="10" w="133" /><ent r="4" t="10" w="144" /><ent r="3" t="10" w="172" /><ent r="3" t="10" w="276" /><ent r="3" t="10" w="290" /><ent r="3" t="20" w="14" /><ent r="3" t="24" w="26" /><ent r="3" t="24" w="76" /><ent r="3" t="28" w="87" /><ent r="3" t="58" w="91" /><ent r="3" t="59" w="651" /><ent r="3" t="60" w="426" /><ent r="3" t="63" w="129" /></phr></stem><stem n="number"><phr n="number"><ent r="3" t="1" w="181" /><ent r="3" t="1" w="199" /><ent r="3" t="1" w="227" /><ent r="3" t="3" w="94" /><ent r="3" t="3" w="111" /><ent r="3" t="7" w="8" /><ent r="6" t="7" w="52" /><ent r="3" t="13" w="27" /><ent r="3" t="13" w="33" /><ent r="3" t="13" w="36" /><ent r="3" t="13" w="42" /><ent r="3" t="13" w="46" /><ent r="3" t="13" w="56" /><ent r="3" t="19" w="71" /><ent r="3" t="21" w="12" /><ent r="3" t="22" w="9" /><ent r="3" t="22" w="138" /><ent r="4" t="23" w="35" /><ent r="3" t="31" w="920" /><ent r="3" t="31" w="1005" /><ent r="3" t="32" w="136" /><ent r="3" t="34" w="27" /><ent r="3" t="37" w="61" /><ent r="4" t="39" w="21" /><ent r="4" t="39" w="63" /><ent r="4" t="39" w="84" /><ent r="4" t="39" w="94" /><ent r="4" t="39" w="111" /><ent r="3" t="39" w="158" /><ent r="3" t="40" w="31" /><ent r="3" t="45" w="22" /><ent r="3" t="48" w="73" /><ent r="3" t="48" w="85" /><ent r="3" t="50" w="71" /><ent r="3" t="50" w="83" /><ent r="3" t="50" w="199" /><ent r="4" t="53" w="36" /><ent r="3" t="53" w="41" /><ent r="3" t="53" w="49" /><ent r="3" t="53" w="56" /><ent r="3" t="53" w="65" /><ent r="3" t="53" w="76" /><ent r="3" t="53" w="115" /><ent r="3" t="53" w="155" /><ent r="3" t="53" w="186" /><ent r="3" t="53" w="192" /><ent r="3" t="53" w="197" /><ent r="4" t="57" w="214" /><ent r="4" t="57" w="224" /><ent r="4" t="57" w="228" /><ent r="4" t="57" w="260" /><ent r="4" t="57" w="264" /><ent r="4" t="57" w="276" /><ent r="4" t="57" w="304" /><ent r="4" t="57" w="309" /><ent r="4" t="57" w="313" /><ent r="4" t="57" w="355" /><ent r="3" t="59" w="206" /><ent r="3" t="59" w="353" /><ent r="3" t="59" w="366" /><ent r="3" t="59" w="378" /><ent r="3" t="59" w="387" /><ent r="3" t="59" w="393" /><ent r="3" t="59" w="454" /><ent r="3" t="59" w="495" /><ent r="3" t="59" w="514" /><ent r="3" t="59" w="574" /><ent r="3" t="59" w="689" /><ent r="3" t="60" w="489" /><ent r="3" t="60" w="646" /><ent r="3" t="60" w="737" /><ent r="3" t="61" w="234" /><ent r="6" t="61" w="738" /><ent r="6" t="62" w="127" /><ent r="6" t="62" w="303" /><ent r="6" t="62" w="601" /><ent r="6" t="62" w="746" /><ent r="6" t="62" w="763" /><ent r="6" t="62" w="767" /><ent r="6" t="62" w="783" /><ent r="6" t="62" w="787" /><ent r="3" t="67" w="123" /><ent r="4" t="69" w="51" /><ent r="4" t="69" w="1009" /><ent r="4" t="69" w="1012" /><ent r="4" t="69" w="1221" /></phr><phr n="numbers"><ent r="3" t="31" w="946" /><ent r="3" t="60" w="683" /><ent r="3" t="60" w="689" /><ent r="3" t="61" w="124" /></phr><phr n="numbered"><ent r="3" t="48" w="92" /></phr><phr n="numbering"><ent r="3" t="61" w="237" /></phr></stem><stem n="bip"><phr n="bip"><ent r="3" t="1" w="186" /><ent r="6" t="7" w="96" /><ent r="3" t="10" w="225" /><ent r="3" t="24" w="45" /><ent r="4" t="25" w="267" /><ent r="4" t="25" w="275" /><ent r="4" t="25" w="283" /><ent r="4" t="25" w="291" /><ent r="4" t="28" w="41" /><ent r="4" t="50" w="46" /><ent r="3" t="59" w="39" /><ent r="4" t="59" w="93" /><ent r="3" t="59" w="101" /><ent r="3" t="59" w="103" /><ent r="3" t="59" w="110" /><ent r="4" t="59" w="342" /><ent r="4" t="59" w="347" /><ent r="4" t="59" w="672" /><ent r="3" t="59" w="743" /><ent r="4" t="59" w="759" /><ent r="4" t="69" w="70" /><ent r="3" t="69" w="144" /><ent r="4" t="69" w="175" /><ent r="4" t="69" w="213" /></phr></stem><stem n="bil"><phr n="bil"><ent r="3" t="1" w="187" /><ent r="3" t="10" w="226" /><ent r="3" t="24" w="46" /><ent r="4" t="28" w="42" /><ent r="4" t="50" w="48" /><ent r="3" t="59" w="43" /><ent r="3" t="59" w="46" /><ent r="4" t="59" w="94" /><ent r="3" t="59" w="102" /><ent r="4" t="59" w="343" /><ent r="4" t="59" w="673" /><ent r="3" t="59" w="744" /><ent r="4" t="69" w="71" /><ent r="3" t="69" w="73" /><ent r="4" t="69" w="104" /><ent r="4" t="69" w="142" /></phr></stem><stem n="bsq"><phr n="bsq"><ent r="3" t="1" w="188" /><ent r="6" t="7" w="88" /><ent r="6" t="7" w="95" /><ent r="3" t="10" w="227" /><ent r="3" t="11" w="123" /><ent r="3" t="24" w="47" /><ent r="3" t="25" w="228" /><ent r="4" t="25" w="266" /><ent r="4" t="25" w="274" /><ent r="4" t="25" w="282" /><ent r="4" t="25" w="290" /><ent r="3" t="25" w="314" /><ent r="3" t="25" w="321" /><ent r="4" t="28" w="43" /><ent r="4" t="42" w="67" /><ent r="3" t="44" w="68" /><ent r="4" t="50" w="50" /><ent r="3" t="50" w="156" /><ent r="3" t="50" w="158" /><ent r="4" t="59" w="95" /><ent r="4" t="59" w="344" /><ent r="4" t="59" w="674" /><ent r="3" t="59" w="745" /><ent r="4" t="69" w="72" /><ent r="3" t="69" w="215" /><ent r="4" t="69" w="245" /><ent r="4" t="69" w="283" /></phr></stem><stem n="raw"><phr n="raw"><ent r="3" t="1" w="189" /><ent r="6" t="7" w="69" /><ent r="3" t="10" w="222" /><ent r="3" t="10" w="240" /><ent r="3" t="10" w="258" /><ent r="4" t="20" w="95" /><ent r="268435456" t="24" w="1" /><ent r="4096" t="24" w="4" /><ent r="4096" t="24" w="9" /><ent r="1048578" t="24" w="10" /><ent r="3" t="24" w="24" /><ent r="3" t="24" w="31" /><ent r="3" t="24" w="74" /><ent r="3" t="24" w="85" /><ent r="4" t="28" w="44" /><ent r="4" t="36" w="57" /><ent r="3" t="59" w="21" /><ent r="3" t="59" w="30" /><ent r="3" t="59" w="57" /><ent r="3" t="59" w="510" /><ent r="3" t="67" w="230" /><ent r="3" t="67" w="268" /><ent r="4" t="69" w="67" /><ent r="4" t="69" w="365" /></phr></stem><stem n="window"><phr n="windows"><ent r="3" t="1" w="190" /><ent r="3" t="1" w="240" /><ent r="3" t="1" w="246" /><ent r="3" t="5" w="45" /><ent r="4096" t="5" w="48" /><ent r="5" t="5" w="57" /><ent r="5" t="5" w="63" /><ent r="5" t="5" w="82" /><ent r="5" t="5" w="88" /><ent r="5" t="5" w="107" /><ent r="5" t="5" w="113" /><ent r="5" t="5" w="130" /><ent r="5" t="5" w="136" /><ent r="3" t="18" w="11" /><ent r="4" t="28" w="48" /><ent r="3" t="50" w="610" /><ent r="3" t="51" w="12" /><ent r="3" t="51" w="26" /><ent r="3" t="60" w="724" /></phr><phr n="windowed"><ent r="3" t="11" w="142" /></phr><phr n="window"><ent r="3" t="25" w="147" /><ent r="3" t="25" w="188" /><ent r="3" t="25" w="310" /><ent r="3" t="50" w="347" /><ent r="3" t="50" w="349" /><ent r="3" t="50" w="361" /><ent r="3" t="50" w="616" /><ent r="3" t="50" w="642" /><ent r="3" t="50" w="732" /><ent r="3" t="50" w="746" /><ent r="3" t="50" w="850" /><ent r="4" t="69" w="436" /><ent r="4" t="69" w="450" /><ent r="4" t="69" w="466" /></phr></stem><stem n="bmp"><phr n="bmp"><ent r="3" t="1" w="191" /><ent r="4" t="28" w="49" /><ent r="4" t="49" w="45" /><ent r="4" t="50" w="52" /></phr></stem><stem n="tiff"><phr n="tiff"><ent r="3" t="1" w="193" /><ent r="6" t="7" w="79" /><ent r="4" t="10" w="71" /><ent r="3" t="10" w="302" /><ent r="4" t="28" w="66" /><ent r="3" t="38" w="43" /><ent r="3" t="49" w="161" /><ent r="3" t="50" w="358" /><ent r="3" t="58" w="57" /><ent r="3" t="60" w="401" /><ent r="3" t="60" w="433" /><ent r="3" t="60" w="450" /><ent r="3" t="60" w="461" /><ent r="3" t="60" w="477" /><ent r="3" t="62" w="27" /></phr></stem><stem n="geotiff"><phr n="geotiff"><ent r="3" t="1" w="194" /><ent r="3" t="10" w="266" /><ent r="3" t="10" w="277" /><ent r="4" t="28" w="53" /><ent r="3" t="31" w="80" /><ent r="3" t="31" w="699" /><ent r="3" t="38" w="44" /><ent r="3" t="50" w="272" /><ent r="3" t="50" w="279" /><ent r="4" t="52" w="54" /><ent r="268435456" t="60" w="1" /><ent r="1048578" t="60" w="5" /><ent r="4096" t="60" w="9" /><ent r="4096" t="60" w="15" /><ent r="4096" t="60" w="21" /><ent r="4" t="60" w="29" /><ent r="3" t="60" w="36" /><ent r="3" t="60" w="147" /><ent r="3" t="60" w="236" /><ent r="3" t="60" w="275" /><ent r="3" t="60" w="279" /><ent r="258" t="60" w="319" /><ent r="3" t="60" w="321" /><ent r="3" t="60" w="335" /><ent r="3" t="60" w="339" /><ent r="3" t="60" w="374" /><ent r="3" t="60" w="417" /><ent r="3" t="60" w="424" /><ent r="3" t="60" w="474" /><ent r="3" t="60" w="485" /><ent r="3" t="60" w="490" /><ent r="3" t="60" w="493" /><ent r="4" t="60" w="925" /><ent r="3" t="60" w="942" /><ent r="3" t="62" w="824" /><ent r="3" t="62" w="827" /><ent r="3" t="67" w="73" /></phr></stem><stem n="filter"><phr n="filter"><ent r="3" t="1" w="202" /><ent r="5" t="10" w="86" /><ent r="4" t="10" w="88" /><ent r="3" t="10" w="168" /><ent r="3" t="10" w="186" /><ent r="3" t="10" w="199" /><ent r="3" t="10" w="216" /><ent r="3" t="10" w="234" /><ent r="3" t="10" w="288" /><ent r="3" t="12" w="313" /><ent r="3" t="14" w="201" /><ent r="3" t="14" w="203" /><ent r="3" t="20" w="15" /><ent r="3" t="23" w="145" /><ent r="3" t="27" w="307" /><ent r="3" t="27" w="314" /><ent r="3" t="40" w="42" /><ent r="3" t="55" w="47" /><ent r="3" t="56" w="55" /><ent r="3" t="56" w="56" /><ent r="3" t="56" w="90" /><ent r="3" t="56" w="96" /><ent r="3" t="56" w="98" /><ent r="3" t="56" w="108" /><ent r="3" t="56" w="117" /><ent r="3" t="61" w="656" /><ent r="3" t="62" w="84" /></phr><phr n="filters"><ent r="4096" t="10" w="49" /><ent r="4" t="10" w="108" /><ent r="4" t="10" w="373" /><ent r="3" t="10" w="438" /><ent r="3" t="12" w="123" /><ent r="3" t="20" w="74" /><ent r="268435456" t="26" w="3" /><ent r="4096" t="26" w="7" /><ent r="16777218" t="26" w="11" /><ent r="4" t="26" w="20" /><ent r="4" t="26" w="32" /><ent r="268435456" t="27" w="2" /><ent r="4096" t="27" w="4" /><ent r="1048578" t="27" w="6" /><ent r="3" t="27" w="301" /><ent r="4" t="42" w="80" /></phr></stem><stem n="crop"><phr n="cropping"><ent r="3" t="1" w="206" /><ent r="3" t="55" w="46" /><ent r="4" t="69" w="1041" /></phr><phr n="crops"><ent r="4" t="27" w="79" /></phr><phr n="crop"><ent r="4" t="27" w="89" /></phr><phr n="cropped"><ent r="4" t="62" w="441" /><ent r="4" t="62" w="445" /></phr></stem><stem n="watermark"><phr n="watermarking"><ent r="3" t="1" w="207" /><ent r="3" t="10" w="295" /><ent r="3" t="10" w="316" /></phr><phr n="watermark"><ent r="3" t="10" w="298" /><ent r="4" t="27" w="272" /><ent r="4" t="27" w="280" /><ent r="3" t="50" w="93" /><ent r="3" t="50" w="98" /><ent r="4" t="62" w="532" /></phr><phr n="watermarked"><ent r="4" t="62" w="531" /></phr></stem><stem n="mosaick"><phr n="mosaicking"><ent r="3" t="1" w="208" /><ent r="3" t="10" w="270" /><ent r="3" t="10" w="287" /><ent r="3" t="30" w="161" /><ent r="4" t="30" w="177" /><ent r="3" t="30" w="225" /><ent r="3" t="31" w="1050" /><ent r="3" t="31" w="1100" /><ent r="3" t="31" w="1144" /><ent r="3" t="64" w="51" /><ent r="3" t="64" w="139" /><ent r="3" t="64" w="261" /><ent r="3" t="64" w="263" /><ent r="3" t="64" w="356" /><ent r="3" t="67" w="169" /><ent r="4" t="69" w="26" /><ent r="4" t="69" w="991" /></phr><phr n="mosaickers"><ent r="4" t="10" w="115" /></phr><phr n="mosaicked"><ent r="4" t="27" w="173" /><ent r="3" t="62" w="58" /><ent r="4" t="62" w="511" /><ent r="3" t="64" w="209" /><ent r="3" t="64" w="306" /></phr></stem><stem n="scale"><phr n="scaling"><ent r="3" t="1" w="209" /><ent r="4" t="27" w="103" /></phr><phr n="scale"><ent r="4" t="10" w="124" /><ent r="3" t="12" w="82" /><ent r="3" t="22" w="150" /><ent r="3" t="30" w="52" /><ent r="3" t="30" w="86" /><ent r="3" t="30" w="91" /><ent r="3" t="31" w="717" /><ent r="3" t="50" w="242" /><ent r="3" t="50" w="245" /><ent r="3" t="50" w="306" /><ent r="3" t="50" w="512" /><ent r="3" t="50" w="566" /><ent r="3" t="50" w="579" /><ent r="3" t="50" w="597" /><ent r="3" t="50" w="638" /><ent r="3" t="50" w="713" /><ent r="3" t="50" w="723" /><ent r="3" t="60" w="840" /><ent r="3" t="60" w="856" /><ent r="4" t="60" w="930" /><ent r="6" t="62" w="331" /><ent r="6" t="62" w="344" /><ent r="4" t="69" w="498" /><ent r="4" t="69" w="512" /><ent r="4" t="69" w="519" /><ent r="4" t="69" w="774" /><ent r="4" t="69" w="794" /><ent r="4" t="69" w="802" /><ent r="5" t="69" w="812" /><ent r="4" t="69" w="1089" /><ent r="5" t="69" w="1108" /><ent r="3" t="69" w="1143" /><ent r="4" t="69" w="1148" /><ent r="4" t="69" w="1338" /><ent r="4" t="69" w="1348" /><ent r="5" t="69" w="1355" /></phr><phr n="scales"><ent r="3" t="12" w="307" /><ent r="4" t="27" w="204" /><ent r="3" t="31" w="917" /><ent r="3" t="31" w="948" /><ent r="4" t="69" w="1164" /></phr><phr n="scaled"><ent r="3" t="50" w="505" /><ent r="3" t="50" w="706" /><ent r="6" t="61" w="732" /><ent r="4" t="62" w="458" /></phr></stem><stem n="rang"><phr n="range"><ent r="3" t="1" w="211" /><ent r="4" t="10" w="129" /><ent r="3" t="10" w="231" /><ent r="3" t="22" w="147" /><ent r="4" t="23" w="44" /><ent r="4" t="23" w="51" /><ent r="4" t="27" w="102" /><ent r="4" t="27" w="188" /><ent r="3" t="30" w="260" /><ent r="4" t="41" w="21" /><ent r="3" t="50" w="122" /><ent r="3" t="50" w="128" /><ent r="3" t="50" w="133" /><ent r="3" t="59" w="251" /><ent r="3" t="59" w="269" /><ent r="3" t="59" w="286" /><ent r="3" t="59" w="302" /><ent r="4" t="59" w="636" /><ent r="3" t="61" w="271" /><ent r="3" t="61" w="307" /><ent r="3" t="61" w="322" /><ent r="6" t="62" w="201" /><ent r="6" t="62" w="217" /><ent r="3" t="67" w="69" /><ent r="3" t="69" w="424" /><ent r="4" t="69" w="425" /><ent r="4" t="69" w="430" /><ent r="4" t="69" w="440" /><ent r="4" t="69" w="448" /><ent r="4" t="69" w="454" /><ent r="4" t="69" w="462" /><ent r="4" t="69" w="487" /><ent r="4" t="69" w="495" /><ent r="4" t="69" w="507" /><ent r="4" t="69" w="514" /></phr></stem><stem n="adjust"><phr n="adjustment"><ent r="3" t="1" w="212" /><ent r="3" t="50" w="134" /></phr><phr n="adjustments"><ent r="3" t="10" w="232" /></phr><phr n="adjusts"><ent r="4" t="27" w="95" /></phr><phr n="adjust"><ent r="3" t="63" w="140" /></phr></stem><stem n="datatyp"><phr n="datatype"><ent r="3" t="1" w="213" /><ent r="4" t="10" w="110" /><ent r="3" t="14" w="50" /><ent r="3" t="14" w="185" /><ent r="3" t="14" w="200" /><ent r="3" t="22" w="27" /><ent r="4" t="23" w="38" /><ent r="4" t="27" w="243" /><ent r="4" t="27" w="262" /><ent r="4" t="27" w="290" /><ent r="3" t="31" w="70" /><ent r="3" t="38" w="20" /><ent r="4" t="39" w="18" /><ent r="4" t="41" w="18" /><ent r="5" t="54" w="168" /><ent r="3" t="59" w="238" /><ent r="4" t="59" w="586" /><ent r="3" t="59" w="732" /><ent r="4" t="60" w="389" /><ent r="6" t="62" w="148" /><ent r="7" t="62" w="181" /><ent r="6" t="62" w="371" /><ent r="4" t="62" w="501" /><ent r="4" t="62" w="503" /><ent r="6" t="62" w="764" /><ent r="6" t="62" w="784" /></phr><phr n="datatypes"><ent r="4" t="16" w="77" /><ent r="3" t="21" w="31" /><ent r="4" t="27" w="115" /><ent r="4096" t="31" w="53" /><ent r="258" t="31" w="55" /><ent r="4" t="36" w="78" /><ent r="4" t="54" w="177" /></phr></stem><stem n="convers"><phr n="conversion"><ent r="3" t="1" w="214" /><ent r="3" t="1" w="216" /><ent r="3" t="14" w="191" /><ent r="4" t="18" w="65" /><ent r="3" t="22" w="145" /><ent r="3" t="22" w="149" /><ent r="3" t="58" w="178" /></phr></stem><stem n="colorspac"><phr n="colorspace"><ent r="3" t="1" w="215" /><ent r="4" t="10" w="109" /><ent r="3" t="10" w="190" /><ent r="3" t="14" w="184" /><ent r="3" t="14" w="202" /><ent r="3" t="22" w="40" /><ent r="3" t="22" w="153" /><ent r="4" t="23" w="37" /><ent r="4" t="27" w="70" /><ent r="4" t="27" w="244" /><ent r="4" t="27" w="263" /><ent r="4" t="27" w="289" /><ent r="4" t="41" w="19" /><ent r="3" t="43" w="85" /><ent r="3" t="59" w="212" /><ent r="3" t="59" w="213" /><ent r="3" t="59" w="669" /><ent r="5" t="59" w="763" /><ent r="4" t="60" w="392" /><ent r="6" t="62" w="134" /><ent r="4" t="62" w="493" /><ent r="4" t="62" w="499" /><ent r="4" t="69" w="50" /><ent r="4" t="69" w="830" /></phr><phr n="colorspaces"><ent r="4" t="36" w="79" /></phr></stem><stem n="both"><phr n="both"><ent r="3" t="1" w="220" /><ent r="3" t="1" w="252" /><ent r="3" t="24" w="43" /><ent r="4" t="30" w="318" /><ent r="3" t="32" w="45" /><ent r="3" t="33" w="48" /><ent r="3" t="54" w="35" /><ent r="4" t="54" w="262" /><ent r="4" t="59" w="639" /><ent r="4" t="59" w="644" /><ent r="4" t="60" w="387" /><ent r="3" t="61" w="336" /><ent r="3" t="61" w="516" /><ent r="3" t="61" w="709" /><ent r="3" t="64" w="217" /><ent r="3" t="64" w="352" /></phr></stem><stem n="manual"><phr n="manual"><ent r="3" t="1" w="223" /><ent r="4" t="1" w="225" /><ent r="268435456" t="2" w="3" /><ent r="1048578" t="2" w="6" /><ent r="3" t="2" w="8" /><ent r="4" t="2" w="59" /><ent r="3" t="2" w="61" /><ent r="3" t="3" w="37" /><ent r="3" t="3" w="39" /><ent r="3" t="3" w="46" /><ent r="4" t="3" w="48" /><ent r="4" t="3" w="68" /><ent r="4" t="3" w="126" /><ent r="3" t="4" w="18" /><ent r="4" t="4" w="21" /><ent r="3" t="13" w="61" /><ent r="4" t="15" w="47" /><ent r="4" t="17" w="56" /><ent r="4" t="19" w="68" /><ent r="4" t="19" w="131" /><ent r="4" t="20" w="60" /><ent r="3" t="20" w="64" /><ent r="3" t="20" w="69" /><ent r="4" t="22" w="133" /><ent r="4" t="27" w="296" /><ent r="4" t="28" w="70" /><ent r="4" t="34" w="49" /><ent r="4" t="36" w="43" /><ent r="4" t="38" w="71" /><ent r="4" t="42" w="120" /><ent r="4" t="46" w="72" /><ent r="4" t="54" w="59" /><ent r="268435456" t="70" w="2" /><ent r="4096" t="70" w="4" /><ent r="16777218" t="70" w="6" /><ent r="4" t="70" w="8" /></phr><phr n="manuals"><ent r="3" t="4" w="48" /></phr><phr n="manually"><ent r="3" t="43" w="65" /><ent r="3" t="50" w="490" /></phr></stem><stem n="exampl"><phr n="examples"><ent r="3" t="1" w="228" /><ent r="4" t="3" w="116" /><ent r="3" t="3" w="121" /><ent r="4" t="3" w="123" /><ent r="3" t="3" w="130" /><ent r="3" t="7" w="9" /><ent r="4" t="10" w="107" /><ent r="3" t="10" w="175" /><ent r="3" t="15" w="42" /><ent r="4" t="15" w="44" /><ent r="3" t="19" w="129" /><ent r="3" t="19" w="133" /><ent r="3" t="20" w="61" /><ent r="3" t="20" w="65" /><ent r="3" t="22" w="129" /><ent r="3" t="27" w="294" /><ent r="3" t="27" w="298" /><ent r="3" t="28" w="68" /><ent r="3" t="28" w="72" /><ent r="3" t="36" w="45" /><ent r="3" t="38" w="69" /><ent r="3" t="42" w="124" /><ent r="3" t="46" w="70" /><ent r="3" t="49" w="136" /><ent r="3" t="50" w="256" /><ent r="3" t="50" w="489" /><ent r="3" t="50" w="751" /><ent r="258" t="50" w="861" /><ent r="3" t="50" w="863" /><ent r="6" t="62" w="247" /><ent r="4" t="69" w="1211" /></phr><phr n="example"><ent r="3" t="3" w="109" /><ent r="3" t="3" w="112" /><ent r="3" t="4" w="25" /><ent r="3" t="4" w="27" /><ent r="4" t="4" w="85" /><ent r="268435456" t="7" w="1" /><ent r="1048578" t="7" w="3" /><ent r="4" t="7" w="23" /><ent r="3" t="12" w="127" /><ent r="3" t="14" w="178" /><ent r="3" t="14" w="248" /><ent r="3" t="18" w="29" /><ent r="3" t="18" w="43" /><ent r="3" t="25" w="175" /><ent r="4" t="27" w="116" /><ent r="4" t="27" w="145" /><ent r="3" t="31" w="568" /><ent r="4" t="31" w="596" /><ent r="4" t="31" w="617" /><ent r="4" t="31" w="632" /><ent r="3" t="31" w="719" /><ent r="3" t="31" w="732" /><ent r="3" t="31" w="785" /><ent r="3" t="37" w="30" /><ent r="4" t="37" w="348" /><ent r="5" t="37" w="382" /><ent r="3" t="40" w="39" /><ent r="3" t="43" w="94" /><ent r="3" t="49" w="138" /><ent r="3" t="49" w="153" /><ent r="3" t="49" w="171" /><ent r="3" t="50" w="454" /><ent r="3" t="50" w="692" /><ent r="3" t="53" w="234" /><ent r="4" t="54" w="194" /><ent r="4" t="54" w="206" /><ent r="4" t="54" w="418" /><ent r="4" t="54" w="504" /><ent r="3" t="55" w="61" /><ent r="3" t="56" w="75" /><ent r="4" t="57" w="413" /><ent r="3" t="57" w="559" /><ent r="3" t="58" w="54" /><ent r="3" t="58" w="180" /><ent r="3" t="58" w="181" /><ent r="3" t="59" w="713" /><ent r="3" t="61" w="284" /><ent r="3" t="62" w="104" /><ent r="3" t="64" w="50" /><ent r="3" t="64" w="155" /><ent r="4" t="69" w="362" /><ent r="4" t="69" w="455" /><ent r="4" t="69" w="463" /><ent r="4" t="69" w="1073" /><ent r="4" t="69" w="1126" /></phr></stem></index>