<?xml version="1.0" encoding="utf-8"?><index><stem n="introduct"><phr n="introduction"><ent r="268435456" t="0" w="1" /><ent r="16777218" t="0" w="2" /><ent r="258" t="60" w="144" /></phr></stem><stem n="welcom"><phr n="welcome"><ent r="3" t="0" w="3" /><ent r="3" t="60" w="74" /></phr></stem><stem n="mrsid"><phr n="mrsid"><ent r="3" t="0" w="4" /><ent r="3" t="0" w="60" /><ent r="3" t="0" w="85" /><ent r="3" t="0" w="107" /><ent r="3" t="0" w="123" /><ent r="3" t="0" w="133" /><ent r="3" t="0" w="153" /><ent r="3" t="0" w="154" /><ent r="3" t="0" w="175" /><ent r="3" t="0" w="189" /><ent r="3" t="0" w="213" /><ent r="3" t="0" w="219" /><ent r="3" t="0" w="225" /><ent r="3" t="0" w="229" /><ent r="3" t="0" w="230" /><ent r="3" t="0" w="282" /><ent r="3" t="0" w="292" /><ent r="3" t="0" w="310" /><ent r="3" t="1" w="3" /><ent r="3" t="1" w="17" /><ent r="3" t="1" w="23" /><ent r="3" t="1" w="70" /><ent r="3" t="1" w="76" /><ent r="3" t="1" w="80" /><ent r="3" t="1" w="84" /><ent r="3" t="1" w="107" /><ent r="3" t="1" w="122" /><ent r="3" t="1" w="130" /><ent r="3" t="1" w="137" /><ent r="3" t="1" w="151" /><ent r="3" t="1" w="261" /><ent r="3" t="2" w="18" /><ent r="3" t="3" w="6" /><ent r="3" t="3" w="63" /><ent r="3" t="4" w="12" /><ent r="3" t="4" w="57" /><ent r="3" t="4" w="65" /><ent r="3" t="4" w="72" /><ent r="3" t="5" w="7" /><ent r="3" t="5" w="206" /><ent r="6" t="7" w="39" /><ent r="6" t="7" w="56" /><ent r="6" t="7" w="139" /><ent r="3" t="8" w="62" /><ent r="4" t="8" w="196" /><ent r="3" t="9" w="12" /><ent r="3" t="10" w="26" /><ent r="4" t="10" w="72" /><ent r="3" t="10" w="182" /><ent r="3" t="10" w="193" /><ent r="3" t="10" w="211" /><ent r="3" t="10" w="306" /><ent r="3" t="11" w="10" /><ent r="3" t="12" w="295" /><ent r="3" t="13" w="65" /><ent r="3" t="14" w="10" /><ent r="3" t="16" w="26" /><ent r="3" t="19" w="4" /><ent r="3" t="20" w="18" /><ent r="3" t="20" w="78" /><ent r="4" t="26" w="13" /><ent r="268435456" t="29" w="1" /><ent r="4096" t="29" w="3" /><ent r="16777218" t="29" w="5" /><ent r="3" t="29" w="7" /><ent r="3" t="29" w="17" /><ent r="3" t="29" w="23" /><ent r="3" t="29" w="50" /><ent r="3" t="29" w="75" /><ent r="3" t="29" w="88" /><ent r="4" t="29" w="108" /><ent r="4" t="29" w="109" /><ent r="4096" t="30" w="7" /><ent r="4096" t="30" w="10" /><ent r="4096" t="30" w="13" /><ent r="3" t="30" w="21" /><ent r="3" t="30" w="26" /><ent r="3" t="30" w="109" /><ent r="4" t="30" w="250" /><ent r="3" t="30" w="256" /><ent r="3" t="30" w="343" /><ent r="3" t="30" w="347" /><ent r="268435456" t="31" w="3" /><ent r="4096" t="31" w="4" /><ent r="4096" t="31" w="9" /><ent r="1048578" t="31" w="12" /><ent r="3" t="31" w="18" /><ent r="3" t="31" w="23" /><ent r="3" t="31" w="36" /><ent r="3" t="31" w="46" /><ent r="4096" t="31" w="52" /><ent r="3" t="31" w="57" /><ent r="3" t="31" w="73" /><ent r="3" t="31" w="83" /><ent r="3" t="31" w="141" /><ent r="3" t="31" w="149" /><ent r="4096" t="31" w="166" /><ent r="3" t="31" w="173" /><ent r="4" t="31" w="226" /><ent r="4096" t="31" w="296" /><ent r="3" t="31" w="316" /><ent r="4096" t="31" w="322" /><ent r="3" t="31" w="366" /><ent r="4096" t="31" w="390" /><ent r="3" t="31" w="412" /><ent r="3" t="31" w="478" /><ent r="4096" t="31" w="505" /><ent r="3" t="31" w="543" /><ent r="3" t="31" w="546" /><ent r="3" t="31" w="575" /><ent r="3" t="31" w="586" /><ent r="4" t="31" w="591" /><ent r="4" t="31" w="611" /><ent r="4" t="31" w="627" /><ent r="3" t="31" w="656" /><ent r="3" t="31" w="659" /><ent r="4096" t="31" w="667" /><ent r="3" t="31" w="670" /><ent r="3" t="31" w="674" /><ent r="3" t="31" w="693" /><ent r="3" t="31" w="724" /><ent r="3" t="31" w="753" /><ent r="4096" t="31" w="761" /><ent r="3" t="31" w="967" /><ent r="4096" t="31" w="1033" /><ent r="3" t="31" w="1040" /><ent r="3" t="31" w="1066" /><ent r="3" t="31" w="1207" /><ent r="4096" t="31" w="1210" /><ent r="3" t="31" w="1219" /><ent r="3" t="31" w="1226" /><ent r="3" t="31" w="1230" /><ent r="3" t="31" w="1234" /><ent r="3" t="31" w="1239" /><ent r="3" t="31" w="1245" /><ent r="3" t="31" w="1258" /><ent r="3" t="31" w="1261" /><ent r="268435456" t="32" w="1" /><ent r="4096" t="32" w="5" /><ent r="4096" t="32" w="7" /><ent r="1048578" t="32" w="9" /><ent r="3" t="32" w="11" /><ent r="3" t="32" w="16" /><ent r="3" t="32" w="23" /><ent r="3" t="32" w="72" /><ent r="3" t="33" w="43" /><ent r="3" t="33" w="72" /><ent r="3" t="33" w="95" /><ent r="3" t="33" w="106" /><ent r="3" t="35" w="100" /><ent r="3" t="35" w="103" /><ent r="3" t="37" w="34" /><ent r="3" t="38" w="30" /><ent r="3" t="42" w="7" /><ent r="3" t="42" w="43" /><ent r="4" t="42" w="55" /><ent r="3" t="43" w="17" /><ent r="3" t="46" w="16" /><ent r="3" t="49" w="144" /><ent r="3" t="50" w="13" /><ent r="3" t="50" w="173" /><ent r="3" t="50" w="258" /><ent r="3" t="50" w="270" /><ent r="3" t="50" w="331" /><ent r="3" t="51" w="20" /><ent r="3" t="53" w="13" /><ent r="3" t="54" w="12" /><ent r="3" t="58" w="67" /><ent r="3" t="58" w="156" /><ent r="3" t="59" w="79" /><ent r="3" t="59" w="739" /><ent r="3" t="62" w="13" /><ent r="3" t="62" w="44" /><ent r="3" t="62" w="117" /><ent r="6" t="62" w="248" /><ent r="6" t="62" w="323" /><ent r="6" t="62" w="708" /><ent r="6" t="62" w="717" /><ent r="6" t="62" w="734" /><ent r="3" t="62" w="832" /><ent r="3" t="63" w="112" /><ent r="3" t="63" w="155" /><ent r="3" t="64" w="20" /><ent r="3" t="64" w="144" /><ent r="3" t="64" w="162" /><ent r="3" t="64" w="172" /><ent r="3" t="64" w="187" /><ent r="3" t="64" w="196" /><ent r="3" t="66" w="26" /><ent r="4098" t="67" w="33" /><ent r="3" t="67" w="80" /><ent r="3" t="67" w="109" /><ent r="3" t="67" w="139" /><ent r="4098" t="67" w="212" /><ent r="3" t="67" w="225" /><ent r="3" t="67" w="275" /><ent r="3" t="67" w="307" /><ent r="3" t="68" w="61" /><ent r="4" t="69" w="379" /><ent r="4" t="69" w="387" /><ent r="4" t="69" w="412" /><ent r="4" t="69" w="595" /><ent r="5" t="69" w="689" /><ent r="4" t="69" w="694" /><ent r="4" t="69" w="846" /><ent r="4" t="69" w="852" /><ent r="5" t="69" w="863" /><ent r="4" t="69" w="867" /><ent r="4" t="69" w="873" /><ent r="5" t="69" w="885" /><ent r="4" t="69" w="889" /><ent r="4" t="69" w="894" /><ent r="5" t="69" w="913" /><ent r="3" t="69" w="930" /><ent r="4" t="69" w="937" /><ent r="4" t="69" w="950" /><ent r="4" t="69" w="1189" /><ent r="4" t="69" w="1306" /></phr></stem><stem n="®"><phr n="®"><ent r="4" t="0" w="5" /><ent r="4" t="66" w="27" /><ent r="4" t="67" w="10" /><ent r="4" t="67" w="171" /><ent r="4" t="67" w="188" /></phr></stem><stem n="softwar"><phr n="software"><ent r="3" t="0" w="6" /><ent r="3" t="1" w="6" /><ent r="3" t="5" w="241" /><ent r="3" t="8" w="130" /><ent r="3" t="29" w="94" /><ent r="3" t="65" w="22" /><ent r="3" t="66" w="10" /><ent r="3" t="67" w="11" /><ent r="4098" t="67" w="163" /><ent r="3" t="67" w="172" /><ent r="3" t="67" w="189" /><ent r="3" t="67" w="217" /><ent r="4098" t="67" w="296" /><ent r="3" t="67" w="302" /><ent r="3" t="68" w="21" /><ent r="3" t="68" w="29" /></phr></stem><stem n="develop"><phr n="development"><ent r="3" t="0" w="7" /><ent r="3" t="0" w="67" /><ent r="3" t="3" w="100" /><ent r="3" t="5" w="16" /><ent r="5" t="5" w="49" /><ent r="5" t="5" w="154" /><ent r="5" t="5" w="249" /><ent r="5" t="5" w="302" /><ent r="5" t="5" w="369" /><ent r="3" t="17" w="46" /><ent r="3" t="24" w="19" /><ent r="3" t="39" w="172" /><ent r="3" t="40" w="72" /><ent r="3" t="42" w="22" /><ent r="3" t="47" w="17" /><ent r="4" t="54" w="309" /></phr><phr n="developers"><ent r="3" t="0" w="76" /><ent r="3" t="1" w="7" /><ent r="3" t="1" w="41" /><ent r="3" t="1" w="147" /><ent r="3" t="1" w="276" /><ent r="3" t="42" w="35" /><ent r="3" t="52" w="19" /><ent r="3" t="54" w="11" /><ent r="3" t="54" w="26" /><ent r="3" t="54" w="55" /><ent r="3" t="60" w="179" /><ent r="3" t="61" w="33" /></phr><phr n="developer"><ent r="3" t="5" w="215" /><ent r="3" t="5" w="243" /><ent r="3" t="8" w="46" /><ent r="4096" t="8" w="48" /><ent r="4" t="8" w="51" /><ent r="3" t="8" w="55" /><ent r="3" t="14" w="87" /><ent r="3" t="14" w="168" /><ent r="3" t="33" w="156" /><ent r="4" t="33" w="159" /><ent r="3" t="52" w="24" /><ent r="4" t="52" w="27" /></phr><phr n="developed"><ent r="3" t="29" w="61" /><ent r="3" t="30" w="43" /></phr><phr n="develop"><ent r="3" t="29" w="73" /></phr></stem><stem n="kit"><phr n="kit"><ent r="3" t="0" w="8" /></phr></stem><stem n="sdk"><phr n="sdk"><ent r="3" t="0" w="9" /><ent r="3" t="0" w="61" /><ent r="3" t="0" w="69" /><ent r="3" t="0" w="93" /><ent r="3" t="0" w="226" /><ent r="3" t="0" w="293" /><ent r="3" t="1" w="4" /><ent r="3" t="1" w="24" /><ent r="3" t="1" w="26" /><ent r="3" t="1" w="72" /><ent r="3" t="1" w="131" /><ent r="3" t="1" w="177" /><ent r="3" t="1" w="197" /><ent r="3" t="1" w="234" /><ent r="3" t="1" w="236" /><ent r="3" t="2" w="19" /><ent r="3" t="2" w="32" /><ent r="3" t="2" w="43" /><ent r="3" t="2" w="68" /><ent r="268435456" t="3" w="1" /><ent r="1048578" t="3" w="3" /><ent r="3" t="3" w="7" /><ent r="3" t="3" w="23" /><ent r="3" t="3" w="35" /><ent r="3" t="3" w="64" /><ent r="3" t="3" w="75" /><ent r="3" t="3" w="84" /><ent r="3" t="4" w="13" /><ent r="3" t="4" w="36" /><ent r="3" t="4" w="58" /><ent r="3" t="4" w="66" /><ent r="3" t="4" w="70" /><ent r="3" t="4" w="81" /><ent r="3" t="5" w="8" /><ent r="3" t="5" w="227" /><ent r="3" t="6" w="10" /><ent r="3" t="6" w="13" /><ent r="3" t="7" w="6" /><ent r="3" t="7" w="13" /><ent r="4" t="8" w="197" /><ent r="3" t="9" w="13" /><ent r="3" t="9" w="34" /><ent r="3" t="10" w="27" /><ent r="3" t="11" w="11" /><ent r="3" t="11" w="40" /><ent r="3" t="13" w="7" /><ent r="3" t="13" w="15" /><ent r="3" t="13" w="24" /><ent r="3" t="13" w="66" /><ent r="3" t="13" w="77" /><ent r="5" t="13" w="90" /><ent r="3" t="14" w="11" /><ent r="3" t="14" w="31" /><ent r="3" t="14" w="106" /><ent r="3" t="14" w="146" /><ent r="3" t="14" w="213" /><ent r="3" t="15" w="16" /><ent r="3" t="16" w="27" /><ent r="4" t="16" w="49" /><ent r="4" t="16" w="64" /><ent r="4" t="16" w="74" /><ent r="3" t="18" w="16" /><ent r="3" t="18" w="25" /><ent r="3" t="19" w="5" /><ent r="3" t="19" w="29" /><ent r="3" t="19" w="86" /><ent r="268435456" t="20" w="1" /><ent r="16777218" t="20" w="8" /><ent r="3" t="20" w="19" /><ent r="3" t="20" w="76" /><ent r="3" t="21" w="16" /><ent r="3" t="22" w="88" /><ent r="3" t="22" w="144" /><ent r="3" t="22" w="155" /><ent r="3" t="24" w="21" /><ent r="4" t="26" w="14" /><ent r="3" t="27" w="25" /><ent r="3" t="28" w="38" /><ent r="3" t="30" w="158" /><ent r="3" t="32" w="12" /><ent r="3" t="33" w="96" /><ent r="3" t="33" w="107" /><ent r="3" t="35" w="66" /><ent r="3" t="35" w="101" /><ent r="3" t="35" w="104" /><ent r="3" t="35" w="144" /><ent r="4" t="36" w="81" /><ent r="3" t="37" w="25" /><ent r="3" t="37" w="68" /><ent r="3" t="37" w="80" /><ent r="3" t="37" w="151" /><ent r="3" t="37" w="167" /><ent r="3" t="37" w="249" /><ent r="3" t="37" w="258" /><ent r="3" t="37" w="312" /><ent r="3" t="37" w="331" /><ent r="3" t="38" w="31" /><ent r="3" t="42" w="8" /><ent r="3" t="42" w="26" /><ent r="3" t="42" w="29" /><ent r="3" t="43" w="75" /><ent r="3" t="45" w="43" /><ent r="3" t="46" w="17" /><ent r="3" t="47" w="15" /><ent r="3" t="51" w="18" /><ent r="3" t="52" w="18" /><ent r="3" t="53" w="14" /><ent r="3" t="53" w="67" /><ent r="3" t="53" w="71" /><ent r="3" t="53" w="132" /><ent r="3" t="53" w="239" /><ent r="3" t="54" w="13" /><ent r="3" t="54" w="34" /><ent r="3" t="54" w="43" /><ent r="4" t="54" w="235" /><ent r="4" t="54" w="383" /><ent r="4" t="54" w="457" /><ent r="4" t="54" w="648" /><ent r="4" t="54" w="659" /><ent r="4" t="54" w="665" /><ent r="4" t="54" w="722" /><ent r="3" t="55" w="7" /><ent r="3" t="55" w="91" /><ent r="3" t="57" w="101" /><ent r="3" t="58" w="157" /><ent r="3" t="59" w="80" /><ent r="3" t="59" w="740" /><ent r="3" t="61" w="24" /><ent r="3" t="61" w="39" /><ent r="4" t="61" w="441" /><ent r="3" t="61" w="508" /><ent r="3" t="61" w="525" /><ent r="3" t="61" w="554" /><ent r="3" t="61" w="566" /><ent r="3" t="61" w="642" /><ent r="3" t="61" w="665" /><ent r="3" t="61" w="707" /><ent r="3" t="61" w="815" /><ent r="6" t="62" w="301" /><ent r="3" t="63" w="113" /><ent r="3" t="63" w="146" /><ent r="3" t="63" w="208" /><ent r="3" t="64" w="21" /><ent r="3" t="64" w="145" /><ent r="4" t="69" w="413" /></phr><phr n="sdk's"><ent r="3" t="1" w="262" /><ent r="3" t="61" w="654" /></phr></stem><stem n="raster"><phr n="raster"><ent r="3" t="0" w="10" /><ent r="3" t="0" w="90" /><ent r="3" t="0" w="113" /><ent r="3" t="29" w="81" /><ent r="3" t="31" w="20" /><ent r="3" t="31" w="90" /><ent r="3" t="31" w="106" /><ent r="3" t="67" w="333" /></phr></stem><stem n="imageri"><phr n="imagery"><ent r="3" t="0" w="11" /><ent r="3" t="0" w="207" /><ent r="3" t="0" w="220" /><ent r="3" t="0" w="245" /><ent r="3" t="1" w="55" /><ent r="3" t="1" w="154" /><ent r="3" t="29" w="82" /><ent r="3" t="30" w="184" /><ent r="4" t="30" w="302" /><ent r="3" t="31" w="91" /><ent r="3" t="31" w="163" /><ent r="4" t="31" w="242" /><ent r="4" t="31" w="250" /><ent r="4" t="31" w="253" /><ent r="4" t="31" w="280" /><ent r="3" t="31" w="371" /><ent r="3" t="31" w="394" /><ent r="3" t="31" w="438" /><ent r="3" t="31" w="754" /><ent r="3" t="31" w="944" /><ent r="3" t="31" w="952" /><ent r="3" t="31" w="1131" /><ent r="3" t="32" w="17" /><ent r="3" t="33" w="93" /><ent r="3" t="33" w="99" /><ent r="3" t="33" w="136" /><ent r="3" t="35" w="9" /><ent r="3" t="35" w="20" /><ent r="3" t="35" w="21" /><ent r="4" t="35" w="176" /><ent r="3" t="36" w="55" /><ent r="3" t="37" w="35" /><ent r="4" t="52" w="60" /><ent r="268435456" t="61" w="3" /><ent r="4096" t="61" w="6" /><ent r="4096" t="61" w="13" /><ent r="1048578" t="61" w="16" /><ent r="3" t="66" w="21" /><ent r="3" t="67" w="44" /><ent r="3" t="67" w="112" /><ent r="3" t="67" w="142" /><ent r="3" t="67" w="179" /><ent r="3" t="67" w="306" /><ent r="3" t="67" w="317" /><ent r="3" t="67" w="334" /><ent r="4" t="69" w="679" /><ent r="4" t="69" w="908" /><ent r="4" t="69" w="947" /></phr></stem><stem n="document"><phr n="documentation"><ent r="3" t="0" w="12" /><ent r="3" t="0" w="126" /><ent r="4" t="0" w="137" /><ent r="3" t="1" w="217" /><ent r="3" t="1" w="218" /><ent r="3" t="3" w="9" /><ent r="3" t="3" w="11" /><ent r="3" t="3" w="71" /><ent r="3" t="3" w="103" /><ent r="3" t="8" w="16" /><ent r="3" t="8" w="73" /><ent r="3" t="13" w="105" /><ent r="3" t="14" w="121" /><ent r="3" t="31" w="39" /><ent r="3" t="61" w="31" /><ent r="3" t="69" w="10" /></phr><phr n="document"><ent r="3" t="3" w="40" /><ent r="3" t="59" w="75" /><ent r="3" t="60" w="72" /><ent r="3" t="60" w="89" /><ent r="3" t="60" w="182" /><ent r="3" t="68" w="16" /><ent r="3" t="68" w="23" /><ent r="3" t="68" w="102" /></phr><phr n="documented"><ent r="4" t="54" w="379" /></phr></stem><stem n="decod"><phr n="decode"><ent r="4" t="0" w="13" /><ent r="3" t="0" w="92" /><ent r="3" t="1" w="59" /><ent r="4" t="10" w="65" /><ent r="3" t="11" w="177" /><ent r="3" t="14" w="180" /><ent r="3" t="20" w="82" /><ent r="4" t="27" w="216" /><ent r="3" t="31" w="538" /><ent r="3" t="31" w="551" /><ent r="3" t="31" w="662" /><ent r="3" t="31" w="943" /><ent r="3" t="31" w="977" /><ent r="3" t="31" w="986" /><ent r="3" t="32" w="85" /><ent r="3" t="33" w="98" /><ent r="3" t="33" w="117" /><ent r="3" t="34" w="38" /><ent r="3" t="42" w="41" /><ent r="4" t="42" w="53" /><ent r="4" t="42" w="132" /><ent r="268435456" t="44" w="1" /><ent r="4096" t="44" w="3" /><ent r="4096" t="44" w="9" /><ent r="1048578" t="44" w="11" /><ent r="3" t="44" w="13" /><ent r="3" t="48" w="75" /><ent r="3" t="50" w="179" /><ent r="3" t="50" w="190" /><ent r="3" t="50" w="257" /><ent r="3" t="50" w="269" /><ent r="3" t="50" w="282" /><ent r="3" t="50" w="304" /><ent r="3" t="50" w="518" /><ent r="3" t="50" w="625" /><ent r="3" t="50" w="640" /><ent r="3" t="50" w="668" /><ent r="3" t="50" w="694" /><ent r="3" t="50" w="828" /><ent r="4" t="69" w="421" /></phr><phr n="decoding"><ent r="3" t="0" w="187" /><ent r="3" t="0" w="200" /><ent r="3" t="0" w="235" /><ent r="3" t="0" w="265" /><ent r="3" t="1" w="99" /><ent r="3" t="1" w="115" /><ent r="3" t="1" w="150" /><ent r="3" t="1" w="174" /><ent r="3" t="2" w="30" /><ent r="6" t="7" w="54" /><ent r="3" t="9" w="20" /><ent r="4" t="9" w="44" /><ent r="268435456" t="11" w="3" /><ent r="4096" t="11" w="6" /><ent r="1048578" t="11" w="9" /><ent r="3" t="12" w="294" /><ent r="3" t="12" w="304" /><ent r="3" t="13" w="20" /><ent r="3" t="25" w="173" /><ent r="3" t="30" w="51" /><ent r="3" t="30" w="90" /><ent r="3" t="30" w="156" /><ent r="3" t="30" w="232" /><ent r="3" t="31" w="889" /><ent r="3" t="32" w="129" /><ent r="3" t="33" w="61" /><ent r="3" t="64" w="130" /></phr><phr n="decodes"><ent r="3" t="11" w="159" /><ent r="4" t="27" w="191" /><ent r="3" t="31" w="521" /><ent r="3" t="31" w="529" /><ent r="4" t="42" w="66" /><ent r="3" t="50" w="11" /></phr><phr n="decoded"><ent r="3" t="12" w="72" /><ent r="3" t="25" w="24" /><ent r="3" t="25" w="36" /><ent r="3" t="25" w="142" /><ent r="3" t="31" w="893" /><ent r="3" t="34" w="45" /><ent r="3" t="50" w="333" /><ent r="4" t="69" w="716" /><ent r="4" t="69" w="742" /><ent r="4" t="69" w="1177" /><ent r="4" t="69" w="1255" /></phr><phr n="decoder"><ent r="3" t="25" w="245" /><ent r="3" t="30" w="138" /><ent r="3" t="32" w="107" /><ent r="3" t="50" w="354" /><ent r="3" t="50" w="399" /><ent r="3" t="50" w="501" /></phr><phr n="decoders"><ent r="3" t="31" w="1171" /></phr></stem><stem n="version"><phr n="version"><ent r="4" t="0" w="14" /><ent r="3" t="0" w="228" /><ent r="3" t="1" w="247" /><ent r="3" t="5" w="238" /><ent r="6" t="7" w="140" /><ent r="4" t="8" w="195" /><ent r="4" t="8" w="215" /><ent r="3" t="22" w="156" /><ent r="3" t="30" w="20" /><ent r="3" t="30" w="37" /><ent r="3" t="35" w="102" /><ent r="3" t="48" w="31" /><ent r="3" t="48" w="33" /><ent r="3" t="60" w="42" /><ent r="3" t="60" w="299" /><ent r="3" t="60" w="682" /><ent r="4" t="60" w="898" /><ent r="6" t="62" w="228" /><ent r="6" t="62" w="302" /><ent r="6" t="62" w="722" /><ent r="4" t="69" w="797" /><ent r="4" t="69" w="851" /><ent r="4" t="69" w="872" /><ent r="4" t="69" w="893" /></phr><phr n="versions"><ent r="3" t="1" w="256" /><ent r="3" t="8" w="112" /><ent r="3" t="30" w="342" /><ent r="3" t="30" w="353" /><ent r="3" t="31" w="1039" /><ent r="4" t="35" w="109" /><ent r="4" t="69" w="949" /></phr><phr n="versioning"><ent r="3" t="60" w="644" /></phr></stem><stem n="dsdk"><phr n="dsdk"><ent r="4" t="0" w="15" /></phr></stem><stem n="digit"><phr n="digital"><ent r="3" t="0" w="16" /><ent r="3" t="29" w="13" /><ent r="3" t="31" w="115" /><ent r="3" t="35" w="19" /></phr><phr n="digit"><ent r="3" t="61" w="277" /></phr></stem><stem n="imag"><phr n="images"><ent r="3" t="0" w="17" /><ent r="3" t="0" w="31" /><ent r="3" t="0" w="99" /><ent r="3" t="0" w="166" /><ent r="3" t="0" w="176" /><ent r="3" t="0" w="300" /><ent r="3" t="1" w="15" /><ent r="3" t="1" w="88" /><ent r="3" t="1" w="95" /><ent r="3" t="1" w="102" /><ent r="3" t="1" w="117" /><ent r="3" t="3" w="119" /><ent r="6" t="7" w="67" /><ent r="3" t="10" w="37" /><ent r="4" t="10" w="118" /><ent r="3" t="10" w="278" /><ent r="3" t="10" w="449" /><ent r="3" t="11" w="16" /><ent r="3" t="11" w="27" /><ent r="3" t="11" w="161" /><ent r="3" t="11" w="201" /><ent r="3" t="23" w="16" /><ent r="3" t="23" w="156" /><ent r="4" t="26" w="25" /><ent r="4" t="27" w="51" /><ent r="4" t="27" w="63" /><ent r="4" t="27" w="163" /><ent r="4" t="27" w="177" /><ent r="4" t="27" w="180" /><ent r="3" t="30" w="64" /><ent r="3" t="30" w="100" /><ent r="3" t="30" w="110" /><ent r="3" t="30" w="125" /><ent r="4" t="30" w="279" /><ent r="4" t="31" w="224" /><ent r="3" t="31" w="328" /><ent r="3" t="31" w="873" /><ent r="3" t="31" w="906" /><ent r="3" t="31" w="992" /><ent r="3" t="31" w="1067" /><ent r="4" t="31" w="1316" /><ent r="4" t="31" w="1336" /><ent r="3" t="32" w="42" /><ent r="3" t="32" w="88" /><ent r="3" t="33" w="39" /><ent r="4" t="36" w="76" /><ent r="3" t="37" w="163" /><ent r="3" t="42" w="47" /><ent r="3" t="43" w="21" /><ent r="3" t="48" w="101" /><ent r="3" t="49" w="182" /><ent r="3" t="50" w="776" /><ent r="3" t="51" w="15" /><ent r="3" t="59" w="228" /><ent r="3" t="59" w="232" /><ent r="3" t="61" w="288" /><ent r="3" t="61" w="293" /><ent r="3" t="61" w="312" /><ent r="3" t="61" w="331" /><ent r="3" t="61" w="335" /><ent r="3" t="62" w="45" /><ent r="3" t="62" w="59" /><ent r="7" t="62" w="185" /><ent r="6" t="62" w="208" /><ent r="6" t="62" w="224" /><ent r="6" t="62" w="324" /><ent r="6" t="62" w="349" /><ent r="4" t="62" w="563" /><ent r="3" t="62" w="572" /><ent r="3" t="62" w="697" /><ent r="3" t="62" w="826" /><ent r="3" t="64" w="115" /><ent r="3" t="64" w="141" /><ent r="3" t="64" w="188" /><ent r="3" t="64" w="197" /><ent r="3" t="64" w="207" /><ent r="3" t="64" w="218" /><ent r="3" t="64" w="259" /><ent r="3" t="64" w="265" /><ent r="3" t="64" w="272" /><ent r="3" t="64" w="304" /><ent r="3" t="64" w="357" /><ent r="3" t="64" w="359" /><ent r="3" t="67" w="26" /><ent r="3" t="67" w="83" /><ent r="4098" t="67" w="101" /><ent r="4" t="69" w="68" /><ent r="4" t="69" w="300" /><ent r="4" t="69" w="474" /><ent r="4" t="69" w="883" /><ent r="4" t="69" w="919" /><ent r="4" t="69" w="925" /><ent r="4" t="69" w="1295" /></phr><phr n="image"><ent r="3" t="0" w="45" /><ent r="3" t="0" w="73" /><ent r="3" t="0" w="161" /><ent r="3" t="0" w="173" /><ent r="3" t="0" w="194" /><ent r="3" t="0" w="254" /><ent r="3" t="0" w="276" /><ent r="3" t="0" w="306" /><ent r="3" t="1" w="29" /><ent r="3" t="1" w="39" /><ent r="3" t="1" w="64" /><ent r="3" t="1" w="141" /><ent r="3" t="1" w="171" /><ent r="3" t="1" w="175" /><ent r="3" t="1" w="195" /><ent r="3" t="1" w="201" /><ent r="3" t="2" w="26" /><ent r="3" t="6" w="20" /><ent r="7" t="7" w="30" /><ent r="6" t="7" w="60" /><ent r="6" t="7" w="156" /><ent r="3" t="9" w="15" /><ent r="3" t="10" w="7" /><ent r="3" t="10" w="11" /><ent r="3" t="10" w="17" /><ent r="3" t="10" w="19" /><ent r="3" t="10" w="22" /><ent r="4096" t="10" w="40" /><ent r="4096" t="10" w="44" /><ent r="4096" t="10" w="46" /><ent r="4096" t="10" w="48" /><ent r="4096" t="10" w="50" /><ent r="3" t="10" w="52" /><ent r="3" t="10" w="57" /><ent r="5" t="10" w="59" /><ent r="4" t="10" w="61" /><ent r="4" t="10" w="69" /><ent r="5" t="10" w="85" /><ent r="4" t="10" w="87" /><ent r="4" t="10" w="96" /><ent r="4" t="10" w="104" /><ent r="4" t="10" w="120" /><ent r="5" t="10" w="130" /><ent r="4" t="10" w="132" /><ent r="4" t="10" w="138" /><ent r="4" t="10" w="155" /><ent r="3" t="10" w="163" /><ent r="3" t="10" w="178" /><ent r="3" t="10" w="183" /><ent r="3" t="10" w="188" /><ent r="3" t="10" w="212" /><ent r="3" t="10" w="223" /><ent r="3" t="10" w="237" /><ent r="3" t="10" w="248" /><ent r="3" t="10" w="259" /><ent r="3" t="10" w="267" /><ent r="3" t="10" w="285" /><ent r="3" t="10" w="303" /><ent r="4" t="10" w="342" /><ent r="4" t="10" w="357" /><ent r="4" t="10" w="394" /><ent r="3" t="10" w="433" /><ent r="3" t="11" w="22" /><ent r="3" t="11" w="36" /><ent r="3" t="11" w="39" /><ent r="3" t="11" w="87" /><ent r="3" t="11" w="121" /><ent r="3" t="11" w="135" /><ent r="3" t="11" w="188" /><ent r="3" t="12" w="9" /><ent r="3" t="12" w="50" /><ent r="3" t="12" w="55" /><ent r="3" t="12" w="83" /><ent r="3" t="12" w="91" /><ent r="3" t="12" w="98" /><ent r="3" t="12" w="109" /><ent r="3" t="12" w="120" /><ent r="3" t="12" w="129" /><ent r="3" t="12" w="161" /><ent r="3" t="12" w="194" /><ent r="3" t="12" w="240" /><ent r="3" t="12" w="277" /><ent r="3" t="12" w="286" /><ent r="3" t="12" w="289" /><ent r="3" t="14" w="187" /><ent r="3" t="14" w="207" /><ent r="3" t="14" w="221" /><ent r="3" t="20" w="11" /><ent r="3" t="20" w="21" /><ent r="4" t="20" w="93" /><ent r="268435456" t="23" w="1" /><ent r="4096" t="23" w="3" /><ent r="4096" t="23" w="6" /><ent r="1048578" t="23" w="7" /><ent r="3" t="23" w="17" /><ent r="3" t="23" w="19" /><ent r="3" t="23" w="29" /><ent r="3" t="23" w="75" /><ent r="3" t="23" w="103" /><ent r="3" t="23" w="111" /><ent r="3" t="23" w="140" /><ent r="3" t="24" w="35" /><ent r="3" t="24" w="86" /><ent r="3" t="25" w="23" /><ent r="4" t="25" w="69" /><ent r="3" t="25" w="104" /><ent r="3" t="25" w="138" /><ent r="3" t="25" w="220" /><ent r="3" t="25" w="236" /><ent r="268435456" t="26" w="2" /><ent r="4096" t="26" w="6" /><ent r="16777218" t="26" w="10" /><ent r="4" t="26" w="19" /><ent r="4" t="26" w="21" /><ent r="4" t="26" w="31" /><ent r="4" t="26" w="33" /><ent r="268435456" t="27" w="1" /><ent r="4096" t="27" w="3" /><ent r="1048578" t="27" w="5" /><ent r="3" t="27" w="19" /><ent r="3" t="27" w="22" /><ent r="4" t="27" w="31" /><ent r="4" t="27" w="45" /><ent r="4" t="27" w="58" /><ent r="4" t="27" w="65" /><ent r="4" t="27" w="71" /><ent r="4" t="27" w="80" /><ent r="4" t="27" w="86" /><ent r="4" t="27" w="98" /><ent r="4" t="27" w="124" /><ent r="4" t="27" w="129" /><ent r="4" t="27" w="135" /><ent r="4" t="27" w="143" /><ent r="4" t="27" w="147" /><ent r="4" t="27" w="174" /><ent r="4" t="27" w="189" /><ent r="4" t="27" w="194" /><ent r="4" t="27" w="220" /><ent r="4" t="27" w="228" /><ent r="4" t="27" w="239" /><ent r="4" t="27" w="246" /><ent r="4" t="27" w="259" /><ent r="4" t="27" w="273" /><ent r="4" t="27" w="276" /><ent r="4" t="27" w="283" /><ent r="4" t="27" w="292" /><ent r="3" t="27" w="300" /><ent r="3" t="27" w="308" /><ent r="268435456" t="28" w="1" /><ent r="4096" t="28" w="3" /><ent r="1048578" t="28" w="5" /><ent r="3" t="28" w="25" /><ent r="3" t="28" w="31" /><ent r="3" t="28" w="35" /><ent r="3" t="28" w="74" /><ent r="3" t="29" w="22" /><ent r="3" t="29" w="38" /><ent r="3" t="29" w="44" /><ent r="3" t="29" w="90" /><ent r="3" t="30" w="67" /><ent r="3" t="30" w="148" /><ent r="3" t="30" w="155" /><ent r="3" t="30" w="221" /><ent r="3" t="31" w="21" /><ent r="3" t="31" w="107" /><ent r="4096" t="31" w="164" /><ent r="4096" t="31" w="167" /><ent r="258" t="31" w="169" /><ent r="3" t="31" w="177" /><ent r="4" t="31" w="204" /><ent r="4" t="31" w="222" /><ent r="4" t="31" w="264" /><ent r="4" t="31" w="285" /><ent r="3" t="31" w="329" /><ent r="3" t="31" w="334" /><ent r="3" t="31" w="358" /><ent r="3" t="31" w="404" /><ent r="3" t="31" w="453" /><ent r="3" t="31" w="467" /><ent r="3" t="31" w="510" /><ent r="3" t="31" w="523" /><ent r="3" t="31" w="542" /><ent r="3" t="31" w="567" /><ent r="4" t="31" w="610" /><ent r="4" t="31" w="623" /><ent r="4" t="31" w="638" /><ent r="3" t="31" w="664" /><ent r="3" t="31" w="687" /><ent r="3" t="31" w="715" /><ent r="3" t="31" w="929" /><ent r="3" t="31" w="937" /><ent r="3" t="31" w="1017" /><ent r="3" t="31" w="1027" /><ent r="3" t="31" w="1061" /><ent r="3" t="31" w="1126" /><ent r="3" t="31" w="1178" /><ent r="3" t="31" w="1242" /><ent r="3" t="31" w="1260" /><ent r="4" t="31" w="1306" /><ent r="3" t="32" w="24" /><ent r="3" t="32" w="29" /><ent r="3" t="32" w="32" /><ent r="3" t="33" w="57" /><ent r="3" t="33" w="120" /><ent r="3" t="34" w="33" /><ent r="3" t="34" w="43" /><ent r="3" t="35" w="43" /><ent r="3" t="35" w="52" /><ent r="3" t="35" w="61" /><ent r="4" t="35" w="75" /><ent r="4" t="35" w="85" /><ent r="3" t="35" w="166" /><ent r="3" t="36" w="19" /><ent r="3" t="36" w="29" /><ent r="3" t="36" w="39" /><ent r="3" t="36" w="49" /><ent r="4" t="36" w="118" /><ent r="4" t="36" w="121" /><ent r="4" t="36" w="126" /><ent r="3" t="37" w="54" /><ent r="3" t="37" w="255" /><ent r="3" t="37" w="260" /><ent r="4" t="37" w="265" /><ent r="3" t="37" w="317" /><ent r="4" t="37" w="337" /><ent r="3" t="38" w="9" /><ent r="3" t="38" w="12" /><ent r="3" t="38" w="55" /><ent r="3" t="40" w="7" /><ent r="3" t="40" w="32" /><ent r="3" t="40" w="41" /><ent r="3" t="40" w="45" /><ent r="3" t="40" w="57" /><ent r="3" t="41" w="10" /><ent r="3" t="41" w="40" /><ent r="4" t="42" w="76" /><ent r="4" t="42" w="130" /><ent r="268435456" t="43" w="1" /><ent r="4096" t="43" w="3" /><ent r="4096" t="43" w="9" /><ent r="1048578" t="43" w="11" /><ent r="3" t="43" w="36" /><ent r="3" t="43" w="55" /><ent r="3" t="43" w="67" /><ent r="3" t="43" w="77" /><ent r="3" t="43" w="81" /><ent r="3" t="43" w="96" /><ent r="3" t="43" w="104" /><ent r="3" t="44" w="15" /><ent r="3" t="44" w="23" /><ent r="3" t="45" w="14" /><ent r="3" t="45" w="25" /><ent r="3" t="46" w="9" /><ent r="3" t="48" w="83" /><ent r="3" t="48" w="90" /><ent r="3" t="49" w="13" /><ent r="3" t="49" w="18" /><ent r="3" t="49" w="27" /><ent r="3" t="49" w="54" /><ent r="3" t="49" w="90" /><ent r="3" t="49" w="142" /><ent r="3" t="49" w="145" /><ent r="4" t="49" w="147" /><ent r="3" t="49" w="150" /><ent r="3" t="49" w="158" /><ent r="3" t="49" w="162" /><ent r="3" t="50" w="16" /><ent r="3" t="50" w="18" /><ent r="3" t="50" w="38" /><ent r="3" t="50" w="57" /><ent r="3" t="50" w="61" /><ent r="3" t="50" w="180" /><ent r="4" t="50" w="255" /><ent r="3" t="50" w="290" /><ent r="3" t="50" w="305" /><ent r="3" t="50" w="332" /><ent r="3" t="50" w="336" /><ent r="3" t="50" w="341" /><ent r="3" t="50" w="352" /><ent r="3" t="50" w="379" /><ent r="4" t="50" w="380" /><ent r="3" t="50" w="457" /><ent r="3" t="50" w="462" /><ent r="3" t="50" w="504" /><ent r="3" t="50" w="511" /><ent r="3" t="50" w="517" /><ent r="3" t="50" w="526" /><ent r="3" t="50" w="568" /><ent r="3" t="50" w="581" /><ent r="3" t="50" w="599" /><ent r="3" t="50" w="628" /><ent r="3" t="50" w="650" /><ent r="3" t="50" w="670" /><ent r="3" t="50" w="686" /><ent r="3" t="50" w="707" /><ent r="3" t="50" w="715" /><ent r="3" t="50" w="772" /><ent r="3" t="50" w="781" /><ent r="3" t="50" w="811" /><ent r="3" t="50" w="830" /><ent r="3" t="50" w="854" /><ent r="3" t="50" w="872" /><ent r="3" t="50" w="885" /><ent r="3" t="50" w="898" /><ent r="3" t="50" w="908" /><ent r="3" t="50" w="918" /><ent r="3" t="50" w="954" /><ent r="3" t="50" w="957" /><ent r="3" t="50" w="969" /><ent r="3" t="50" w="979" /><ent r="3" t="50" w="989" /><ent r="3" t="50" w="1025" /><ent r="3" t="50" w="1031" /><ent r="3" t="50" w="1041" /><ent r="3" t="50" w="1051" /><ent r="3" t="50" w="1078" /><ent r="3" t="50" w="1084" /><ent r="3" t="50" w="1094" /><ent r="3" t="50" w="1101" /><ent r="3" t="50" w="1106" /><ent r="3" t="51" w="48" /><ent r="3" t="51" w="57" /><ent r="4" t="53" w="28" /><ent r="4" t="53" w="32" /><ent r="3" t="53" w="52" /><ent r="3" t="53" w="61" /><ent r="3" t="53" w="73" /><ent r="3" t="53" w="81" /><ent r="3" t="53" w="117" /><ent r="3" t="53" w="165" /><ent r="3" t="53" w="202" /><ent r="3" t="53" w="237" /><ent r="4" t="53" w="247" /><ent r="4" t="53" w="260" /><ent r="4" t="53" w="271" /><ent r="4" t="54" w="391" /><ent r="4" t="54" w="489" /><ent r="3" t="55" w="39" /><ent r="3" t="55" w="52" /><ent r="3" t="58" w="22" /><ent r="3" t="58" w="25" /><ent r="3" t="58" w="38" /><ent r="3" t="58" w="49" /><ent r="3" t="58" w="58" /><ent r="3" t="58" w="68" /><ent r="3" t="58" w="89" /><ent r="3" t="58" w="203" /><ent r="3" t="59" w="14" /><ent r="3" t="59" w="24" /><ent r="3" t="59" w="28" /><ent r="3" t="59" w="114" /><ent r="3" t="59" w="117" /><ent r="3" t="59" w="214" /><ent r="3" t="59" w="368" /><ent r="3" t="59" w="399" /><ent r="3" t="59" w="411" /><ent r="3" t="59" w="498" /><ent r="3" t="59" w="504" /><ent r="3" t="59" w="668" /><ent r="3" t="59" w="691" /><ent r="3" t="59" w="695" /><ent r="3" t="59" w="700" /><ent r="3" t="59" w="704" /><ent r="3" t="59" w="708" /><ent r="3" t="59" w="712" /><ent r="3" t="59" w="720" /><ent r="3" t="60" w="375" /><ent r="3" t="60" w="376" /><ent r="3" t="60" w="381" /><ent r="4" t="60" w="384" /><ent r="3" t="60" w="402" /><ent r="3" t="60" w="431" /><ent r="3" t="60" w="434" /><ent r="3" t="60" w="440" /><ent r="3" t="60" w="443" /><ent r="3" t="60" w="444" /><ent r="3" t="60" w="451" /><ent r="3" t="60" w="462" /><ent r="3" t="60" w="475" /><ent r="3" t="60" w="484" /><ent r="3" t="60" w="486" /><ent r="3" t="60" w="501" /><ent r="3" t="60" w="570" /><ent r="3" t="60" w="579" /><ent r="3" t="61" w="62" /><ent r="3" t="61" w="83" /><ent r="3" t="61" w="99" /><ent r="3" t="61" w="139" /><ent r="3" t="61" w="148" /><ent r="3" t="61" w="151" /><ent r="3" t="61" w="167" /><ent r="3" t="61" w="338" /><ent r="3" t="61" w="388" /><ent r="3" t="61" w="429" /><ent r="3" t="61" w="430" /><ent r="4" t="61" w="447" /><ent r="3" t="61" w="454" /><ent r="3" t="61" w="486" /><ent r="3" t="61" w="527" /><ent r="3" t="61" w="571" /><ent r="4" t="61" w="614" /><ent r="3" t="61" w="664" /><ent r="3" t="62" w="24" /><ent r="3" t="62" w="39" /><ent r="3" t="62" w="62" /><ent r="3" t="62" w="66" /><ent r="3" t="62" w="79" /><ent r="6" t="62" w="125" /><ent r="6" t="62" w="132" /><ent r="6" t="62" w="135" /><ent r="6" t="62" w="146" /><ent r="6" t="62" w="150" /><ent r="6" t="62" w="167" /><ent r="9" t="62" w="190" /><ent r="6" t="62" w="193" /><ent r="6" t="62" w="209" /><ent r="6" t="62" w="225" /><ent r="6" t="62" w="233" /><ent r="6" t="62" w="238" /><ent r="6" t="62" w="242" /><ent r="6" t="62" w="252" /><ent r="6" t="62" w="255" /><ent r="6" t="62" w="258" /><ent r="6" t="62" w="262" /><ent r="6" t="62" w="266" /><ent r="6" t="62" w="270" /><ent r="6" t="62" w="273" /><ent r="6" t="62" w="292" /><ent r="6" t="62" w="296" /><ent r="6" t="62" w="298" /><ent r="6" t="62" w="304" /><ent r="6" t="62" w="315" /><ent r="7" t="62" w="326" /><ent r="6" t="62" w="328" /><ent r="6" t="62" w="334" /><ent r="6" t="62" w="340" /><ent r="6" t="62" w="353" /><ent r="6" t="62" w="357" /><ent r="6" t="62" w="373" /><ent r="6" t="62" w="376" /><ent r="6" t="62" w="379" /><ent r="6" t="62" w="387" /><ent r="6" t="62" w="402" /><ent r="3" t="62" w="411" /><ent r="4" t="62" w="417" /><ent r="4" t="62" w="434" /><ent r="4" t="62" w="444" /><ent r="4" t="62" w="450" /><ent r="4" t="62" w="457" /><ent r="4" t="62" w="459" /><ent r="4" t="62" w="469" /><ent r="4" t="62" w="476" /><ent r="4" t="62" w="491" /><ent r="4" t="62" w="502" /><ent r="4" t="62" w="508" /><ent r="4" t="62" w="512" /><ent r="4" t="62" w="516" /><ent r="4" t="62" w="524" /><ent r="4" t="62" w="526" /><ent r="4" t="62" w="534" /><ent r="4" t="62" w="536" /><ent r="4" t="62" w="543" /><ent r="4" t="62" w="556" /><ent r="6" t="62" w="583" /><ent r="6" t="62" w="595" /><ent r="6" t="62" w="609" /><ent r="6" t="62" w="620" /><ent r="6" t="62" w="631" /><ent r="6" t="62" w="645" /><ent r="6" t="62" w="653" /><ent r="6" t="62" w="661" /><ent r="6" t="62" w="670" /><ent r="6" t="62" w="679" /><ent r="6" t="62" w="703" /><ent r="6" t="62" w="711" /><ent r="6" t="62" w="720" /><ent r="6" t="62" w="729" /><ent r="6" t="62" w="737" /><ent r="6" t="62" w="741" /><ent r="6" t="62" w="744" /><ent r="6" t="62" w="750" /><ent r="6" t="62" w="752" /><ent r="6" t="62" w="760" /><ent r="6" t="62" w="771" /><ent r="6" t="62" w="772" /><ent r="6" t="62" w="780" /><ent r="6" t="62" w="791" /><ent r="6" t="62" w="792" /><ent r="6" t="62" w="801" /><ent r="6" t="62" w="808" /><ent r="3" t="63" w="21" /><ent r="3" t="63" w="28" /><ent r="3" t="63" w="87" /><ent r="3" t="63" w="96" /><ent r="3" t="63" w="127" /><ent r="4" t="63" w="158" /><ent r="3" t="63" w="184" /><ent r="3" t="64" w="39" /><ent r="3" t="64" w="45" /><ent r="3" t="64" w="49" /><ent r="3" t="64" w="58" /><ent r="3" t="64" w="61" /><ent r="3" t="64" w="69" /><ent r="3" t="64" w="77" /><ent r="3" t="64" w="79" /><ent r="3" t="64" w="85" /><ent r="3" t="64" w="95" /><ent r="3" t="64" w="101" /><ent r="3" t="64" w="105" /><ent r="3" t="64" w="133" /><ent r="3" t="64" w="180" /><ent r="3" t="64" w="189" /><ent r="3" t="64" w="198" /><ent r="3" t="64" w="211" /><ent r="3" t="64" w="236" /><ent r="3" t="64" w="269" /><ent r="4" t="64" w="282" /><ent r="4" t="64" w="288" /><ent r="3" t="64" w="301" /><ent r="3" t="64" w="312" /><ent r="3" t="64" w="323" /><ent r="3" t="64" w="335" /><ent r="3" t="64" w="350" /><ent r="3" t="66" w="32" /><ent r="3" t="67" w="122" /><ent r="3" t="67" w="124" /><ent r="4098" t="67" w="160" /><ent r="4098" t="67" w="294" /><ent r="4" t="69" w="18" /><ent r="4" t="69" w="22" /><ent r="4" t="69" w="39" /><ent r="4" t="69" w="45" /><ent r="4" t="69" w="85" /><ent r="4" t="69" w="98" /><ent r="4" t="69" w="156" /><ent r="4" t="69" w="169" /><ent r="4" t="69" w="226" /><ent r="4" t="69" w="239" /><ent r="3" t="69" w="293" /><ent r="4" t="69" w="297" /><ent r="4" t="69" w="310" /><ent r="4" t="69" w="313" /><ent r="4" t="69" w="318" /><ent r="4" t="69" w="324" /><ent r="4" t="69" w="332" /><ent r="5" t="69" w="404" /><ent r="4" t="69" w="428" /><ent r="4" t="69" w="510" /><ent r="4" t="69" w="517" /><ent r="4" t="69" w="658" /><ent r="4" t="69" w="661" /><ent r="4" t="69" w="674" /><ent r="4" t="69" w="702" /><ent r="4" t="69" w="710" /><ent r="4" t="69" w="718" /><ent r="4" t="69" w="725" /><ent r="4" t="69" w="729" /><ent r="4" t="69" w="736" /><ent r="4" t="69" w="747" /><ent r="4" t="69" w="757" /><ent r="4" t="69" w="775" /><ent r="4" t="69" w="787" /><ent r="4" t="69" w="817" /><ent r="4" t="69" w="820" /><ent r="4" t="69" w="826" /><ent r="4" t="69" w="840" /><ent r="4" t="69" w="842" /><ent r="4" t="69" w="853" /><ent r="4" t="69" w="874" /><ent r="4" t="69" w="880" /><ent r="4" t="69" w="895" /><ent r="4" t="69" w="923" /><ent r="4" t="69" w="935" /><ent r="4" t="69" w="940" /><ent r="4" t="69" w="968" /><ent r="4" t="69" w="971" /><ent r="4" t="69" w="977" /><ent r="4" t="69" w="979" /><ent r="4" t="69" w="987" /><ent r="3" t="69" w="996" /><ent r="4" t="69" w="999" /><ent r="4" t="69" w="1003" /><ent r="4" t="69" w="1006" /><ent r="5" t="69" w="1018" /><ent r="4" t="69" w="1025" /><ent r="4" t="69" w="1029" /><ent r="4" t="69" w="1031" /><ent r="3" t="69" w="1046" /><ent r="4" t="69" w="1049" /><ent r="4" t="69" w="1056" /><ent r="5" t="69" w="1060" /><ent r="4" t="69" w="1072" /><ent r="4" t="69" w="1078" /><ent r="4" t="69" w="1090" /><ent r="4" t="69" w="1120" /><ent r="4" t="69" w="1135" /><ent r="4" t="69" w="1146" /><ent r="4" t="69" w="1176" /><ent r="4" t="69" w="1195" /><ent r="4" t="69" w="1223" /><ent r="4" t="69" w="1226" /><ent r="4" t="69" w="1248" /><ent r="4" t="69" w="1258" /><ent r="4" t="69" w="1267" /><ent r="4" t="69" w="1269" /><ent r="4" t="69" w="1291" /><ent r="4" t="69" w="1313" /><ent r="4" t="69" w="1334" /><ent r="4" t="69" w="1339" /><ent r="4" t="69" w="1347" /></phr><phr n="imaging"><ent r="3" t="15" w="20" /><ent r="3" t="22" w="17" /><ent r="3" t="29" w="14" /><ent r="3" t="33" w="34" /><ent r="4" t="69" w="681" /></phr><phr n="image's"><ent r="4" t="27" w="35" /><ent r="4" t="50" w="391" /><ent r="4" t="69" w="394" /></phr></stem></index>