<?xml version="1.0" encoding="utf-8"?><index><stem n="basic"><phr n="basic"><ent r="3" t="1" w="51" /><ent r="3" t="1" w="170" /><ent r="3" t="10" w="55" /><ent r="4" t="10" w="340" /><ent r="3" t="12" w="20" /><ent r="4" t="15" w="55" /><ent r="268435456" t="16" w="3" /><ent r="4096" t="16" w="7" /><ent r="1048578" t="16" w="14" /><ent r="4" t="19" w="123" /><ent r="3" t="38" w="17" /><ent r="3" t="38" w="58" /><ent r="4" t="42" w="59" /><ent r="3" t="43" w="80" /><ent r="3" t="49" w="11" /><ent r="3" t="49" w="141" /><ent r="3" t="49" w="157" /><ent r="3" t="50" w="394" /><ent r="3" t="61" w="48" /><ent r="4" t="69" w="825" /></phr><phr n="basics"><ent r="3" t="42" w="108" /></phr></stem><stem n="represent"><phr n="representation"><ent r="3" t="1" w="58" /><ent r="3" t="18" w="42" /><ent r="3" t="31" w="125" /><ent r="3" t="35" w="44" /><ent r="6" t="62" w="245" /><ent r="3" t="63" w="58" /><ent r="3" t="63" w="77" /><ent r="4" t="69" w="712" /><ent r="4" t="69" w="750" /><ent r="4" t="69" w="1275" /></phr><phr n="representations"><ent r="3" t="22" w="148" /><ent r="3" t="22" w="152" /></phr></stem><stem n="scene"><phr n="scene"><ent r="3" t="1" w="60" /><ent r="3" t="1" w="173" /><ent r="3" t="11" w="38" /><ent r="3" t="11" w="48" /><ent r="3" t="11" w="51" /><ent r="3" t="11" w="73" /><ent r="3" t="12" w="11" /><ent r="3" t="12" w="15" /><ent r="3" t="12" w="57" /><ent r="3" t="12" w="64" /><ent r="3" t="12" w="71" /><ent r="3" t="12" w="136" /><ent r="3" t="12" w="154" /><ent r="3" t="12" w="167" /><ent r="3" t="12" w="183" /><ent r="3" t="12" w="195" /><ent r="3" t="12" w="200" /><ent r="3" t="12" w="214" /><ent r="3" t="12" w="230" /><ent r="3" t="12" w="245" /><ent r="3" t="12" w="259" /><ent r="3" t="12" w="274" /><ent r="3" t="12" w="284" /><ent r="4" t="20" w="98" /><ent r="268435456" t="25" w="1" /><ent r="4096" t="25" w="4" /><ent r="1048578" t="25" w="8" /><ent r="3" t="25" w="40" /><ent r="3" t="25" w="52" /><ent r="4" t="25" w="55" /><ent r="4" t="25" w="68" /><ent r="4" t="25" w="78" /><ent r="4" t="25" w="87" /><ent r="3" t="25" w="102" /><ent r="3" t="25" w="129" /><ent r="3" t="25" w="153" /><ent r="3" t="25" w="197" /><ent r="3" t="25" w="223" /><ent r="3" t="25" w="254" /><ent r="3" t="25" w="334" /><ent r="3" t="28" w="81" /><ent r="3" t="31" w="422" /><ent r="4" t="31" w="633" /><ent r="3" t="31" w="974" /><ent r="3" t="44" w="14" /><ent r="3" t="50" w="209" /><ent r="3" t="50" w="216" /><ent r="3" t="50" w="224" /><ent r="3" t="50" w="231" /><ent r="3" t="50" w="238" /><ent r="3" t="50" w="246" /><ent r="3" t="50" w="252" /><ent r="3" t="50" w="287" /><ent r="3" t="50" w="327" /><ent r="3" t="50" w="329" /><ent r="3" t="50" w="334" /><ent r="3" t="50" w="338" /><ent r="3" t="50" w="365" /><ent r="3" t="50" w="395" /><ent r="3" t="50" w="403" /><ent r="5" t="50" w="413" /><ent r="5" t="50" w="416" /><ent r="5" t="50" w="428" /><ent r="5" t="50" w="434" /><ent r="5" t="50" w="444" /><ent r="5" t="50" w="447" /><ent r="3" t="50" w="499" /><ent r="3" t="50" w="506" /><ent r="3" t="50" w="619" /><ent r="3" t="50" w="648" /><ent r="3" t="50" w="725" /><ent r="3" t="50" w="736" /><ent r="3" t="50" w="741" /><ent r="3" t="50" w="803" /><ent r="3" t="50" w="840" /><ent r="3" t="50" w="867" /><ent r="3" t="50" w="881" /><ent r="3" t="50" w="950" /><ent r="3" t="50" w="1021" /><ent r="3" t="50" w="1073" /><ent r="3" t="50" w="1096" /><ent r="3" t="59" w="680" /><ent r="3" t="59" w="685" /><ent r="3" t="59" w="699" /><ent r="3" t="59" w="703" /><ent r="3" t="59" w="707" /><ent r="3" t="59" w="711" /><ent r="3" t="64" w="82" /><ent r="3" t="69" w="1174" /></phr><phr n="scenes"><ent r="4" t="9" w="45" /><ent r="268435456" t="12" w="1" /><ent r="4096" t="12" w="2" /><ent r="1048578" t="12" w="3" /><ent r="3" t="20" w="37" /><ent r="4" t="25" w="39" /><ent r="3" t="25" w="333" /><ent r="3" t="31" w="401" /><ent r="3" t="31" w="991" /><ent r="3" t="50" w="608" /></phr></stem><stem n="extent"><phr n="extents"><ent r="3" t="1" w="61" /><ent r="3" t="25" w="144" /><ent r="3" t="31" w="684" /><ent r="4" t="69" w="21" /><ent r="4" t="69" w="980" /></phr><phr n="extent"><ent r="3" t="30" w="145" /><ent r="4" t="62" w="443" /><ent r="4" t="62" w="453" /></phr></stem><stem n="memori"><phr n="memory"><ent r="3" t="1" w="62" /><ent r="3" t="1" w="280" /><ent r="6" t="7" w="103" /><ent r="3" t="11" w="33" /><ent r="3" t="11" w="133" /><ent r="3" t="11" w="149" /><ent r="3" t="19" w="77" /><ent r="4" t="19" w="99" /><ent r="4" t="19" w="105" /><ent r="3" t="25" w="112" /><ent r="3" t="25" w="240" /><ent r="3" t="25" w="241" /><ent r="4" t="25" w="264" /><ent r="4" t="25" w="280" /><ent r="4" t="25" w="296" /><ent r="3" t="25" w="315" /><ent r="3" t="31" w="309" /><ent r="3" t="31" w="348" /><ent r="3" t="32" w="64" /><ent r="3" t="32" w="70" /><ent r="3" t="32" w="74" /><ent r="3" t="32" w="79" /><ent r="3" t="32" w="82" /><ent r="3" t="57" w="30" /><ent r="4" t="69" w="1216" /><ent r="4" t="69" w="1233" /></phr></stem><stem n="buffer"><phr n="buffers"><ent r="3" t="1" w="63" /><ent r="6" t="7" w="110" /><ent r="3" t="19" w="78" /><ent r="3" t="20" w="38" /><ent r="4096" t="25" w="7" /><ent r="3" t="25" w="335" /><ent r="3" t="44" w="41" /><ent r="3" t="44" w="57" /><ent r="3" t="44" w="62" /><ent r="4" t="69" w="1217" /></phr><phr n="buffer"><ent r="3" t="11" w="105" /><ent r="3" t="11" w="114" /><ent r="3" t="11" w="141" /><ent r="3" t="11" w="145" /><ent r="3" t="11" w="166" /><ent r="3" t="12" w="74" /><ent r="3" t="12" w="202" /><ent r="3" t="12" w="247" /><ent r="3" t="14" w="198" /><ent r="4" t="19" w="101" /><ent r="4" t="19" w="108" /><ent r="4" t="20" w="99" /><ent r="268435456" t="25" w="2" /><ent r="4096" t="25" w="5" /><ent r="1048578" t="25" w="9" /><ent r="3" t="25" w="25" /><ent r="3" t="25" w="113" /><ent r="3" t="25" w="120" /><ent r="3" t="25" w="130" /><ent r="3" t="25" w="148" /><ent r="3" t="25" w="159" /><ent r="3" t="25" w="169" /><ent r="3" t="25" w="194" /><ent r="3" t="25" w="200" /><ent r="3" t="25" w="214" /><ent r="3" t="25" w="224" /><ent r="3" t="25" w="255" /><ent r="4" t="25" w="263" /><ent r="4" t="25" w="271" /><ent r="4" t="25" w="279" /><ent r="4" t="25" w="287" /><ent r="4" t="25" w="295" /><ent r="3" t="25" w="311" /><ent r="3" t="25" w="313" /><ent r="3" t="25" w="322" /><ent r="3" t="25" w="325" /><ent r="4" t="57" w="208" /><ent r="4" t="57" w="222" /><ent r="4" t="57" w="298" /><ent r="3" t="64" w="93" /></phr><phr n="buffering"><ent r="3" t="11" w="111" /><ent r="4" t="19" w="113" /></phr><phr n="buffered"><ent r="3" t="19" w="80" /><ent r="3" t="57" w="27" /></phr></stem><stem n="pixel"><phr n="pixel"><ent r="3" t="1" w="66" /><ent r="6" t="7" w="83" /><ent r="4" t="10" w="66" /><ent r="4" t="10" w="80" /><ent r="4" t="10" w="92" /><ent r="4" t="10" w="125" /><ent r="3" t="10" w="197" /><ent r="3" t="10" w="204" /><ent r="3" t="10" w="207" /><ent r="4" t="10" w="345" /><ent r="4" t="10" w="355" /><ent r="3" t="12" w="33" /><ent r="3" t="12" w="69" /><ent r="3" t="21" w="21" /><ent r="3" t="21" w="30" /><ent r="3" t="22" w="24" /><ent r="3" t="22" w="37" /><ent r="4" t="23" w="33" /><ent r="4" t="23" w="41" /><ent r="4" t="25" w="92" /><ent r="4" t="27" w="287" /><ent r="3" t="31" w="66" /><ent r="4" t="31" w="604" /><ent r="3" t="31" w="688" /><ent r="3" t="31" w="905" /><ent r="3" t="31" w="1046" /><ent r="3" t="31" w="1073" /><ent r="3" t="31" w="1122" /><ent r="3" t="31" w="1134" /><ent r="4" t="41" w="24" /><ent r="3" t="50" w="286" /><ent r="4" t="50" w="385" /><ent r="3" t="50" w="754" /><ent r="3" t="50" w="768" /><ent r="3" t="50" w="794" /><ent r="4" t="58" w="122" /><ent r="4" t="58" w="134" /><ent r="4" t="58" w="144" /><ent r="4" t="58" w="150" /><ent r="3" t="59" w="38" /><ent r="3" t="59" w="589" /><ent r="3" t="59" w="606" /><ent r="4" t="60" w="395" /><ent r="4" t="60" w="917" /><ent r="4" t="60" w="932" /><ent r="6" t="62" w="172" /><ent r="6" t="62" w="308" /><ent r="6" t="62" w="320" /><ent r="6" t="62" w="336" /><ent r="6" t="62" w="362" /><ent r="6" t="62" w="382" /><ent r="6" t="62" w="397" /><ent r="6" t="62" w="405" /><ent r="4" t="62" w="495" /><ent r="4" t="62" w="554" /><ent r="3" t="64" w="38" /><ent r="3" t="64" w="56" /><ent r="3" t="64" w="68" /><ent r="3" t="64" w="73" /><ent r="3" t="64" w="87" /><ent r="3" t="64" w="99" /><ent r="3" t="64" w="108" /><ent r="3" t="64" w="116" /><ent r="3" t="64" w="135" /><ent r="3" t="64" w="137" /><ent r="3" t="64" w="184" /><ent r="3" t="64" w="193" /><ent r="3" t="64" w="202" /><ent r="3" t="64" w="268" /><ent r="3" t="64" w="274" /><ent r="4" t="64" w="284" /><ent r="4" t="64" w="290" /><ent r="4" t="64" w="294" /><ent r="4" t="69" w="14" /><ent r="4" t="69" w="20" /><ent r="4" t="69" w="152" /><ent r="4" t="69" w="160" /><ent r="4" t="69" w="714" /><ent r="4" t="69" w="740" /><ent r="4" t="69" w="964" /><ent r="3" t="69" w="1062" /><ent r="4" t="69" w="1095" /><ent r="4" t="69" w="1114" /><ent r="4" t="69" w="1130" /><ent r="5" t="69" w="1142" /><ent r="4" t="69" w="1253" /><ent r="4" t="69" w="1276" /><ent r="4" t="69" w="1284" /></phr><phr n="pixels"><ent r="4" t="10" w="114" /><ent r="3" t="12" w="56" /><ent r="3" t="12" w="62" /><ent r="3" t="12" w="131" /><ent r="3" t="12" w="156" /><ent r="3" t="12" w="189" /><ent r="3" t="12" w="205" /><ent r="3" t="12" w="236" /><ent r="3" t="12" w="250" /><ent r="3" t="14" w="183" /><ent r="3" t="20" w="34" /><ent r="3" t="22" w="47" /><ent r="3" t="25" w="187" /><ent r="3" t="25" w="193" /><ent r="3" t="31" w="1159" /><ent r="3" t="38" w="14" /><ent r="4" t="52" w="68" /><ent r="3" t="59" w="400" /><ent r="3" t="59" w="412" /><ent r="6" t="62" w="256" /><ent r="6" t="62" w="377" /><ent r="4" t="62" w="427" /><ent r="4" t="62" w="439" /><ent r="4" t="62" w="447" /><ent r="4" t="62" w="455" /><ent r="4" t="62" w="468" /><ent r="268435456" t="64" w="3" /><ent r="4096" t="64" w="8" /><ent r="4096" t="64" w="13" /><ent r="1048578" t="64" w="16" /><ent r="3" t="64" w="42" /><ent r="3" t="64" w="60" /><ent r="3" t="64" w="103" /><ent r="3" t="64" w="342" /><ent r="4" t="69" w="822" /><ent r="4" t="69" w="1083" /><ent r="4" t="69" w="1288" /></phr></stem><stem n="etc"><phr n="etc"><ent r="3" t="1" w="69" /><ent r="3" t="2" w="55" /><ent r="3" t="6" w="24" /><ent r="4" t="10" w="347" /><ent r="3" t="15" w="31" /><ent r="4" t="16" w="55" /><ent r="4" t="18" w="64" /><ent r="4" t="19" w="128" /><ent r="3" t="20" w="43" /><ent r="3" t="22" w="158" /><ent r="3" t="24" w="69" /><ent r="4" t="27" w="291" /><ent r="4" t="36" w="74" /><ent r="4" t="36" w="80" /><ent r="3" t="38" w="29" /><ent r="3" t="43" w="88" /><ent r="3" t="46" w="54" /><ent r="3" t="46" w="61" /><ent r="3" t="49" w="16" /><ent r="3" t="54" w="53" /><ent r="3" t="54" w="125" /><ent r="3" t="57" w="34" /><ent r="3" t="57" w="550" /><ent r="3" t="58" w="179" /><ent r="3" t="60" w="168" /><ent r="3" t="60" w="438" /><ent r="3" t="62" w="110" /><ent r="3" t="64" w="53" /><ent r="4" t="69" w="831" /><ent r="4" t="69" w="844" /></phr></stem><stem n="full"><phr n="full"><ent r="3" t="1" w="74" /><ent r="3" t="1" w="221" /><ent r="3" t="3" w="70" /><ent r="3" t="11" w="72" /><ent r="3" t="12" w="89" /><ent r="3" t="12" w="102" /><ent r="3" t="12" w="113" /><ent r="3" t="12" w="152" /><ent r="3" t="12" w="208" /><ent r="3" t="12" w="253" /><ent r="4" t="25" w="297" /><ent r="4" t="27" w="113" /><ent r="3" t="38" w="67" /><ent r="3" t="42" w="25" /><ent r="3" t="46" w="68" /><ent r="4" t="50" w="387" /><ent r="3" t="50" w="492" /><ent r="3" t="50" w="851" /><ent r="3" t="50" w="880" /><ent r="3" t="50" w="882" /><ent r="3" t="50" w="887" /><ent r="3" t="50" w="951" /><ent r="3" t="50" w="958" /><ent r="3" t="50" w="1020" /><ent r="3" t="50" w="1072" /><ent r="3" t="50" w="1095" /><ent r="3" t="68" w="95" /><ent r="4" t="69" w="484" /><ent r="4" t="69" w="786" /></phr></stem><stem n="2"><phr n="2"><ent r="3" t="1" w="78" /><ent r="4" t="5" w="33" /><ent r="4" t="5" w="36" /><ent r="5" t="5" w="162" /><ent r="5" t="5" w="178" /><ent r="5" t="5" w="283" /><ent r="5" t="5" w="343" /><ent r="5" t="5" w="361" /><ent r="3" t="10" w="218" /><ent r="3" t="12" w="106" /><ent r="3" t="12" w="164" /><ent r="3" t="12" w="187" /><ent r="3" t="12" w="224" /><ent r="3" t="12" w="272" /><ent r="4" t="25" w="74" /><ent r="4096" t="30" w="12" /><ent r="4" t="31" w="189" /><ent r="3" t="31" w="813" /><ent r="3" t="31" w="908" /><ent r="3" t="31" w="988" /><ent r="3" t="31" w="994" /><ent r="3" t="31" w="1092" /><ent r="3" t="31" w="1094" /><ent r="4" t="35" w="110" /><ent r="4" t="35" w="118" /><ent r="5" t="39" w="127" /><ent r="3" t="50" w="307" /><ent r="3" t="50" w="321" /><ent r="3" t="53" w="92" /><ent r="3" t="53" w="94" /><ent r="3" t="53" w="183" /><ent r="3" t="58" w="206" /><ent r="3" t="58" w="208" /><ent r="3" t="59" w="581" /><ent r="3" t="60" w="266" /><ent r="3" t="60" w="283" /><ent r="258" t="60" w="317" /><ent r="3" t="60" w="341" /><ent r="3" t="60" w="367" /><ent r="3" t="60" w="368" /><ent r="3" t="60" w="634" /><ent r="3" t="60" w="666" /><ent r="3" t="60" w="718" /><ent r="3" t="60" w="719" /><ent r="3" t="60" w="761" /><ent r="3" t="60" w="762" /><ent r="3" t="60" w="790" /><ent r="3" t="60" w="803" /><ent r="3" t="60" w="804" /><ent r="3" t="60" w="820" /><ent r="3" t="60" w="825" /><ent r="3" t="60" w="883" /><ent r="3" t="60" w="945" /><ent r="3" t="60" w="946" /><ent r="3" t="60" w="947" /><ent r="3" t="60" w="963" /><ent r="3" t="60" w="984" /><ent r="3" t="60" w="985" /><ent r="3" t="60" w="986" /><ent r="3" t="60" w="996" /><ent r="3" t="60" w="1002" /><ent r="3" t="60" w="1023" /><ent r="3" t="60" w="1024" /><ent r="3" t="60" w="1025" /><ent r="3" t="60" w="1041" /><ent r="3" t="60" w="1061" /><ent r="3" t="60" w="1081" /><ent r="3" t="61" w="313" /><ent r="3" t="61" w="339" /><ent r="6" t="62" w="142" /><ent r="6" t="62" w="162" /><ent r="4" t="69" w="102" /><ent r="4" t="69" w="165" /><ent r="4" t="69" w="173" /><ent r="4" t="69" w="243" /><ent r="4" t="69" w="465" /><ent r="4" t="69" w="798" /><ent r="4" t="69" w="848" /><ent r="5" t="69" w="1110" /><ent r="4" t="69" w="1161" /></phr></stem><stem n="mg2"><phr n="mg2"><ent r="3" t="1" w="79" /><ent r="4" t="29" w="103" /><ent r="268435456" t="30" w="1" /><ent r="4096" t="30" w="6" /><ent r="1048578" t="30" w="16" /><ent r="3" t="30" w="33" /><ent r="3" t="30" w="34" /><ent r="3" t="30" w="48" /><ent r="3" t="30" w="66" /><ent r="3" t="30" w="74" /><ent r="3" t="30" w="129" /><ent r="3" t="30" w="252" /><ent r="4" t="30" w="266" /><ent r="4" t="30" w="271" /><ent r="4" t="30" w="275" /><ent r="4" t="30" w="308" /><ent r="3" t="30" w="362" /><ent r="3" t="31" w="100" /><ent r="4" t="31" w="1303" /><ent r="3" t="32" w="25" /><ent r="3" t="50" w="181" /><ent r="3" t="53" w="19" /><ent r="3" t="53" w="38" /><ent r="3" t="53" w="140" /><ent r="3" t="53" w="148" /><ent r="4" t="53" w="246" /><ent r="3" t="62" w="689" /><ent r="3" t="62" w="696" /><ent r="4" t="62" w="698" /><ent r="6" t="62" w="815" /><ent r="4" t="69" w="605" /><ent r="3" t="69" w="845" /><ent r="4" t="69" w="855" /><ent r="5" t="69" w="886" /><ent r="4" t="69" w="900" /><ent r="5" t="69" w="914" /><ent r="4" t="69" w="952" /><ent r="5" t="69" w="956" /></phr></stem><stem n="3"><phr n="3"><ent r="3" t="1" w="82" /><ent r="5" t="5" w="183" /><ent r="5" t="5" w="202" /><ent r="3" t="5" w="234" /><ent r="5" t="5" w="260" /><ent r="5" t="5" w="313" /><ent r="5" t="5" w="333" /><ent r="3" t="10" w="262" /><ent r="3" t="10" w="315" /><ent r="3" t="12" w="198" /><ent r="4096" t="30" w="15" /><ent r="3" t="31" w="155" /><ent r="4" t="36" w="91" /><ent r="4" t="53" w="110" /><ent r="3" t="53" w="129" /><ent r="3" t="53" w="136" /><ent r="3" t="53" w="151" /><ent r="4" t="54" w="76" /><ent r="3" t="59" w="230" /><ent r="3" t="59" w="731" /><ent r="3" t="60" w="303" /><ent r="258" t="60" w="503" /><ent r="3" t="60" w="607" /><ent r="3" t="60" w="633" /><ent r="3" t="60" w="665" /><ent r="3" t="60" w="672" /><ent r="3" t="60" w="717" /><ent r="3" t="60" w="760" /><ent r="3" t="60" w="802" /><ent r="3" t="60" w="882" /><ent r="3" t="60" w="944" /><ent r="3" t="60" w="983" /><ent r="3" t="60" w="1022" /><ent r="3" t="60" w="1035" /><ent r="3" t="60" w="1060" /><ent r="3" t="60" w="1062" /><ent r="3" t="61" w="163" /><ent r="3" t="61" w="314" /><ent r="3" t="61" w="353" /><ent r="3" t="61" w="406" /><ent r="6" t="62" w="140" /><ent r="6" t="62" w="281" /><ent r="6" t="62" w="726" /><ent r="4" t="69" w="56" /><ent r="4" t="69" w="96" /><ent r="4" t="69" w="100" /><ent r="4" t="69" w="167" /><ent r="4" t="69" w="171" /><ent r="4" t="69" w="235" /><ent r="4" t="69" w="237" /><ent r="4" t="69" w="241" /><ent r="4" t="69" w="869" /></phr></stem><stem n="mg3"><phr n="mg3"><ent r="3" t="1" w="83" /><ent r="3" t="1" w="93" /><ent r="4" t="29" w="104" /><ent r="268435456" t="30" w="2" /><ent r="4096" t="30" w="5" /><ent r="1048578" t="30" w="17" /><ent r="3" t="30" w="32" /><ent r="3" t="30" w="55" /><ent r="3" t="30" w="70" /><ent r="3" t="30" w="79" /><ent r="3" t="30" w="81" /><ent r="3" t="30" w="95" /><ent r="3" t="30" w="105" /><ent r="3" t="30" w="121" /><ent r="3" t="30" w="128" /><ent r="3" t="30" w="136" /><ent r="3" t="30" w="253" /><ent r="4" t="30" w="280" /><ent r="4" t="30" w="304" /><ent r="4" t="30" w="319" /><ent r="3" t="30" w="363" /><ent r="3" t="31" w="1296" /><ent r="4" t="31" w="1300" /><ent r="3" t="32" w="26" /><ent r="3" t="33" w="44" /><ent r="3" t="49" w="80" /><ent r="3" t="50" w="77" /><ent r="3" t="50" w="182" /><ent r="3" t="53" w="20" /><ent r="3" t="53" w="141" /><ent r="3" t="53" w="144" /><ent r="3" t="53" w="227" /><ent r="4" t="53" w="259" /><ent r="4" t="69" w="295" /><ent r="5" t="69" w="304" /><ent r="5" t="69" w="864" /><ent r="3" t="69" w="866" /><ent r="4" t="69" w="876" /><ent r="4" t="69" w="901" /><ent r="5" t="69" w="915" /><ent r="4" t="69" w="953" /><ent r="5" t="69" w="957" /><ent r="4" t="69" w="1023" /><ent r="4" t="69" w="1027" /></phr></stem><stem n="abil"><phr n="ability"><ent r="3" t="1" w="90" /><ent r="3" t="10" w="31" /><ent r="3" t="23" w="117" /><ent r="3" t="24" w="79" /><ent r="3" t="30" w="97" /><ent r="3" t="31" w="1225" /><ent r="3" t="32" w="50" /><ent r="4" t="54" w="312" /><ent r="3" t="61" w="556" /><ent r="3" t="61" w="644" /><ent r="3" t="61" w="784" /></phr><phr n="abilities"><ent r="3" t="31" w="850" /></phr></stem><stem n="composit"><phr n="composite"><ent r="3" t="1" w="92" /><ent r="3" t="30" w="63" /><ent r="3" t="30" w="71" /><ent r="3" t="30" w="104" /><ent r="3" t="30" w="122" /><ent r="3" t="30" w="147" /><ent r="3" t="30" w="154" /><ent r="4" t="30" w="176" /><ent r="4" t="30" w="278" /><ent r="4" t="30" w="305" /><ent r="4" t="30" w="311" /><ent r="4" t="30" w="336" /><ent r="3" t="31" w="1228" /><ent r="3" t="31" w="1259" /><ent r="4" t="31" w="1305" /><ent r="4" t="31" w="1315" /><ent r="4" t="31" w="1335" /><ent r="3" t="32" w="30" /><ent r="3" t="32" w="41" /><ent r="3" t="49" w="79" /><ent r="3" t="69" w="292" /><ent r="4" t="69" w="882" /><ent r="4" t="69" w="910" /></phr><phr n="composition"><ent r="4" t="27" w="46" /><ent r="4" t="69" w="917" /></phr><phr n="composites"><ent r="3" t="30" w="132" /><ent r="3" t="30" w="234" /><ent r="3" t="30" w="240" /><ent r="4096" t="31" w="1209" /><ent r="4096" t="31" w="1212" /><ent r="258" t="31" w="1215" /><ent r="3" t="31" w="1297" /><ent r="3" t="31" w="1299" /><ent r="4" t="31" w="1309" /></phr></stem><stem n="oper"><phr n="operations"><ent r="3" t="1" w="108" /><ent r="3" t="1" w="123" /><ent r="3" t="1" w="204" /><ent r="3" t="7" w="21" /><ent r="3" t="13" w="21" /><ent r="4" t="19" w="124" /><ent r="3" t="22" w="116" /><ent r="3" t="23" w="74" /><ent r="3" t="23" w="97" /><ent r="3" t="30" w="226" /><ent r="3" t="31" w="729" /><ent r="3" t="31" w="1145" /><ent r="3" t="32" w="86" /><ent r="3" t="32" w="130" /><ent r="3" t="39" w="47" /><ent r="3" t="40" w="15" /><ent r="3" t="44" w="49" /><ent r="3" t="46" w="49" /><ent r="3" t="51" w="28" /><ent r="3" t="51" w="53" /><ent r="3" t="57" w="40" /><ent r="3" t="57" w="46" /><ent r="3" t="57" w="53" /><ent r="3" t="62" w="86" /><ent r="3" t="64" w="149" /><ent r="4" t="69" w="1040" /></phr><phr n="operation"><ent r="6" t="7" w="55" /><ent r="3" t="10" w="16" /><ent r="3" t="22" w="122" /><ent r="3" t="25" w="157" /><ent r="4" t="27" w="217" /><ent r="3" t="31" w="704" /><ent r="4" t="57" w="451" /><ent r="4" t="57" w="456" /><ent r="6" t="62" w="237" /><ent r="3" t="64" w="48" /><ent r="4" t="69" w="307" /><ent r="4" t="69" w="422" /><ent r="4" t="69" w="1228" /></phr><phr n="operating"><ent r="4" t="8" w="202" /><ent r="3" t="60" w="576" /></phr><phr n="operate"><ent r="3" t="19" w="32" /></phr><phr n="operator"><ent r="4" t="54" w="551" /><ent r="4" t="54" w="561" /></phr></stem><stem n="nitf"><phr n="nitf"><ent r="3" t="1" w="113" /><ent r="3" t="1" w="116" /><ent r="6" t="7" w="48" /><ent r="4" t="10" w="140" /><ent r="268435456" t="35" w="1" /><ent r="4096" t="35" w="3" /><ent r="16777218" t="35" w="6" /><ent r="3" t="35" w="12" /><ent r="3" t="35" w="35" /><ent r="3" t="35" w="54" /><ent r="3" t="35" w="69" /><ent r="3" t="35" w="98" /><ent r="3" t="35" w="107" /><ent r="4" t="35" w="120" /><ent r="3" t="35" w="134" /><ent r="3" t="35" w="139" /><ent r="3" t="35" w="153" /><ent r="3" t="35" w="163" /><ent r="4" t="35" w="175" /><ent r="4" t="35" w="182" /><ent r="4" t="35" w="184" /><ent r="268435456" t="36" w="1" /><ent r="4096" t="36" w="3" /><ent r="4096" t="36" w="7" /><ent r="1048578" t="36" w="9" /><ent r="3" t="36" w="16" /><ent r="3" t="36" w="48" /><ent r="3" t="36" w="54" /><ent r="4" t="36" w="117" /><ent r="5" t="36" w="128" /><ent r="5" t="36" w="142" /><ent r="268435456" t="37" w="1" /><ent r="4096" t="37" w="5" /><ent r="4096" t="37" w="7" /><ent r="4096" t="37" w="11" /><ent r="1048578" t="37" w="13" /><ent r="3" t="37" w="20" /><ent r="3" t="37" w="23" /><ent r="3" t="37" w="27" /><ent r="4" t="37" w="43" /><ent r="3" t="37" w="51" /><ent r="3" t="37" w="59" /><ent r="7" t="37" w="90" /><ent r="6" t="37" w="95" /><ent r="6" t="37" w="99" /><ent r="6" t="37" w="103" /><ent r="6" t="37" w="107" /><ent r="6" t="37" w="111" /><ent r="6" t="37" w="115" /><ent r="6" t="37" w="119" /><ent r="6" t="37" w="123" /><ent r="6" t="37" w="127" /><ent r="6" t="37" w="131" /><ent r="6" t="37" w="135" /><ent r="6" t="37" w="139" /><ent r="6" t="37" w="143" /><ent r="6" t="37" w="147" /><ent r="3" t="37" w="162" /><ent r="7" t="37" w="181" /><ent r="6" t="37" w="186" /><ent r="6" t="37" w="190" /><ent r="6" t="37" w="194" /><ent r="6" t="37" w="198" /><ent r="6" t="37" w="202" /><ent r="6" t="37" w="206" /><ent r="6" t="37" w="210" /><ent r="6" t="37" w="214" /><ent r="6" t="37" w="218" /><ent r="6" t="37" w="222" /><ent r="6" t="37" w="226" /><ent r="6" t="37" w="230" /><ent r="6" t="37" w="234" /><ent r="6" t="37" w="238" /><ent r="6" t="37" w="242" /><ent r="6" t="37" w="246" /><ent r="7" t="37" w="268" /><ent r="6" t="37" w="273" /><ent r="6" t="37" w="277" /><ent r="6" t="37" w="281" /><ent r="6" t="37" w="285" /><ent r="6" t="37" w="289" /><ent r="6" t="37" w="293" /><ent r="6" t="37" w="297" /><ent r="6" t="37" w="301" /><ent r="6" t="37" w="305" /><ent r="6" t="37" w="309" /><ent r="5" t="37" w="358" /><ent r="4" t="37" w="366" /><ent r="5" t="37" w="387" /><ent r="5" t="37" w="390" /><ent r="5" t="37" w="393" /><ent r="5" t="37" w="396" /><ent r="3" t="42" w="46" /><ent r="4" t="42" w="58" /><ent r="3" t="43" w="20" /><ent r="3" t="48" w="74" /><ent r="4" t="49" w="35" /><ent r="4" t="52" w="59" /><ent r="268435456" t="61" w="2" /><ent r="4096" t="61" w="5" /><ent r="4096" t="61" w="7" /><ent r="4096" t="61" w="12" /><ent r="1048578" t="61" w="15" /><ent r="3" t="61" w="45" /><ent r="258" t="61" w="68" /><ent r="3" t="61" w="415" /><ent r="3" t="61" w="509" /><ent r="3" t="61" w="562" /></phr></stem><stem n="wkts"><phr n="wkts"><ent r="3" t="1" w="129" /></phr></stem><stem n="spatial"><phr n="spatial"><ent r="3" t="1" w="133" /><ent r="3" t="67" w="186" /></phr></stem><stem n="refer"><phr n="reference"><ent r="3" t="1" w="134" /><ent r="4" t="1" w="224" /><ent r="4" t="2" w="58" /><ent r="3" t="3" w="45" /><ent r="4" t="3" w="47" /><ent r="4" t="3" w="67" /><ent r="4" t="3" w="125" /><ent r="4" t="4" w="20" /><ent r="3" t="4" w="47" /><ent r="3" t="13" w="60" /><ent r="3" t="14" w="133" /><ent r="4096" t="14" w="209" /><ent r="3" t="14" w="211" /><ent r="3" t="14" w="215" /><ent r="3" t="14" w="264" /><ent r="3" t="14" w="272" /><ent r="4" t="15" w="46" /><ent r="4" t="17" w="55" /><ent r="4" t="19" w="67" /><ent r="4" t="19" w="130" /><ent r="4" t="20" w="59" /><ent r="3" t="20" w="63" /><ent r="4" t="22" w="132" /><ent r="4" t="27" w="295" /><ent r="4" t="28" w="69" /><ent r="3" t="31" w="680" /><ent r="3" t="33" w="125" /><ent r="4" t="34" w="48" /><ent r="4" t="36" w="42" /><ent r="4" t="38" w="70" /><ent r="4" t="42" w="119" /><ent r="4" t="46" w="71" /><ent r="3" t="49" w="112" /><ent r="4" t="52" w="44" /><ent r="4" t="54" w="58" /><ent r="3" t="54" w="381" /><ent r="4" t="54" w="385" /><ent r="4" t="54" w="434" /><ent r="4" t="54" w="442" /><ent r="4" t="54" w="451" /><ent r="3" t="54" w="497" /><ent r="4" t="54" w="501" /><ent r="268435456" t="56" w="1" /><ent r="4096" t="56" w="3" /><ent r="1048578" t="56" w="5" /><ent r="3" t="56" w="10" /><ent r="4" t="69" w="646" /><ent r="268435456" t="70" w="1" /><ent r="4096" t="70" w="3" /><ent r="16777218" t="70" w="5" /><ent r="4" t="70" w="7" /></phr><phr n="refer"><ent r="3" t="2" w="57" /><ent r="3" t="13" w="103" /><ent r="3" t="20" w="58" /><ent r="3" t="50" w="372" /><ent r="3" t="60" w="256" /><ent r="4" t="69" w="824" /></phr><phr n="referred"><ent r="3" t="31" w="565" /><ent r="3" t="59" w="50" /><ent r="3" t="62" w="46" /></phr><phr n="refers"><ent r="3" t="57" w="58" /><ent r="3" t="60" w="245" /><ent r="3" t="62" w="78" /><ent r="4" t="69" w="724" /><ent r="4" t="69" w="833" /></phr><phr n="referring"><ent r="6" t="62" w="685" /></phr></stem><stem n="system"><phr n="system"><ent r="3" t="1" w="135" /><ent r="4" t="4" w="82" /><ent r="268435456" t="5" w="1" /><ent r="4096" t="5" w="3" /><ent r="1048578" t="5" w="5" /><ent r="3" t="5" w="26" /><ent r="4096" t="5" w="46" /><ent r="4096" t="5" w="151" /><ent r="4096" t="5" w="246" /><ent r="4096" t="5" w="298" /><ent r="4096" t="5" w="365" /><ent r="4" t="8" w="203" /><ent r="3" t="10" w="10" /><ent r="3" t="10" w="337" /><ent r="3" t="17" w="53" /><ent r="3" t="20" w="23" /><ent r="3" t="22" w="70" /><ent r="3" t="29" w="85" /><ent r="3" t="31" w="681" /><ent r="3" t="33" w="126" /><ent r="3" t="38" w="36" /><ent r="3" t="38" w="41" /><ent r="3" t="38" w="62" /><ent r="3" t="49" w="113" /><ent r="4" t="54" w="459" /><ent r="3" t="55" w="9" /><ent r="3" t="59" w="430" /><ent r="3" t="59" w="523" /><ent r="3" t="60" w="577" /><ent r="3" t="61" w="57" /><ent r="3" t="61" w="138" /><ent r="3" t="61" w="175" /><ent r="3" t="61" w="387" /><ent r="4" t="61" w="445" /><ent r="3" t="61" w="570" /><ent r="4" t="62" w="530" /><ent r="3" t="68" w="41" /></phr><phr n="systems"><ent r="3" t="12" w="301" /><ent r="3" t="18" w="12" /><ent r="3" t="22" w="66" /><ent r="3" t="32" w="122" /><ent r="3" t="33" w="51" /><ent r="4" t="69" w="647" /></phr></stem></index>