<?xml version="1.0" encoding="utf-8"?><index><stem n="instead"><phr n="instead"><ent r="3" t="14" w="41" /><ent r="3" t="19" w="35" /><ent r="3" t="31" w="1119" /><ent r="3" t="43" w="70" /><ent r="4" t="54" w="303" /><ent r="4" t="54" w="615" /><ent r="4" t="54" w="708" /></phr></stem><stem n="throw"><phr n="throwing"><ent r="3" t="14" w="43" /></phr><phr n="throw"><ent r="5" t="54" w="251" /></phr></stem><stem n="lt_status"><phr n="lt_status"><ent r="4" t="14" w="49" /><ent r="4" t="16" w="36" /><ent r="5" t="16" w="60" /><ent r="4" t="17" w="14" /><ent r="4" t="17" w="38" /><ent r="3" t="44" w="20" /><ent r="4" t="54" w="280" /><ent r="4" t="54" w="283" /><ent r="5" t="54" w="298" /><ent r="3" t="55" w="71" /></phr></stem><stem n="typedef"><phr n="typedef"><ent r="3" t="14" w="51" /><ent r="4" t="54" w="699" /></phr><phr n="typedefs"><ent r="4" t="15" w="56" /><ent r="268435456" t="16" w="4" /><ent r="4096" t="16" w="8" /><ent r="1048578" t="16" w="15" /><ent r="4" t="16" w="72" /></phr></stem><stem n="d"><phr n="d"><ent r="3" t="14" w="52" /><ent r="4" t="35" w="65" /></phr></stem><stem n="unsign"><phr n="unsigned"><ent r="3" t="14" w="53" /><ent r="3" t="21" w="36" /><ent r="3" t="31" w="99" /><ent r="3" t="31" w="113" /><ent r="4" t="36" w="85" /><ent r="3" t="50" w="142" /><ent r="3" t="50" w="197" /><ent r="3" t="50" w="204" /><ent r="3" t="60" w="347" /><ent r="3" t="60" w="613" /><ent r="3" t="60" w="800" /><ent r="3" t="60" w="834" /><ent r="3" t="60" w="970" /><ent r="3" t="60" w="1009" /><ent r="3" t="60" w="1048" /><ent r="6" t="62" w="154" /><ent r="6" t="62" w="163" /><ent r="4" t="69" w="559" /><ent r="4" t="69" w="563" /><ent r="4" t="69" w="566" /></phr></stem><stem n="integ"><phr n="integer"><ent r="3" t="14" w="54" /><ent r="3" t="17" w="36" /><ent r="4" t="30" w="291" /><ent r="3" t="31" w="124" /><ent r="3" t="31" w="144" /><ent r="3" t="61" w="186" /><ent r="6" t="62" w="608" /><ent r="6" t="62" w="619" /><ent r="6" t="62" w="630" /><ent r="4" t="69" w="1151" /><ent r="4" t="69" w="1345" /></phr><phr n="integers"><ent r="3" t="21" w="37" /><ent r="3" t="31" w="114" /></phr></stem><stem n="heavi"><phr n="heavy"><ent r="3" t="14" w="65" /><ent r="4" t="54" w="321" /></phr></stem><stem n="weight"><phr n="weight"><ent r="3" t="14" w="66" /><ent r="8" t="62" w="644" /><ent r="6" t="62" w="648" /><ent r="6" t="62" w="649" /><ent r="6" t="62" w="714" /><ent r="6" t="62" w="731" /><ent r="5" t="69" w="622" /><ent r="3" t="69" w="691" /><ent r="5" t="69" w="1201" /><ent r="3" t="69" w="1303" /><ent r="5" t="69" w="1321" /></phr></stem><stem n="nontrivi"><phr n="nontrivial"><ent r="3" t="14" w="69" /><ent r="4" t="19" w="112" /><ent r="4" t="54" w="324" /><ent r="4" t="54" w="352" /></phr></stem><stem n="immedi"><phr n="immediately"><ent r="3" t="14" w="78" /><ent r="4" t="57" w="522" /></phr></stem><stem n="invok"><phr n="invoking"><ent r="3" t="14" w="79" /></phr><phr n="invoke"><ent r="3" t="46" w="62" /></phr><phr n="invoked"><ent r="3" t="51" w="43" /></phr></stem><stem n="extra"><phr n="extra"><ent r="3" t="14" w="85" /><ent r="4" t="54" w="331" /></phr></stem><stem n="caller"><phr n="caller"><ent r="3" t="14" w="94" /><ent r="4" t="57" w="482" /></phr></stem><stem n="reli"><phr n="relying"><ent r="3" t="14" w="96" /><ent r="3" t="19" w="23" /><ent r="3" t="33" w="31" /><ent r="4" t="54" w="250" /><ent r="4" t="54" w="342" /><ent r="4" t="57" w="193" /></phr><phr n="rely"><ent r="3" t="20" w="24" /></phr></stem><stem n="thrown"><phr n="thrown"><ent r="3" t="14" w="98" /></phr></stem><stem n="creator"><phr n="creator"><ent r="4096" t="14" w="100" /><ent r="3" t="14" w="103" /><ent r="3" t="14" w="110" /><ent r="3" t="54" w="356" /><ent r="4" t="69" w="841" /></phr></stem><stem n="delet"><phr n="deletes"><ent r="4096" t="14" w="101" /><ent r="3" t="14" w="104" /><ent r="3" t="14" w="111" /><ent r="3" t="54" w="357" /></phr><phr n="deleting"><ent r="3" t="14" w="119" /><ent r="4" t="54" w="368" /></phr><phr n="delete"><ent r="3" t="14" w="277" /><ent r="4" t="54" w="447" /></phr></stem><stem n="rule"><phr n="rule"><ent r="4096" t="14" w="102" /><ent r="3" t="14" w="105" /><ent r="3" t="14" w="112" /><ent r="3" t="14" w="124" /><ent r="4096" t="14" w="142" /><ent r="3" t="14" w="144" /><ent r="3" t="54" w="358" /><ent r="3" t="56" w="32" /></phr><phr n="rules"><ent r="3" t="54" w="42" /><ent r="3" t="61" w="500" /><ent r="3" t="64" w="279" /></phr></stem><stem n="heap"><phr n="heap"><ent r="3" t="14" w="117" /></phr></stem><stem n="respons"><phr n="responsible"><ent r="3" t="14" w="118" /><ent r="3" t="40" w="34" /></phr><phr n="responsibility"><ent r="3" t="18" w="37" /><ent r="4" t="54" w="367" /></phr></stem><stem n="ownership"><phr n="ownership"><ent r="3" t="14" w="127" /><ent r="4" t="54" w="376" /><ent r="4" t="54" w="512" /></phr></stem><stem n="across"><phr n="across"><ent r="3" t="14" w="129" /></phr></stem><stem n="count"><phr n="counting"><ent r="3" t="14" w="134" /><ent r="4096" t="14" w="210" /><ent r="3" t="14" w="212" /><ent r="3" t="14" w="216" /><ent r="4" t="52" w="45" /><ent r="3" t="54" w="382" /><ent r="4" t="54" w="386" /><ent r="268435456" t="56" w="2" /><ent r="4096" t="56" w="4" /><ent r="1048578" t="56" w="6" /></phr><phr n="count"><ent r="3" t="14" w="265" /><ent r="4" t="54" w="435" /></phr><phr n="counted"><ent r="4" t="54" w="452" /><ent r="3" t="56" w="11" /></phr></stem><stem n="rc"><phr n="rc"><ent r="4" t="14" w="136" /></phr></stem><stem n="address"><phr n="address"><ent r="3" t="14" w="139" /><ent r="4" t="54" w="372" /><ent r="4" t="54" w="509" /><ent r="3" t="61" w="136" /><ent r="4" t="69" w="534" /><ent r="4" t="69" w="543" /><ent r="7" t="69" w="569" /></phr><phr n="addressed"><ent r="3" t="61" w="463" /></phr></stem><stem n="magic"><phr n="magic"><ent r="4096" t="14" w="141" /><ent r="3" t="14" w="143" /></phr></stem><stem n="tend"><phr n="tend"><ent r="3" t="14" w="147" /></phr></stem><stem n="attempt"><phr n="attempt"><ent r="3" t="14" w="151" /><ent r="3" t="48" w="81" /><ent r="3" t="48" w="97" /><ent r="4" t="57" w="393" /><ent r="3" t="60" w="598" /></phr></stem><stem n="silent"><phr n="silently"><ent r="3" t="14" w="152" /></phr></stem><stem n="guess"><phr n="guess"><ent r="3" t="14" w="153" /></phr><phr n="guesses"><ent r="3" t="14" w="163" /></phr></stem><stem n="otherwis"><phr n="otherwise"><ent r="3" t="14" w="158" /><ent r="3" t="50" w="720" /><ent r="3" t="53" w="70" /><ent r="4" t="54" w="380" /><ent r="3" t="59" w="233" /><ent r="4" t="64" w="286" /><ent r="4" t="64" w="292" /></phr></stem><stem n="thing"><phr n="thing"><ent r="3" t="14" w="161" /></phr><phr n="things"><ent r="4" t="27" w="53" /></phr></stem><stem n="correct"><phr n="correct"><ent r="3" t="14" w="165" /></phr><phr n="correctly"><ent r="3" t="31" w="1281" /><ent r="3" t="62" w="88" /></phr><phr n="correctness"><ent r="4" t="54" w="736" /></phr></stem><stem n="occasion"><phr n="occasionally"><ent r="3" t="14" w="166" /></phr></stem><stem n="easier"><phr n="easier"><ent r="3" t="14" w="167" /><ent r="3" t="67" w="327" /></phr></stem><stem n="incorrect"><phr n="incorrect"><ent r="3" t="14" w="171" /></phr></stem><stem n="mask"><phr n="mask"><ent r="3" t="14" w="173" /><ent r="3" t="31" w="1138" /><ent r="3" t="31" w="1146" /><ent r="3" t="31" w="1165" /></phr><phr n="masking"><ent r="4" t="30" w="296" /></phr><phr n="masked"><ent r="4" t="36" w="73" /><ent r="4" t="62" w="467" /><ent r="4" t="62" w="470" /></phr></stem><stem n="deeper"><phr n="deeper"><ent r="3" t="14" w="174" /></phr></stem><stem n="ineffici"><phr n="inefficiencies"><ent r="3" t="14" w="177" /></phr></stem><stem n="implicit"><phr n="implicit"><ent r="3" t="14" w="190" /></phr><phr n="implicitly"><ent r="4" t="54" w="348" /></phr></stem><stem n="g"><phr n="g"><ent r="3" t="14" w="194" /><ent r="3" t="21" w="25" /><ent r="3" t="21" w="33" /><ent r="3" t="50" w="356" /><ent r="4" t="54" w="179" /><ent r="4" t="57" w="140" /><ent r="3" t="60" w="676" /><ent r="6" t="62" w="287" /><ent r="6" t="62" w="713" /><ent r="4" t="69" w="41" /><ent r="7" t="69" w="112" /><ent r="7" t="69" w="114" /><ent r="7" t="69" w="116" /><ent r="7" t="69" w="130" /><ent r="7" t="69" w="132" /><ent r="7" t="69" w="134" /><ent r="7" t="69" w="179" /><ent r="7" t="69" w="185" /><ent r="7" t="69" w="191" /><ent r="7" t="69" w="197" /><ent r="7" t="69" w="203" /><ent r="7" t="69" w="209" /><ent r="7" t="69" w="259" /><ent r="7" t="69" w="261" /><ent r="7" t="69" w="263" /><ent r="7" t="69" w="265" /><ent r="7" t="69" w="267" /><ent r="7" t="69" w="269" /><ent r="4" t="69" w="359" /></phr></stem><stem n="lifespan"><phr n="lifespan"><ent r="3" t="14" w="218" /><ent r="4" t="54" w="388" /></phr></stem><stem n="compris"><phr n="comprise"><ent r="3" t="14" w="220" /><ent r="4" t="54" w="390" /></phr></stem><stem n="spirit"><phr n="spirit"><ent r="3" t="14" w="224" /><ent r="4" t="54" w="394" /></phr></stem><stem n="smart"><phr n="smart"><ent r="3" t="14" w="225" /><ent r="4" t="54" w="395" /></phr></stem><stem n="auto"><phr n="auto"><ent r="3" t="14" w="226" /><ent r="4" t="54" w="396" /></phr></stem><stem n="pointer"><phr n="pointers"><ent r="3" t="14" w="227" /><ent r="3" t="46" w="47" /><ent r="4" t="54" w="397" /></phr><phr n="pointer"><ent r="3" t="14" w="249" /><ent r="4" t="39" w="26" /><ent r="3" t="39" w="57" /><ent r="3" t="39" w="146" /><ent r="3" t="43" w="35" /><ent r="3" t="44" w="59" /><ent r="4" t="54" w="419" /><ent r="4" t="54" w="698" /><ent r="3" t="56" w="64" /></phr></stem><stem n="static"><phr n="static"><ent r="3" t="14" w="228" /><ent r="3" t="14" w="240" /><ent r="3" t="22" w="139" /><ent r="5" t="54" w="143" /><ent r="4" t="54" w="398" /><ent r="4" t="54" w="410" /><ent r="3" t="60" w="346" /><ent r="3" t="60" w="612" /></phr><phr n="statically"><ent r="4" t="27" w="206" /><ent r="4" t="27" w="229" /></phr><phr n="statics"><ent r="4" t="54" w="654" /></phr></stem><stem n="instanc"><phr n="instance"><ent r="3" t="14" w="237" /><ent r="4" t="54" w="407" /></phr></stem><stem n="goe"><phr n="goes"><ent r="3" t="14" w="251" /><ent r="4" t="54" w="421" /><ent r="3" t="56" w="66" /></phr></stem><stem n="scope"><phr n="scope"><ent r="3" t="14" w="253" /><ent r="4" t="54" w="423" /><ent r="3" t="56" w="68" /></phr></stem><stem n="retain"><phr n="retain"><ent r="4" t="14" w="254" /><ent r="4" t="14" w="270" /><ent r="5" t="54" w="424" /><ent r="5" t="54" w="440" /><ent r="5" t="56" w="20" /><ent r="4" t="56" w="36" /><ent r="4" t="56" w="58" /><ent r="3" t="67" w="227" /></phr><phr n="retained"><ent r="3" t="56" w="95" /></phr></stem><stem n="increment"><phr n="increment"><ent r="3" t="14" w="263" /><ent r="4" t="54" w="433" /></phr></stem><stem n="last"><phr n="last"><ent r="3" t="14" w="271" /><ent r="3" t="40" w="63" /><ent r="4" t="54" w="441" /><ent r="4" t="57" w="396" /><ent r="4" t="57" w="407" /><ent r="3" t="58" w="47" /></phr></stem><stem n="itself"><phr n="itself"><ent r="3" t="14" w="278" /><ent r="4" t="27" w="144" /><ent r="3" t="31" w="1096" /><ent r="4" t="54" w="448" /><ent r="3" t="60" w="502" /><ent r="3" t="60" w="535" /><ent r="3" t="61" w="76" /><ent r="3" t="61" w="141" /><ent r="3" t="61" w="390" /><ent r="3" t="61" w="461" /><ent r="4" t="62" w="425" /><ent r="4" t="69" w="333" /></phr></stem><stem n="underli"><phr n="underlie"><ent r="3" t="15" w="14" /></phr></stem><stem n="primit"><phr n="primitives"><ent r="3" t="15" w="23" /><ent r="3" t="19" w="45" /><ent r="3" t="19" w="65" /><ent r="3" t="54" w="174" /><ent r="4" t="69" w="642" /></phr><phr n="primitive"><ent r="4" t="16" w="75" /><ent r="3" t="22" w="14" /><ent r="5" t="54" w="158" /><ent r="4" t="54" w="176" /></phr></stem><stem n="name"><phr n="names"><ent r="3" t="15" w="28" /><ent r="3" t="18" w="22" /><ent r="3" t="20" w="40" /><ent r="3" t="41" w="42" /><ent r="3" t="42" w="100" /><ent r="3" t="54" w="122" /><ent r="3" t="54" w="124" /><ent r="5" t="54" w="132" /><ent r="5" t="54" w="153" /><ent r="3" t="54" w="185" /><ent r="3" t="64" w="170" /></phr><phr n="name"><ent r="3" t="18" w="28" /><ent r="4" t="18" w="56" /><ent r="4" t="18" w="74" /><ent r="3" t="19" w="27" /><ent r="3" t="37" w="41" /><ent r="4" t="39" w="17" /><ent r="3" t="39" w="28" /><ent r="3" t="40" w="28" /><ent r="3" t="49" w="98" /><ent r="4" t="54" w="205" /><ent r="3" t="59" w="116" /><ent r="3" t="59" w="428" /><ent r="3" t="59" w="521" /><ent r="6" t="62" w="227" /><ent r="6" t="62" w="268" /><ent r="6" t="62" w="588" /><ent r="6" t="62" w="664" /><ent r="6" t="62" w="666" /><ent r="4" t="69" w="64" /><ent r="4" t="69" w="839" /></phr><phr n="named"><ent r="3" t="49" w="146" /><ent r="3" t="49" w="163" /><ent r="3" t="49" w="183" /><ent r="5" t="54" w="166" /><ent r="3" t="58" w="59" /><ent r="3" t="58" w="69" /><ent r="3" t="58" w="73" /></phr></stem><stem n="prefix"><phr n="prefixed"><ent r="3" t="15" w="35" /><ent r="3" t="20" w="47" /></phr><phr n="prefix"><ent r="3" t="37" w="65" /><ent r="5" t="54" w="141" /><ent r="5" t="54" w="149" /></phr><phr n="prefixes"><ent r="4" t="54" w="193" /></phr></stem><stem n="letter"><phr n="letters"><ent r="3" t="15" w="36" /><ent r="3" t="20" w="48" /></phr><phr n="letter"><ent r="3" t="37" w="48" /><ent r="3" t="58" w="43" /></phr></stem><stem n="lt"><phr n="lt"><ent r="3" t="15" w="37" /><ent r="4" t="54" w="186" /></phr></stem><stem n="preprocessor"><phr n="preprocessor"><ent r="4" t="15" w="53" /><ent r="268435456" t="16" w="1" /><ent r="4096" t="16" w="5" /><ent r="1048578" t="16" w="12" /><ent r="4" t="16" w="44" /><ent r="4" t="16" w="50" /></phr></stem><stem n="constant"><phr n="constants"><ent r="4" t="15" w="54" /><ent r="268435456" t="16" w="2" /><ent r="4096" t="16" w="6" /><ent r="1048578" t="16" w="13" /><ent r="4" t="16" w="45" /><ent r="4" t="16" w="51" /></phr><phr n="constant"><ent r="4" t="53" w="30" /><ent r="4" t="53" w="34" /></phr></stem><stem n="string"><phr n="strings"><ent r="4" t="15" w="58" /><ent r="268435456" t="17" w="2" /><ent r="4096" t="17" w="4" /><ent r="1048578" t="17" w="6" /><ent r="3" t="17" w="17" /><ent r="3" t="17" w="32" /><ent r="3" t="17" w="35" /><ent r="3" t="39" w="34" /></phr><phr n="string"><ent r="3" t="17" w="52" /><ent r="3" t="39" w="31" /><ent r="3" t="48" w="49" /><ent r="3" t="48" w="59" /><ent r="3" t="49" w="25" /><ent r="3" t="49" w="97" /><ent r="3" t="49" w="117" /><ent r="3" t="50" w="25" /><ent r="3" t="50" w="31" /><ent r="3" t="50" w="36" /><ent r="3" t="50" w="55" /><ent r="3" t="50" w="92" /><ent r="3" t="50" w="96" /><ent r="3" t="50" w="147" /><ent r="3" t="50" w="163" /><ent r="3" t="50" w="169" /><ent r="3" t="50" w="177" /><ent r="3" t="50" w="185" /><ent r="3" t="50" w="249" /><ent r="3" t="59" w="362" /><ent r="3" t="59" w="434" /><ent r="3" t="59" w="527" /><ent r="3" t="60" w="1016" /><ent r="3" t="61" w="475" /><ent r="4" t="61" w="550" /><ent r="4" t="61" w="589" /><ent r="6" t="62" w="272" /><ent r="6" t="62" w="297" /><ent r="6" t="62" w="594" /><ent r="6" t="62" w="638" /><ent r="6" t="62" w="669" /><ent r="6" t="62" w="678" /><ent r="6" t="62" w="688" /><ent r="6" t="62" w="743" /></phr></stem><stem n="ltifilespec"><phr n="ltifilespec"><ent r="4" t="15" w="59" /><ent r="268435456" t="18" w="1" /><ent r="4096" t="18" w="3" /><ent r="4096" t="18" w="6" /><ent r="1048578" t="18" w="7" /></phr></stem><stem n="stream"><phr n="streams"><ent r="4" t="15" w="61" /><ent r="268435456" t="19" w="1" /><ent r="4096" t="19" w="2" /><ent r="1048578" t="19" w="3" /><ent r="4" t="19" w="70" /><ent r="3" t="19" w="81" /><ent r="3" t="19" w="135" /><ent r="3" t="24" w="40" /><ent r="3" t="34" w="24" /><ent r="4" t="42" w="136" /><ent r="268435456" t="46" w="1" /><ent r="4096" t="46" w="2" /><ent r="4096" t="46" w="7" /><ent r="1048578" t="46" w="8" /><ent r="3" t="46" w="27" /><ent r="4" t="52" w="47" /><ent r="268435456" t="57" w="2" /><ent r="4096" t="57" w="3" /><ent r="4096" t="57" w="8" /><ent r="1048578" t="57" w="10" /><ent r="3" t="57" w="13" /><ent r="4" t="69" w="1214" /></phr><phr n="stream"><ent r="3" t="19" w="8" /><ent r="3" t="19" w="73" /><ent r="3" t="19" w="84" /><ent r="3" t="19" w="89" /><ent r="4" t="19" w="117" /><ent r="3" t="19" w="148" /><ent r="3" t="23" w="121" /><ent r="4" t="25" w="272" /><ent r="4" t="25" w="288" /><ent r="3" t="32" w="46" /><ent r="3" t="32" w="92" /><ent r="3" t="32" w="102" /><ent r="4" t="42" w="64" /><ent r="3" t="43" w="32" /><ent r="3" t="46" w="15" /><ent r="3" t="46" w="28" /><ent r="3" t="57" w="39" /><ent r="3" t="57" w="71" /><ent r="4" t="57" w="123" /><ent r="4" t="57" w="138" /><ent r="4" t="57" w="148" /><ent r="4" t="57" w="180" /><ent r="4" t="57" w="198" /><ent r="6" t="57" w="237" /><ent r="4" t="57" w="268" /><ent r="4" t="57" w="272" /><ent r="6" t="57" w="320" /><ent r="4" t="57" w="347" /><ent r="4" t="57" w="351" /><ent r="4" t="57" w="382" /><ent r="4" t="57" w="418" /><ent r="4" t="57" w="465" /><ent r="4" t="57" w="469" /><ent r="4" t="57" w="475" /><ent r="4" t="57" w="487" /><ent r="3" t="57" w="545" /><ent r="3" t="57" w="568" /><ent r="3" t="69" w="1202" /></phr></stem><stem n="lt_base"><phr n="lt_base"><ent r="4" t="16" w="19" /></phr></stem><stem n="four"><phr n="four"><ent r="3" t="16" w="29" /><ent r="3" t="59" w="90" /><ent r="3" t="61" w="96" /><ent r="3" t="61" w="122" /><ent r="3" t="61" w="195" /><ent r="3" t="61" w="286" /><ent r="3" t="61" w="361" /><ent r="3" t="61" w="512" /><ent r="3" t="63" w="186" /></phr></stem><stem n="lt_defin"><phr n="lt_define"><ent r="4" t="16" w="32" /></phr></stem><stem n="lt_platform"><phr n="lt_platform"><ent r="4" t="16" w="34" /></phr></stem><stem n="lt_type"><phr n="lt_types"><ent r="4" t="16" w="38" /></phr></stem><stem n="definit"><phr n="definitions"><ent r="3" t="16" w="41" /><ent r="258" t="50" w="322" /><ent r="3" t="50" w="612" /><ent r="3" t="63" w="41" /><ent r="3" t="64" w="35" /><ent r="3" t="64" w="175" /></phr><phr n="definition"><ent r="3" t="60" w="210" /><ent r="4" t="60" w="906" /><ent r="5" t="69" w="1087" /><ent r="5" t="69" w="1109" /></phr></stem><stem n="miscellan"><phr n="miscellaneous"><ent r="4" t="16" w="43" /></phr></stem><stem n="macro"><phr n="macros"><ent r="4" t="16" w="46" /><ent r="5" t="54" w="170" /><ent r="4" t="54" w="680" /></phr></stem><stem n="throughout"><phr n="throughout"><ent r="4" t="16" w="48" /><ent r="4" t="16" w="63" /><ent r="3" t="21" w="15" /></phr></stem><stem n="current"><phr n="current"><ent r="4" t="16" w="57" /><ent r="4" t="27" w="275" /><ent r="3" t="30" w="19" /><ent r="3" t="33" w="29" /><ent r="3" t="33" w="162" /><ent r="4" t="57" w="374" /><ent r="3" t="60" w="698" /><ent r="3" t="61" w="23" /><ent r="4" t="69" w="398" /><ent r="4" t="69" w="892" /></phr><phr n="currently"><ent r="3" t="58" w="158" /><ent r="3" t="59" w="171" /><ent r="3" t="59" w="176" /><ent r="3" t="59" w="531" /></phr></stem><stem n="lt_utilstatusstr"><phr n="lt_utilstatusstrings"><ent r="4" t="17" w="8" /></phr></stem><stem n="declar"><phr n="declares"><ent r="3" t="17" w="10" /></phr><phr n="declarations"><ent r="4" t="54" w="83" /><ent r="4" t="54" w="523" /><ent r="4" t="54" w="533" /></phr><phr n="declare"><ent r="4" t="54" w="91" /></phr><phr n="declaration"><ent r="4" t="54" w="220" /><ent r="4" t="54" w="573" /></phr></stem><stem n="map"><phr n="mapping"><ent r="3" t="17" w="13" /><ent r="3" t="31" w="959" /><ent r="3" t="60" w="196" /><ent r="3" t="60" w="221" /></phr><phr n="map"><ent r="4" t="27" w="164" /><ent r="3" t="31" w="756" /><ent r="4" t="58" w="123" /><ent r="4" t="58" w="135" /></phr></stem><stem n="text"><phr n="text"><ent r="3" t="17" w="16" /><ent r="3" t="35" w="90" /><ent r="4" t="36" w="103" /><ent r="3" t="49" w="131" /><ent r="3" t="58" w="16" /><ent r="3" t="58" w="110" /><ent r="3" t="59" w="25" /><ent r="3" t="59" w="125" /><ent r="3" t="61" w="469" /><ent r="6" t="62" w="244" /><ent r="4" t="62" w="538" /><ent r="4" t="69" w="1324" /></phr></stem><stem n="indic"><phr n="indicate"><ent r="3" t="17" w="18" /><ent r="3" t="31" w="1057" /><ent r="3" t="31" w="1124" /><ent r="3" t="31" w="1133" /><ent r="3" t="43" w="51" /><ent r="4" t="54" w="525" /><ent r="3" t="60" w="575" /><ent r="3" t="60" w="781" /><ent r="3" t="64" w="41" /></phr><phr n="indicating"><ent r="3" t="21" w="20" /><ent r="3" t="21" w="29" /></phr><phr n="indicated"><ent r="3" t="31" w="1044" /></phr><phr n="indicates"><ent r="3" t="58" w="202" /><ent r="3" t="59" w="155" /><ent r="3" t="60" w="723" /><ent r="3" t="61" w="114" /><ent r="3" t="61" w="144" /><ent r="4" t="62" w="426" /></phr></stem><stem n="natur"><phr n="nature"><ent r="3" t="17" w="19" /></phr><phr n="natural"><ent r="3" t="22" w="99" /></phr></stem><stem n="either"><phr n="either"><ent r="3" t="17" w="26" /><ent r="3" t="31" w="518" /><ent r="3" t="39" w="43" /><ent r="3" t="43" w="30" /><ent r="3" t="46" w="11" /><ent r="4" t="59" w="638" /><ent r="3" t="60" w="241" /><ent r="3" t="61" w="126" /><ent r="3" t="61" w="315" /><ent r="3" t="63" w="22" /><ent r="3" t="64" w="346" /></phr></stem><stem n="getrawstatusstr"><phr n="getrawstatusstring"><ent r="4" t="17" w="27" /></phr></stem><stem n="getlaststatusstr"><phr n="getlaststatusstring"><ent r="4" t="17" w="28" /></phr></stem><stem n="retriev"><phr n="retrieving"><ent r="3" t="17" w="30" /></phr><phr n="retrieve"><ent r="4" t="40" w="20" /></phr><phr n="retrieval"><ent r="3" t="68" w="40" /></phr></stem><stem n="textual"><phr n="textual"><ent r="3" t="17" w="33" /></phr><phr n="textually"><ent r="3" t="58" w="167" /></phr></stem><stem n="search"><phr n="searching"><ent r="3" t="17" w="40" /></phr></stem><stem n="particular"><phr n="particularly"><ent r="3" t="17" w="44" /></phr><phr n="particular"><ent r="4" t="54" w="344" /><ent r="4" t="54" w="675" /><ent r="4" t="57" w="403" /><ent r="3" t="59" w="747" /><ent r="3" t="61" w="638" /></phr></stem><stem n="help"><phr n="helpful"><ent r="3" t="17" w="45" /><ent r="3" t="61" w="32" /></phr><phr n="help"><ent r="3" t="48" w="25" /></phr></stem><stem n="portabl"><phr n="portability"><ent r="3" t="18" w="9" /></phr><phr n="portable"><ent r="3" t="19" w="37" /><ent r="4" t="54" w="263" /></phr></stem><stem n="unix"><phr n="unix"><ent r="3" t="18" w="10" /><ent r="4" t="18" w="69" /><ent r="3" t="19" w="12" /><ent r="3" t="57" w="44" /></phr></stem><stem n="eas"><phr n="ease"><ent r="3" t="18" w="13" /></phr></stem><stem n="internation"><phr n="internationalized"><ent r="3" t="18" w="14" /></phr></stem><stem n="ltfilespec"><phr n="ltfilespec"><ent r="4" t="18" w="19" /><ent r="4" t="18" w="32" /><ent r="4" t="18" w="45" /><ent r="4" t="18" w="46" /><ent r="5" t="18" w="52" /><ent r="5" t="18" w="66" /></phr></stem><stem n="path"><phr n="paths"><ent r="3" t="18" w="23" /><ent r="4" t="18" w="81" /><ent r="3" t="64" w="159" /></phr><phr n="path"><ent r="4" t="18" w="54" /></phr></stem><stem n="paramet"><phr n="parameter"><ent r="3" t="18" w="31" /><ent r="3" t="32" w="66" /><ent r="3" t="32" w="94" /><ent r="4" t="69" w="593" /><ent r="4" t="69" w="607" /><ent r="4" t="69" w="692" /><ent r="4" t="69" w="1187" /><ent r="4" t="69" w="1304" /></phr><phr n="parameters"><ent r="3" t="25" w="12" /><ent r="3" t="32" w="59" /><ent r="3" t="33" w="144" /><ent r="3" t="45" w="37" /><ent r="3" t="46" w="44" /><ent r="4" t="54" w="528" /><ent r="4" t="54" w="531" /><ent r="3" t="57" w="87" /><ent r="3" t="57" w="91" /><ent r="3" t="57" w="105" /><ent r="4" t="57" w="473" /><ent r="3" t="59" w="440" /></phr></stem><stem n="translat"><phr n="translate"><ent r="3" t="18" w="38" /></phr><phr n="translates"><ent r="4" t="27" w="235" /></phr></stem><stem n="app"><phr n="app"><ent r="3" t="18" w="40" /><ent r="3" t="50" w="674" /></phr></stem><stem n="char"><phr n="char"><ent r="4" t="18" w="44" /><ent r="3" t="46" w="14" /><ent r="3" t="60" w="348" /><ent r="3" t="60" w="614" /><ent r="4" t="69" w="564" /><ent r="4" t="69" w="567" /></phr></stem><stem n="multibyt"><phr n="multibyte"><ent r="4" t="18" w="60" /><ent r="4" t="69" w="523" /></phr></stem><stem n="utf"><phr n="utf"><ent r="4" t="18" w="61" /></phr></stem><stem n="wchar_t"><phr n="wchar_t"><ent r="5" t="18" w="63" /></phr></stem><stem n="style"><phr n="style"><ent r="4" t="18" w="70" /><ent r="3" t="22" w="101" /><ent r="3" t="34" w="57" /><ent r="3" t="48" w="62" /><ent r="4" t="54" w="704" /><ent r="3" t="60" w="561" /></phr></stem><stem n="dirnam"><phr n="dirname"><ent r="5" t="18" w="71" /></phr></stem><stem n="basenam"><phr n="basename"><ent r="5" t="18" w="72" /></phr></stem><stem n="extens"><phr n="extension"><ent r="4" t="18" w="75" /><ent r="3" t="58" w="41" /><ent r="3" t="58" w="44" /><ent r="3" t="58" w="51" /><ent r="3" t="59" w="106" /><ent r="3" t="59" w="119" /><ent r="3" t="59" w="339" /><ent r="4" t="59" w="756" /><ent r="3" t="61" w="359" /></phr><phr n="extensible"><ent r="3" t="19" w="38" /></phr><phr n="extensions"><ent r="3" t="59" w="92" /><ent r="3" t="59" w="734" /><ent r="3" t="60" w="188" /><ent r="3" t="61" w="476" /></phr></stem><stem n="replac"><phr n="replacement"><ent r="4" t="18" w="77" /></phr><phr n="replace"><ent r="4" t="69" w="1331" /></phr></stem><stem n="differenti"><phr n="differentiation"><ent r="4" t="18" w="78" /></phr></stem><stem n="absolut"><phr n="absolute"><ent r="4" t="18" w="80" /><ent r="3" t="61" w="206" /></phr></stem><stem n="stdio"><phr n="stdio"><ent r="3" t="19" w="13" /><ent r="3" t="57" w="45" /></phr></stem><stem n="like"><phr n="like"><ent r="3" t="19" w="14" /><ent r="3" t="19" w="20" /><ent r="3" t="31" w="120" /><ent r="3" t="31" w="1176" /><ent r="3" t="36" w="37" /><ent r="3" t="46" w="29" /><ent r="4" t="57" w="508" /><ent r="3" t="67" w="116" /></phr><phr n="likely"><ent r="3" t="61" w="325" /></phr></stem><stem n="rather"><phr n="rather"><ent r="3" t="19" w="22" /><ent r="4" t="54" w="249" /><ent r="4" t="54" w="506" /></phr></stem><stem n="small"><phr n="small"><ent r="3" t="19" w="43" /><ent r="3" t="31" w="520" /><ent r="3" t="42" w="31" /><ent r="3" t="60" w="658" /></phr></stem><stem n="byte"><phr n="byte"><ent r="4" t="19" w="52" /><ent r="3" t="24" w="54" /><ent r="3" t="25" w="211" /><ent r="3" t="57" w="59" /><ent r="3" t="57" w="66" /><ent r="3" t="57" w="70" /><ent r="3" t="57" w="77" /><ent r="3" t="57" w="80" /><ent r="4" t="57" w="397" /><ent r="4" t="57" w="408" /><ent r="3" t="60" w="735" /><ent r="3" t="60" w="740" /><ent r="3" t="60" w="776" /><ent r="3" t="60" w="784" /><ent r="3" t="60" w="809" /><ent r="3" t="60" w="815" /><ent r="3" t="60" w="952" /><ent r="3" t="60" w="958" /><ent r="3" t="60" w="991" /><ent r="3" t="60" w="997" /><ent r="3" t="60" w="1030" /><ent r="3" t="60" w="1036" /><ent r="3" t="60" w="1072" /><ent r="3" t="60" w="1076" /><ent r="3" t="69" w="285" /><ent r="4" t="69" w="530" /><ent r="4" t="69" w="540" /><ent r="4" t="69" w="589" /></phr><phr n="bytes"><ent r="4" t="37" w="354" /><ent r="4" t="57" w="215" /><ent r="4" t="57" w="218" /><ent r="4" t="57" w="225" /><ent r="4" t="57" w="229" /><ent r="6" t="57" w="249" /><ent r="4" t="57" w="261" /><ent r="4" t="57" w="265" /><ent r="4" t="57" w="277" /><ent r="4" t="57" w="289" /><ent r="4" t="57" w="305" /><ent r="4" t="57" w="310" /><ent r="4" t="57" w="314" /><ent r="6" t="57" w="331" /><ent r="4" t="57" w="342" /><ent r="4" t="57" w="344" /><ent r="4" t="57" w="356" /><ent r="4" t="57" w="417" /><ent r="6" t="57" w="425" /><ent r="6" t="57" w="429" /><ent r="6" t="57" w="439" /><ent r="6" t="57" w="443" /><ent r="3" t="57" w="578" /><ent r="3" t="59" w="496" /><ent r="3" t="59" w="506" /><ent r="3" t="59" w="516" /><ent r="3" t="59" w="575" /><ent r="3" t="60" w="588" /><ent r="3" t="60" w="638" /><ent r="3" t="60" w="655" /><ent r="3" t="60" w="670" /><ent r="3" t="60" w="677" /><ent r="3" t="60" w="692" /><ent r="3" t="60" w="748" /><ent r="3" t="60" w="771" /><ent r="3" t="60" w="789" /><ent r="3" t="60" w="796" /><ent r="3" t="60" w="819" /><ent r="3" t="60" w="836" /><ent r="3" t="60" w="842" /><ent r="3" t="60" w="847" /><ent r="3" t="60" w="852" /><ent r="3" t="60" w="858" /><ent r="3" t="60" w="864" /><ent r="3" t="60" w="962" /><ent r="3" t="60" w="972" /><ent r="3" t="60" w="982" /><ent r="3" t="60" w="1001" /><ent r="3" t="60" w="1011" /><ent r="3" t="60" w="1021" /><ent r="3" t="60" w="1040" /><ent r="3" t="60" w="1050" /><ent r="3" t="60" w="1059" /><ent r="3" t="60" w="1070" /><ent r="3" t="60" w="1080" /><ent r="6" t="62" w="264" /><ent r="4" t="69" w="522" /><ent r="4" t="69" w="1000" /><ent r="4" t="69" w="1013" /><ent r="4" t="69" w="1050" /><ent r="4" t="69" w="1210" /></phr></stem></index>