<?xml version="1.0" encoding="utf-8"?><index><stem n="inform"><phr n="information"><ent r="3" t="0" w="100" /><ent r="4" t="0" w="150" /><ent r="3" t="2" w="51" /><ent r="3" t="3" w="21" /><ent r="3" t="3" w="34" /><ent r="3" t="3" w="51" /><ent r="3" t="3" w="129" /><ent r="3" t="4" w="8" /><ent r="3" t="4" w="32" /><ent r="3" t="8" w="190" /><ent r="3" t="9" w="39" /><ent r="3" t="13" w="58" /><ent r="3" t="15" w="52" /><ent r="3" t="20" w="55" /><ent r="4" t="20" w="88" /><ent r="3" t="22" w="57" /><ent r="3" t="22" w="87" /><ent r="3" t="22" w="154" /><ent r="3" t="22" w="157" /><ent r="3" t="24" w="42" /><ent r="3" t="24" w="88" /><ent r="3" t="25" w="37" /><ent r="4" t="26" w="30" /><ent r="3" t="29" w="84" /><ent r="3" t="29" w="102" /><ent r="3" t="30" w="246" /><ent r="3" t="31" w="678" /><ent r="3" t="31" w="857" /><ent r="3" t="32" w="139" /><ent r="3" t="33" w="163" /><ent r="3" t="34" w="31" /><ent r="3" t="35" w="181" /><ent r="3" t="38" w="21" /><ent r="3" t="38" w="24" /><ent r="3" t="38" w="76" /><ent r="4" t="39" w="20" /><ent r="3" t="39" w="49" /><ent r="3" t="42" w="129" /><ent r="3" t="47" w="23" /><ent r="3" t="48" w="34" /><ent r="3" t="49" w="12" /><ent r="3" t="49" w="78" /><ent r="3" t="49" w="107" /><ent r="3" t="49" w="114" /><ent r="3" t="49" w="143" /><ent r="3" t="49" w="159" /><ent r="3" t="49" w="176" /><ent r="3" t="50" w="87" /><ent r="3" t="52" w="12" /><ent r="3" t="52" w="38" /><ent r="3" t="58" w="21" /><ent r="3" t="58" w="27" /><ent r="3" t="58" w="32" /><ent r="3" t="58" w="80" /><ent r="3" t="58" w="97" /><ent r="3" t="60" w="300" /><ent r="3" t="60" w="468" /><ent r="3" t="60" w="539" /><ent r="3" t="60" w="563" /><ent r="3" t="60" w="645" /><ent r="3" t="61" w="43" /><ent r="3" t="61" w="51" /><ent r="3" t="61" w="58" /><ent r="3" t="61" w="157" /><ent r="3" t="61" w="347" /><ent r="3" t="61" w="400" /><ent r="3" t="61" w="483" /><ent r="3" t="61" w="670" /><ent r="6" t="61" w="725" /><ent r="6" t="61" w="728" /><ent r="6" t="61" w="766" /><ent r="3" t="61" w="811" /><ent r="3" t="62" w="23" /><ent r="3" t="62" w="92" /><ent r="3" t="62" w="105" /><ent r="4" t="62" w="482" /><ent r="4" t="62" w="537" /><ent r="268435456" t="65" w="5" /><ent r="16777218" t="65" w="10" /><ent r="3" t="65" w="13" /><ent r="3" t="65" w="19" /><ent r="3" t="65" w="27" /><ent r="3" t="66" w="47" /><ent r="3" t="67" w="84" /><ent r="3" t="67" w="144" /><ent r="3" t="67" w="199" /><ent r="3" t="67" w="283" /><ent r="3" t="67" w="335" /><ent r="3" t="68" w="15" /><ent r="3" t="68" w="100" /><ent r="4" t="69" w="496" /><ent r="4" t="69" w="816" /><ent r="4" t="69" w="1329" /><ent r="4" t="69" w="1333" /><ent r="3" t="70" w="11" /></phr><phr n="informal"><ent r="4" t="31" w="292" /></phr><phr n="informational"><ent r="3" t="48" w="42" /></phr></stem><stem n="kind"><phr n="kind"><ent r="3" t="0" w="101" /><ent r="3" t="60" w="123" /></phr><phr n="kinds"><ent r="3" t="31" w="777" /></phr></stem><stem n="contact"><phr n="contact"><ent r="3" t="0" w="103" /><ent r="3" t="5" w="40" /><ent r="3" t="8" w="137" /><ent r="3" t="8" w="149" /><ent r="3" t="8" w="164" /><ent r="4096" t="8" w="186" /><ent r="3" t="60" w="543" /></phr><phr n="contacting"><ent r="3" t="8" w="141" /></phr></stem><stem n="region"><phr n="regional"><ent r="4" t="0" w="104" /><ent r="3" t="8" w="138" /></phr><phr n="region"><ent r="3" t="0" w="193" /><ent r="6" t="7" w="133" /><ent r="3" t="11" w="148" /><ent r="3" t="25" w="22" /><ent r="3" t="25" w="35" /><ent r="3" t="30" w="53" /><ent r="3" t="30" w="88" /><ent r="3" t="30" w="93" /><ent r="3" t="31" w="450" /><ent r="3" t="31" w="1224" /><ent r="3" t="33" w="64" /><ent r="3" t="50" w="350" /><ent r="3" t="50" w="685" /><ent r="6" t="62" w="586" /><ent r="6" t="62" w="598" /><ent r="6" t="62" w="612" /><ent r="6" t="62" w="618" /><ent r="6" t="62" w="623" /><ent r="6" t="62" w="629" /><ent r="6" t="62" w="668" /><ent r="6" t="62" w="677" /><ent r="6" t="62" w="687" /><ent r="3" t="64" w="233" /><ent r="3" t="64" w="246" /><ent r="3" t="64" w="247" /><ent r="4" t="69" w="970" /><ent r="4" t="69" w="976" /><ent r="4" t="69" w="1175" /></phr><phr n="regions"><ent r="3" t="25" w="168" /><ent r="3" t="31" w="365" /><ent r="3" t="31" w="403" /><ent r="3" t="31" w="1043" /><ent r="3" t="31" w="1054" /><ent r="3" t="50" w="378" /><ent r="4" t="69" w="985" /></phr></stem><stem n="offic"><phr n="office"><ent r="4" t="0" w="106" /><ent r="3" t="8" w="140" /></phr><phr n="offices"><ent r="3" t="66" w="38" /></phr></stem><stem n="lidar"><phr n="lidar"><ent r="3" t="0" w="110" /><ent r="3" t="0" w="121" /><ent r="3" t="0" w="131" /><ent r="3" t="31" w="26" /><ent r="3" t="31" w="34" /><ent r="3" t="31" w="44" /><ent r="3" t="66" w="22" /><ent r="3" t="67" w="27" /><ent r="3" t="67" w="47" /><ent r="65538" t="67" w="207" /><ent r="4098" t="67" w="209" /><ent r="3" t="67" w="215" /><ent r="3" t="67" w="246" /><ent r="3" t="67" w="256" /><ent r="3" t="67" w="272" /><ent r="3" t="67" w="284" /><ent r="4" t="67" w="291" /></phr></stem><stem n="well"><phr n="well"><ent r="3" t="0" w="112" /><ent r="4" t="0" w="140" /><ent r="3" t="2" w="69" /><ent r="3" t="14" w="120" /><ent r="3" t="24" w="16" /><ent r="3" t="30" w="264" /><ent r="4" t="31" w="209" /><ent r="3" t="31" w="697" /><ent r="3" t="31" w="1202" /><ent r="3" t="32" w="48" /><ent r="3" t="34" w="37" /><ent r="4" t="36" w="153" /><ent r="3" t="39" w="32" /><ent r="3" t="49" w="129" /><ent r="3" t="50" w="688" /><ent r="3" t="57" w="35" /><ent r="3" t="62" w="847" /><ent r="3" t="64" w="174" /><ent r="3" t="65" w="16" /></phr></stem><stem n="separ"><phr n="separate"><ent r="3" t="0" w="115" /><ent r="3" t="0" w="125" /><ent r="3" t="0" w="197" /><ent r="3" t="31" w="28" /><ent r="3" t="31" w="38" /></phr><phr n="separated"><ent r="3" t="50" w="187" /><ent r="3" t="62" w="73" /></phr></stem><stem n="set"><phr n="set"><ent r="3" t="0" w="116" /><ent r="3" t="1" w="50" /><ent r="3" t="5" w="9" /><ent r="3" t="10" w="424" /><ent r="3" t="10" w="432" /><ent r="3" t="13" w="45" /><ent r="3" t="13" w="55" /><ent r="3" t="15" w="10" /><ent r="3" t="19" w="44" /><ent r="3" t="20" w="25" /><ent r="3" t="22" w="34" /><ent r="3" t="22" w="46" /><ent r="3" t="23" w="131" /><ent r="3" t="23" w="139" /><ent r="4" t="25" w="77" /><ent r="4" t="25" w="86" /><ent r="4" t="27" w="49" /><ent r="4" t="27" w="175" /><ent r="4" t="27" w="178" /><ent r="3" t="31" w="29" /><ent r="3" t="33" w="139" /><ent r="3" t="37" w="154" /><ent r="3" t="37" w="253" /><ent r="3" t="37" w="316" /><ent r="3" t="38" w="48" /><ent r="3" t="39" w="162" /><ent r="3" t="41" w="8" /><ent r="3" t="42" w="10" /><ent r="3" t="46" w="36" /><ent r="3" t="46" w="45" /><ent r="3" t="48" w="72" /><ent r="3" t="50" w="85" /><ent r="3" t="50" w="164" /><ent r="3" t="50" w="170" /><ent r="3" t="54" w="16" /><ent r="3" t="54" w="700" /><ent r="5" t="54" w="702" /><ent r="4" t="57" w="293" /><ent r="4" t="57" w="410" /><ent r="6" t="57" w="435" /><ent r="6" t="57" w="449" /><ent r="3" t="59" w="70" /><ent r="3" t="59" w="135" /><ent r="4" t="59" w="643" /><ent r="4" t="59" w="648" /><ent r="3" t="59" w="666" /><ent r="3" t="59" w="671" /><ent r="3" t="60" w="696" /><ent r="3" t="60" w="893" /><ent r="3" t="60" w="1074" /><ent r="3" t="60" w="1078" /><ent r="4" t="61" w="593" /><ent r="4" t="61" w="674" /><ent r="6" t="61" w="720" /><ent r="6" t="61" w="736" /><ent r="6" t="61" w="740" /><ent r="3" t="62" w="17" /><ent r="3" t="64" w="248" /><ent r="3" t="64" w="276" /><ent r="4" t="64" w="285" /><ent r="4" t="64" w="291" /><ent r="3" t="64" w="349" /><ent r="3" t="64" w="351" /><ent r="4" t="69" w="33" /><ent r="4" t="69" w="1063" /></phr><phr n="setting"><ent r="6" t="7" w="51" /><ent r="3" t="61" w="254" /><ent r="6" t="62" w="197" /><ent r="6" t="62" w="213" /><ent r="4" t="69" w="617" /></phr><phr n="sets"><ent r="3" t="50" w="70" /><ent r="3" t="55" w="99" /><ent r="4" t="57" w="368" /></phr></stem><stem n="tool"><phr n="tools"><ent r="3" t="0" w="117" /><ent r="3" t="3" w="93" /><ent r="3" t="3" w="95" /><ent r="3" t="3" w="104" /><ent r="3" t="8" w="58" /><ent r="3" t="8" w="115" /><ent r="3" t="31" w="30" /><ent r="4" t="47" w="26" /><ent r="268435456" t="48" w="3" /><ent r="1048578" t="48" w="11" /><ent r="3" t="53" w="242" /><ent r="3" t="67" w="165" /></phr><phr n="tool"><ent r="3" t="31" w="526" /><ent r="3" t="49" w="9" /><ent r="3" t="50" w="9" /><ent r="3" t="62" w="35" /><ent r="3" t="63" w="180" /></phr></stem><stem n="librari"><phr n="libraries"><ent r="3" t="0" w="118" /><ent r="3" t="1" w="250" /><ent r="3" t="3" w="59" /><ent r="3" t="3" w="73" /><ent r="3" t="3" w="74" /><ent r="3" t="3" w="80" /><ent r="3" t="3" w="82" /><ent r="3" t="4" w="55" /><ent r="3" t="5" w="11" /><ent r="3" t="5" w="207" /><ent r="3" t="31" w="31" /><ent r="3" t="42" w="103" /></phr><phr n="library"><ent r="3" t="1" w="283" /><ent r="5" t="5" w="53" /><ent r="5" t="5" w="158" /><ent r="5" t="5" w="253" /><ent r="5" t="5" w="306" /><ent r="5" t="5" w="373" /><ent r="3" t="13" w="80" /><ent r="3" t="13" w="86" /></phr></stem><stem n="avail"><phr n="available"><ent r="3" t="0" w="127" /><ent r="3" t="0" w="309" /><ent r="3" t="1" w="237" /><ent r="3" t="1" w="257" /><ent r="3" t="8" w="13" /><ent r="3" t="8" w="116" /><ent r="3" t="8" w="191" /><ent r="3" t="12" w="126" /><ent r="3" t="13" w="29" /><ent r="3" t="14" w="192" /><ent r="3" t="30" w="117" /><ent r="3" t="31" w="40" /><ent r="3" t="31" w="377" /><ent r="3" t="31" w="782" /><ent r="3" t="31" w="881" /><ent r="3" t="42" w="72" /><ent r="3" t="44" w="70" /><ent r="3" t="50" w="72" /><ent r="3" t="51" w="25" /><ent r="4" t="54" w="225" /><ent r="4" t="57" w="145" /><ent r="3" t="60" w="212" /><ent r="3" t="60" w="229" /><ent r="3" t="61" w="440" /><ent r="3" t="68" w="101" /></phr></stem><stem n="instal"><phr n="installation"><ent r="3" t="0" w="128" /><ent r="3" t="0" w="135" /><ent r="4" t="4" w="84" /><ent r="268435456" t="6" w="1" /><ent r="4096" t="6" w="2" /><ent r="1048578" t="6" w="5" /><ent r="3" t="6" w="7" /><ent r="3" t="6" w="31" /><ent r="3" t="31" w="41" /></phr><phr n="install"><ent r="4096" t="6" w="3" /></phr><phr n="installed"><ent r="4" t="8" w="201" /><ent r="3" t="67" w="132" /><ent r="3" t="68" w="106" /></phr></stem><stem n="integr"><phr n="integrating"><ent r="3" t="0" w="129" /><ent r="3" t="31" w="42" /></phr><phr n="integrity"><ent r="3" t="0" w="185" /></phr><phr n="integral"><ent r="4" t="16" w="76" /><ent r="5" t="54" w="157" /><ent r="3" t="54" w="173" /></phr></stem><stem n="encod"><phr n="encoded"><ent r="3" t="0" w="132" /><ent r="3" t="31" w="45" /><ent r="3" t="31" w="892" /><ent r="3" t="34" w="34" /><ent r="4" t="53" w="248" /><ent r="4" t="53" w="261" /><ent r="4" t="53" w="272" /><ent r="3" t="60" w="403" /><ent r="3" t="62" w="11" /><ent r="3" t="62" w="61" /><ent r="3" t="62" w="573" /></phr><phr n="encoding"><ent r="3" t="0" w="198" /><ent r="4" t="26" w="24" /><ent r="4" t="27" w="39" /><ent r="3" t="29" w="16" /><ent r="3" t="30" w="62" /><ent r="3" t="30" w="84" /><ent r="3" t="31" w="884" /><ent r="3" t="31" w="903" /><ent r="3" t="31" w="1129" /><ent r="3" t="33" w="27" /><ent r="3" t="33" w="36" /><ent r="3" t="33" w="53" /><ent r="3" t="33" w="140" /><ent r="3" t="33" w="143" /><ent r="3" t="37" w="161" /><ent r="3" t="62" w="31" /><ent r="3" t="62" w="118" /><ent r="6" t="62" w="229" /><ent r="6" t="62" w="236" /><ent r="6" t="62" w="709" /><ent r="6" t="62" w="718" /><ent r="6" t="62" w="735" /><ent r="6" t="62" w="742" /><ent r="6" t="62" w="813" /><ent r="4" t="69" w="606" /><ent r="4" t="69" w="858" /><ent r="4" t="69" w="879" /></phr><phr n="encode"><ent r="4" t="10" w="136" /><ent r="3" t="11" w="199" /><ent r="3" t="20" w="81" /><ent r="3" t="31" w="554" /><ent r="3" t="31" w="926" /><ent r="3" t="31" w="934" /><ent r="3" t="33" w="97" /><ent r="4" t="42" w="85" /></phr><phr n="encoder"><ent r="3" t="53" w="240" /><ent r="3" t="60" w="206" /><ent r="3" t="60" w="248" /><ent r="3" t="60" w="411" /><ent r="3" t="60" w="727" /><ent r="3" t="62" w="81" /><ent r="6" t="62" w="723" /><ent r="3" t="66" w="33" /></phr><phr n="encodes"><ent r="3" t="60" w="557" /></phr></stem><stem n="file"><phr n="files"><ent r="3" t="0" w="134" /><ent r="3" t="3" w="19" /><ent r="3" t="3" w="62" /><ent r="3" t="7" w="17" /><ent r="4" t="7" w="24" /><ent r="7" t="7" w="31" /><ent r="6" t="7" w="68" /><ent r="3" t="13" w="102" /><ent r="3" t="15" w="40" /><ent r="3" t="16" w="24" /><ent r="3" t="17" w="41" /><ent r="3" t="19" w="18" /><ent r="3" t="19" w="76" /><ent r="3" t="20" w="52" /><ent r="3" t="22" w="61" /><ent r="3" t="22" w="63" /><ent r="3" t="23" w="126" /><ent r="3" t="24" w="39" /><ent r="4" t="24" w="95" /><ent r="4" t="30" w="309" /><ent r="4" t="30" w="316" /><ent r="3" t="30" w="348" /><ent r="3" t="30" w="364" /><ent r="3" t="31" w="47" /><ent r="3" t="31" w="74" /><ent r="3" t="31" w="587" /><ent r="3" t="31" w="675" /><ent r="3" t="31" w="1208" /><ent r="3" t="31" w="1231" /><ent r="3" t="31" w="1240" /><ent r="3" t="31" w="1262" /><ent r="4" t="31" w="1304" /><ent r="4" t="31" w="1313" /><ent r="4" t="31" w="1323" /><ent r="4" t="31" w="1338" /><ent r="3" t="32" w="54" /><ent r="3" t="33" w="76" /><ent r="3" t="33" w="116" /><ent r="3" t="34" w="23" /><ent r="3" t="34" w="59" /><ent r="3" t="35" w="62" /><ent r="3" t="35" w="70" /><ent r="4" t="35" w="82" /><ent r="3" t="35" w="137" /><ent r="3" t="36" w="17" /><ent r="4" t="36" w="66" /><ent r="3" t="42" w="113" /><ent r="3" t="49" w="126" /><ent r="3" t="50" w="79" /><ent r="4" t="52" w="50" /><ent r="4" t="52" w="53" /><ent r="4" t="54" w="80" /><ent r="4" t="54" w="89" /><ent r="4" t="54" w="98" /><ent r="268435456" t="58" w="3" /><ent r="4096" t="58" w="9" /><ent r="1048578" t="58" w="12" /><ent r="3" t="58" w="88" /><ent r="3" t="58" w="170" /><ent r="268435456" t="59" w="3" /><ent r="4096" t="59" w="5" /><ent r="4096" t="59" w="9" /><ent r="1048578" t="59" w="12" /><ent r="3" t="59" w="17" /><ent r="3" t="59" w="55" /><ent r="3" t="59" w="716" /><ent r="3" t="60" w="567" /><ent r="3" t="61" w="411" /><ent r="3" t="61" w="510" /><ent r="3" t="61" w="520" /><ent r="3" t="62" w="76" /><ent r="3" t="63" w="190" /><ent r="3" t="63" w="197" /><ent r="3" t="67" w="226" /><ent r="3" t="67" w="273" /><ent r="4" t="69" w="1215" /></phr><phr n="file"><ent r="4" t="0" w="139" /><ent r="3" t="0" w="148" /><ent r="3" t="0" w="157" /><ent r="3" t="0" w="169" /><ent r="3" t="1" w="183" /><ent r="3" t="3" w="28" /><ent r="3" t="6" w="28" /><ent r="3" t="8" w="18" /><ent r="4" t="10" w="73" /><ent r="4" t="10" w="143" /><ent r="3" t="10" w="241" /><ent r="3" t="10" w="307" /><ent r="3" t="10" w="445" /><ent r="4096" t="16" w="11" /><ent r="3" t="16" w="18" /><ent r="3" t="17" w="7" /><ent r="3" t="18" w="21" /><ent r="3" t="18" w="27" /><ent r="4" t="18" w="55" /><ent r="4" t="18" w="73" /><ent r="3" t="19" w="19" /><ent r="3" t="19" w="26" /><ent r="4" t="19" w="28" /><ent r="4" t="19" w="94" /><ent r="3" t="23" w="122" /><ent r="3" t="23" w="152" /><ent r="3" t="28" w="13" /><ent r="3" t="30" w="23" /><ent r="3" t="30" w="40" /><ent r="3" t="30" w="102" /><ent r="3" t="30" w="106" /><ent r="3" t="31" w="62" /><ent r="3" t="31" w="118" /><ent r="3" t="31" w="180" /><ent r="3" t="31" w="448" /><ent r="3" t="31" w="547" /><ent r="3" t="31" w="576" /><ent r="4" t="31" w="592" /><ent r="4" t="31" w="612" /><ent r="4" t="31" w="628" /><ent r="3" t="31" w="657" /><ent r="3" t="31" w="660" /><ent r="3" t="31" w="694" /><ent r="3" t="31" w="735" /><ent r="3" t="31" w="1220" /><ent r="3" t="31" w="1235" /><ent r="3" t="32" w="100" /><ent r="3" t="32" w="112" /><ent r="3" t="32" w="120" /><ent r="3" t="33" w="68" /><ent r="3" t="35" w="57" /><ent r="4" t="35" w="121" /><ent r="4" t="36" w="119" /><ent r="3" t="37" w="24" /><ent r="3" t="37" w="56" /><ent r="3" t="37" w="77" /><ent r="3" t="37" w="82" /><ent r="4" t="37" w="87" /><ent r="3" t="37" w="172" /><ent r="4" t="37" w="340" /><ent r="4" t="37" w="367" /><ent r="4" t="41" w="35" /><ent r="4" t="42" w="62" /><ent r="4" t="42" w="83" /><ent r="3" t="43" w="61" /><ent r="3" t="46" w="32" /><ent r="3" t="48" w="53" /><ent r="3" t="49" w="21" /><ent r="3" t="49" w="58" /><ent r="3" t="49" w="86" /><ent r="3" t="49" w="100" /><ent r="3" t="49" w="178" /><ent r="3" t="50" w="21" /><ent r="3" t="50" w="27" /><ent r="3" t="50" w="33" /><ent r="3" t="50" w="65" /><ent r="3" t="50" w="94" /><ent r="3" t="50" w="139" /><ent r="3" t="50" w="259" /><ent r="3" t="50" w="261" /><ent r="3" t="50" w="271" /><ent r="3" t="50" w="273" /><ent r="3" t="54" w="184" /><ent r="3" t="54" w="568" /><ent r="4" t="54" w="570" /><ent r="4" t="54" w="579" /><ent r="4" t="54" w="589" /><ent r="4" t="54" w="630" /><ent r="4" t="54" w="637" /><ent r="4" t="54" w="642" /><ent r="3" t="57" w="24" /><ent r="3" t="57" w="62" /><ent r="5" t="57" w="141" /><ent r="4" t="57" w="161" /><ent r="4" t="57" w="398" /><ent r="4" t="57" w="415" /><ent r="3" t="57" w="567" /><ent r="3" t="58" w="14" /><ent r="3" t="58" w="17" /><ent r="3" t="58" w="36" /><ent r="3" t="58" w="56" /><ent r="3" t="58" w="66" /><ent r="3" t="58" w="82" /><ent r="3" t="58" w="95" /><ent r="3" t="58" w="100" /><ent r="3" t="58" w="183" /><ent r="3" t="58" w="201" /><ent r="3" t="59" w="19" /><ent r="3" t="59" w="26" /><ent r="3" t="59" w="52" /><ent r="3" t="59" w="112" /><ent r="3" t="59" w="123" /><ent r="3" t="59" w="126" /><ent r="3" t="59" w="499" /><ent r="3" t="59" w="519" /><ent r="3" t="59" w="659" /><ent r="3" t="60" w="155" /><ent r="3" t="60" w="280" /><ent r="3" t="60" w="287" /><ent r="3" t="60" w="296" /><ent r="3" t="60" w="306" /><ent r="3" t="60" w="313" /><ent r="3" t="60" w="327" /><ent r="258" t="60" w="506" /><ent r="3" t="60" w="545" /><ent r="3" t="60" w="713" /><ent r="3" t="60" w="749" /><ent r="3" t="60" w="1083" /><ent r="3" t="60" w="1087" /><ent r="3" t="61" w="50" /><ent r="3" t="61" w="74" /><ent r="3" t="61" w="169" /><ent r="3" t="61" w="182" /><ent r="3" t="61" w="420" /><ent r="3" t="61" w="563" /><ent r="4" t="61" w="606" /><ent r="3" t="61" w="628" /><ent r="4" t="61" w="697" /><ent r="4" t="61" w="760" /><ent r="3" t="62" w="16" /><ent r="6" t="62" w="591" /><ent r="6" t="62" w="604" /><ent r="3" t="62" w="835" /><ent r="3" t="63" w="149" /><ent r="3" t="66" w="35" /><ent r="3" t="67" w="237" /><ent r="3" t="67" w="247" /><ent r="3" t="67" w="263" /><ent r="4" t="69" w="65" /><ent r="4" t="69" w="311" /><ent r="4" t="69" w="314" /><ent r="4" t="69" w="315" /><ent r="4" t="69" w="321" /><ent r="4" t="69" w="327" /><ent r="4" t="69" w="342" /><ent r="4" t="69" w="347" /><ent r="4" t="69" w="366" /><ent r="4" t="69" w="370" /><ent r="4" t="69" w="383" /><ent r="4" t="69" w="388" /><ent r="4" t="69" w="390" /><ent r="4" t="69" w="400" /><ent r="4" t="69" w="1052" /><ent r="3" t="69" w="1323" /><ent r="4" t="69" w="1325" /><ent r="4" t="69" w="1335" /></phr></stem><stem n="pdf"><phr n="pdf"><ent r="5" t="0" w="138" /></phr></stem><stem n="copi"><phr n="copy"><ent r="3" t="0" w="141" /><ent r="4" t="8" w="217" /><ent r="4" t="8" w="232" /><ent r="4" t="25" w="261" /><ent r="4" t="25" w="269" /><ent r="4" t="25" w="277" /><ent r="4" t="25" w="285" /><ent r="4" t="25" w="293" /><ent r="3" t="31" w="581" /><ent r="3" t="40" w="52" /><ent r="4" t="54" w="552" /><ent r="3" t="60" w="26" /><ent r="3" t="60" w="99" /></phr><phr n="copying"><ent r="3" t="6" w="12" /><ent r="3" t="11" w="158" /><ent r="3" t="25" w="306" /></phr><phr n="copies"><ent r="3" t="25" w="242" /><ent r="3" t="60" w="106" /></phr><phr n="copied"><ent r="3" t="62" w="830" /><ent r="3" t="68" w="31" /></phr></stem><stem n="end"><phr n="end"><ent r="4" t="0" w="142" /><ent r="3" t="11" w="56" /><ent r="3" t="11" w="171" /><ent r="3" t="11" w="180" /><ent r="3" t="28" w="24" /><ent r="3" t="50" w="672" /><ent r="3" t="62" w="52" /><ent r="6" t="62" w="240" /></phr><phr n="ends"><ent r="3" t="60" w="657" /></phr></stem><stem n="user"><phr n="user"><ent r="4" t="0" w="143" /><ent r="3" t="0" w="270" /><ent r="3" t="1" w="222" /><ent r="3" t="2" w="7" /><ent r="3" t="3" w="36" /><ent r="3" t="3" w="38" /><ent r="3" t="4" w="17" /><ent r="3" t="4" w="46" /><ent r="3" t="11" w="129" /><ent r="4" t="19" w="120" /><ent r="3" t="25" w="107" /><ent r="3" t="25" w="123" /><ent r="3" t="30" w="141" /><ent r="3" t="32" w="68" /><ent r="3" t="32" w="96" /><ent r="3" t="37" w="153" /><ent r="3" t="37" w="251" /><ent r="3" t="37" w="314" /><ent r="3" t="50" w="666" /><ent r="3" t="50" w="673" /><ent r="3" t="50" w="680" /><ent r="4" t="54" w="256" /><ent r="4" t="54" w="333" /><ent r="4" t="54" w="340" /><ent r="4" t="57" w="146" /><ent r="3" t="60" w="586" /><ent r="3" t="60" w="948" /><ent r="3" t="60" w="975" /><ent r="4" t="61" w="698" /><ent r="4" t="61" w="761" /></phr><phr n="users"><ent r="3" t="0" w="208" /><ent r="3" t="0" w="246" /><ent r="3" t="0" w="268" /><ent r="3" t="30" w="187" /><ent r="3" t="30" w="217" /><ent r="3" t="31" w="130" /><ent r="3" t="31" w="508" /><ent r="3" t="31" w="784" /><ent r="3" t="31" w="950" /><ent r="3" t="31" w="1064" /><ent r="3" t="31" w="1132" /><ent r="3" t="67" w="313" /></phr></stem><stem n="licens"><phr n="license"><ent r="4" t="0" w="144" /><ent r="3" t="3" w="24" /><ent r="4" t="3" w="29" /><ent r="3" t="68" w="25" /></phr><phr n="licensing"><ent r="3" t="3" w="33" /><ent r="3" t="60" w="214" /></phr></stem><stem n="agreement"><phr n="agreement"><ent r="4" t="0" w="145" /><ent r="3" t="68" w="26" /><ent r="3" t="68" w="28" /></phr><phr n="agreements"><ent r="3" t="68" w="35" /></phr></stem><stem n="eula"><phr n="eula"><ent r="4" t="0" w="146" /></phr></stem><stem n="readm"><phr n="readme"><ent r="4" t="0" w="147" /><ent r="4" t="3" w="15" /><ent r="4" t="6" w="29" /><ent r="3" t="8" w="17" /></phr></stem><stem n="copyright"><phr n="copyright"><ent r="4" t="0" w="149" /><ent r="3" t="60" w="90" /><ent r="3" t="60" w="111" /><ent r="268435456" t="68" w="2" /><ent r="3" t="68" w="4" /><ent r="3" t="68" w="97" /></phr><phr n="copyrights"><ent r="3" t="48" w="38" /><ent r="3" t="60" w="88" /><ent r="3" t="65" w="17" /><ent r="4" t="65" w="31" /><ent r="3" t="68" w="103" /></phr></stem><stem n="click"><phr n="click"><ent r="4" t="0" w="151" /><ent r="3" t="9" w="35" /><ent r="3" t="15" w="48" /><ent r="4" t="20" w="84" /><ent r="4" t="26" w="26" /><ent r="3" t="29" w="98" /><ent r="3" t="35" w="177" /><ent r="3" t="38" w="72" /><ent r="3" t="42" w="125" /><ent r="3" t="47" w="19" /><ent r="4" t="51" w="31" /><ent r="4" t="51" w="37" /><ent r="4" t="51" w="40" /><ent r="3" t="52" w="34" /><ent r="3" t="65" w="23" /></phr></stem><stem n="here"><phr n="here"><ent r="4" t="0" w="152" /><ent r="3" t="14" w="18" /><ent r="3" t="50" w="712" /><ent r="3" t="54" w="30" /></phr><phr n="here's"><ent r="3" t="50" w="620" /></phr></stem><stem n="uniqu"><phr n="unique"><ent r="3" t="0" w="156" /><ent r="3" t="61" w="228" /></phr></stem><stem n="enhanc"><phr n="enhances"><ent r="3" t="0" w="159" /></phr></stem><stem n="workflow"><phr n="workflow"><ent r="3" t="0" w="160" /><ent r="3" t="11" w="44" /><ent r="3" t="11" w="181" /><ent r="3" t="14" w="176" /><ent r="3" t="29" w="32" /><ent r="3" t="31" w="512" /><ent r="4" t="69" w="1035" /></phr><phr n="workflows"><ent r="3" t="10" w="33" /><ent r="3" t="10" w="174" /><ent r="3" t="11" w="13" /><ent r="3" t="25" w="174" /><ent r="3" t="30" w="60" /><ent r="4" t="31" w="211" /><ent r="4" t="31" w="251" /><ent r="3" t="33" w="30" /><ent r="3" t="33" w="59" /><ent r="3" t="33" w="152" /><ent r="3" t="35" w="49" /><ent r="3" t="42" w="18" /><ent r="3" t="67" w="198" /><ent r="4098" t="67" w="298" /><ent r="4" t="69" w="682" /></phr></stem><stem n="compress"><phr n="compressing"><ent r="3" t="0" w="163" /><ent r="3" t="67" w="177" /></phr><phr n="compression"><ent r="3" t="0" w="277" /><ent r="3" t="0" w="298" /><ent r="3" t="30" w="38" /><ent r="3" t="30" w="75" /><ent r="3" t="30" w="209" /><ent r="4" t="30" w="270" /><ent r="4" t="31" w="186" /><ent r="4" t="31" w="191" /><ent r="4" t="31" w="198" /><ent r="4" t="31" w="219" /><ent r="4" t="31" w="234" /><ent r="4" t="31" w="245" /><ent r="3" t="31" w="306" /><ent r="4096" t="31" w="321" /><ent r="4096" t="31" w="323" /><ent r="3" t="31" w="324" /><ent r="3" t="31" w="352" /><ent r="3" t="31" w="475" /><ent r="3" t="31" w="491" /><ent r="3" t="31" w="511" /><ent r="3" t="31" w="514" /><ent r="4" t="31" w="620" /><ent r="3" t="31" w="1083" /><ent r="3" t="31" w="1152" /><ent r="3" t="31" w="1186" /><ent r="3" t="31" w="1269" /><ent r="3" t="33" w="17" /><ent r="3" t="33" w="56" /><ent r="4" t="35" w="80" /><ent r="3" t="49" w="65" /><ent r="6" t="62" w="351" /><ent r="4" t="62" w="546" /><ent r="4" t="62" w="550" /><ent r="6" t="62" w="810" /><ent r="6" t="62" w="818" /><ent r="4098" t="67" w="162" /><ent r="3" t="67" w="240" /><ent r="3" t="67" w="253" /><ent r="3" t="67" w="266" /><ent r="3" t="69" w="306" /><ent r="3" t="69" w="337" /><ent r="4" t="69" w="354" /><ent r="4" t="69" w="373" /><ent r="4" t="69" w="380" /><ent r="4" t="69" w="604" /><ent r="4" t="69" w="662" /><ent r="4" t="69" w="704" /><ent r="4" t="69" w="745" /><ent r="4" t="69" w="1038" /><ent r="4" t="69" w="1197" /><ent r="4" t="69" w="1315" /></phr><phr n="compressed"><ent r="3" t="29" w="35" /><ent r="3" t="33" w="135" /><ent r="6" t="62" w="338" /><ent r="4" t="62" w="429" /><ent r="4" t="62" w="433" /><ent r="4" t="62" w="435" /><ent r="3" t="67" w="274" /><ent r="4" t="69" w="356" /><ent r="4" t="69" w="367" /></phr><phr n="compress"><ent r="3" t="30" w="188" /><ent r="3" t="31" w="132" /><ent r="3" t="31" w="872" /><ent r="4" t="62" w="559" /></phr><phr n="compresses"><ent r="3" t="31" w="1199" /></phr></stem><stem n="resolut"><phr n="resolution"><ent r="3" t="0" w="165" /><ent r="4" t="12" w="30" /><ent r="3" t="12" w="81" /><ent r="3" t="12" w="90" /><ent r="3" t="12" w="153" /><ent r="3" t="12" w="185" /><ent r="3" t="12" w="209" /><ent r="3" t="12" w="254" /><ent r="3" t="22" w="79" /><ent r="4" t="25" w="75" /><ent r="3" t="31" w="418" /><ent r="3" t="31" w="425" /><ent r="3" t="31" w="427" /><ent r="4" t="31" w="595" /><ent r="4" t="31" w="597" /><ent r="4" t="31" w="605" /><ent r="4" t="31" w="609" /><ent r="3" t="31" w="689" /><ent r="3" t="31" w="720" /><ent r="3" t="31" w="886" /><ent r="3" t="33" w="63" /><ent r="4" t="41" w="32" /><ent r="3" t="49" w="93" /><ent r="3" t="50" w="312" /><ent r="4" t="50" w="388" /><ent r="3" t="50" w="515" /><ent r="3" t="50" w="821" /><ent r="3" t="58" w="204" /><ent r="3" t="60" w="841" /><ent r="3" t="60" w="857" /><ent r="3" t="61" w="55" /><ent r="3" t="61" w="428" /><ent r="4" t="61" w="548" /><ent r="4" t="61" w="623" /><ent r="6" t="61" w="734" /><ent r="6" t="62" w="383" /><ent r="6" t="62" w="406" /><ent r="6" t="62" w="748" /><ent r="4096" t="63" w="4" /><ent r="3" t="63" w="18" /><ent r="3" t="63" w="35" /><ent r="3" t="66" w="16" /><ent r="3" t="67" w="332" /><ent r="4" t="69" w="766" /><ent r="4" t="69" w="796" /><ent r="4" t="69" w="804" /><ent r="5" t="69" w="811" /><ent r="4" t="69" w="1043" /><ent r="3" t="69" w="1086" /><ent r="4" t="69" w="1096" /><ent r="4" t="69" w="1144" /><ent r="5" t="69" w="1173" /><ent r="4" t="69" w="1298" /><ent r="5" t="69" w="1357" /></phr><phr n="resolutions"><ent r="3" t="0" w="196" /><ent r="4" t="27" w="193" /><ent r="3" t="30" w="245" /><ent r="4" t="30" w="329" /><ent r="4" t="30" w="333" /><ent r="4" t="31" w="1330" /><ent r="4" t="31" w="1340" /><ent r="4" t="52" w="65" /><ent r="268435456" t="63" w="3" /><ent r="4096" t="63" w="8" /><ent r="4096" t="63" w="13" /><ent r="1048578" t="63" w="16" /><ent r="3" t="63" w="136" /></phr></stem></index>