<?xml version="1.0" encoding="utf-8"?>
<CatapultToc Version="1" DescendantCount="71">
    <TocEntry Title="Introduction" Link="/content/introduction.htm" StartSection="true" MasterPage="/Content/Resources/MasterPages/Printed_Intro.flmsp" PageNumber="1" PageNumberReset="reset" PageNumberFormat="decimal" StartChapter="true" PageLayout="/Content/Resources/PageLayouts/Introduction.flpgl" PageType="first" ComputedResetPageLayout="true" ComputedFirstTopic="true" DescendantCount="3">
        <TocEntry Title="Features" Link="/content/features.htm" ComputedFirstTopic="false" DescendantCount="0" />
        <TocEntry Title="How to Read this Manual" Link="/content/how_to_read_this_manual.htm" ComputedFirstTopic="false" DescendantCount="0" />
        <TocEntry Title="SDK Contents" Link="/content/sdk_contents.htm" ComputedFirstTopic="false" DescendantCount="0" />
    </TocEntry>
    <TocEntry Title="Getting Started" Link="/content/getting_started.htm" StartSection="true" MasterPage="/Content/Resources/MasterPages/Printed_Getting_Started.flmsp" PageNumber="1" StartChapter="true" PageLayout="/Content/Resources/PageLayouts/Getting_Started.flpgl" PageType="first" PageNumberReset="continue" ComputedResetPageLayout="true" ComputedFirstTopic="false" DescendantCount="4">
        <TocEntry Title="System Requirements" Link="/content/system_requirements.htm" ComputedFirstTopic="false" DescendantCount="0" />
        <TocEntry Title="Installation" Link="/content/installation.htm" ComputedFirstTopic="false" DescendantCount="0" />
        <TocEntry Title="Example Code" Link="/content/example_code.htm" ComputedFirstTopic="false" DescendantCount="0" />
        <TocEntry Title="Technical Support" Link="/content/technical_support.htm" ComputedFirstTopic="false" DescendantCount="0" />
    </TocEntry>
    <TocEntry Title="Architecture and Design" Link="/content/architecture_and_design.htm" StartSection="true" MasterPage="/Content/Resources/MasterPages/Printed_Arch_and_Design.flmsp" PageNumber="1" StartChapter="true" PageLayout="/Content/Resources/PageLayouts/Getting_Started.flpgl" PageType="first" PageNumberReset="continue" ComputedResetPageLayout="true" ComputedFirstTopic="false" DescendantCount="5">
        <TocEntry Title="Pipeline Design" Link="/content/pipeline_design.htm" ComputedFirstTopic="false" DescendantCount="0" />
        <TocEntry Title="Strip-Based Decoding" Link="/content/shrip_based_decoding.htm" ComputedFirstTopic="false" DescendantCount="0" />
        <TocEntry Title="Scenes" Link="/content/scenes.htm" ComputedFirstTopic="false" DescendantCount="0" />
        <TocEntry Title="Multi-Threading" Link="/content/multi-threading.htm" ComputedFirstTopic="false" DescendantCount="0" />
        <TocEntry Title="Other Design Considerations" Link="/content/other_design_considerations.htm" ComputedFirstTopic="false" DescendantCount="0" />
    </TocEntry>
    <TocEntry Title="The Support Classes" Link="/content/the_support_classes.htm" StartSection="true" MasterPage="/Content/Resources/MasterPages/Printed_Support_Classes.flmsp" PageNumber="1" StartChapter="true" PageLayout="/Content/Resources/PageLayouts/Getting_Started.flpgl" PageType="first" PageNumberReset="continue" ComputedResetPageLayout="true" ComputedFirstTopic="false" DescendantCount="4">
        <TocEntry Title="Preprocessor Constants and Basic Typedefs" Link="/content/preprocessor_constants_and_basic_typedefs.htm" ComputedFirstTopic="false" DescendantCount="0" />
        <TocEntry Title="Status Strings" Link="/content/status_strings.htm" ComputedFirstTopic="false" DescendantCount="0" />
        <TocEntry Title="The LTIFileSpec Class" Link="/content/the_ltifilespec_class.htm" ComputedFirstTopic="false" DescendantCount="0" />
        <TocEntry Title="Streams" Link="/content/streams.htm" ComputedFirstTopic="false" DescendantCount="0" />
    </TocEntry>
    <TocEntry Title="The SDK Base Classes" Link="/content/the_sdk_base_classes.htm" StartSection="true" MasterPage="/Content/Resources/MasterPages/Printed_SDK_Base_Classes.flmsp" PageNumber="1" StartChapter="true" PageLayout="/Content/Resources/PageLayouts/Getting_Started.flpgl" PageNumberReset="continue" PageType="first" ComputedResetPageLayout="true" ComputedFirstTopic="false" DescendantCount="5">
        <TocEntry Title="Base Enums" Link="/content/base_enums.htm" ComputedFirstTopic="false" DescendantCount="0" />
        <TocEntry Title="Base Classes" Link="/content/base_classes.htm" ComputedFirstTopic="false" DescendantCount="0" />
        <TocEntry Title="The Image Classes" Link="/content/the_image_classes.htm" ComputedFirstTopic="false" DescendantCount="0" />
        <TocEntry Title="The Raw Readers and Writers" Link="/content/the_raw_readers_and_writers.htm" ComputedFirstTopic="false" DescendantCount="0" />
        <TocEntry Title="Scene and Buffer Management" Link="/content/scene_and_buffer_management.htm" ComputedFirstTopic="false" DescendantCount="0" />
    </TocEntry>
    <TocEntry Title="Concrete Image Readers, Filters and Writers" Link="/content/concrete_image_readers_filters_and_writers.htm" StartSection="true" MasterPage="/Content/Resources/MasterPages/Printed_Concrete_Image_RFWs.flmsp" PageNumber="1" StartChapter="true" PageLayout="/Content/Resources/PageLayouts/Getting_Started.flpgl" PageType="first" PageNumberReset="continue" ComputedResetPageLayout="true" ComputedFirstTopic="false" DescendantCount="2">
        <TocEntry Title="Image Filters" Link="/content/image_filters.htm" ComputedFirstTopic="false" DescendantCount="0" />
        <TocEntry Title="Image Writers" Link="/content/image_writers.htm" ComputedFirstTopic="false" DescendantCount="0" />
    </TocEntry>
    <TocEntry Title="MrSIDSupport" Link="/content/mrsid_support.htm" StartSection="true" MasterPage="/Content/Resources/MasterPages/Printed_MrSID_Support.flmsp" PageNumber="1" StartChapter="true" PageLayout="/Content/Resources/PageLayouts/Getting_Started.flpgl" PageType="first" PageNumberReset="continue" ComputedResetPageLayout="true" ComputedFirstTopic="false" DescendantCount="3">
        <TocEntry Title="MG2, MG3 and MG4" Link="/content/mg2_mg3_and_mg4.htm" ComputedFirstTopic="false" DescendantCount="0" />
        <TocEntry Title="Key Features of MrSID" Link="/content/key_features_of_mrsid.htm" ComputedFirstTopic="false" DescendantCount="0" />
        <TocEntry Title="MrSID Readers" Link="/content/mrsid_readers.htm" ComputedFirstTopic="false" DescendantCount="0" />
    </TocEntry>
    <TocEntry Title="JPEG 2000 Support" Link="/content/jpeg_2000_support.htm" StartSection="true" MasterPage="/Content/Resources/MasterPages/Printed_JPEG_2000_Support.flmsp" PageNumber="1" StartChapter="true" PageLayout="/Content/Resources/PageLayouts/Getting_Started.flpgl" PageType="first" PageNumberReset="continue" ComputedResetPageLayout="true" ComputedFirstTopic="false" DescendantCount="1">
        <TocEntry Title="The JPEG 2000 Reader" Link="/content/the_jpeg_2000_reader.htm" ComputedFirstTopic="false" DescendantCount="0" />
    </TocEntry>
    <TocEntry Title="NITF Support" Link="/content/nitf_support.htm" StartSection="true" MasterPage="/Content/Resources/MasterPages/Printed_NITF_Support.flmsp" PageNumber="1" StartChapter="true" PageLayout="/Content/Resources/PageLayouts/Getting_Started.flpgl" PageType="first" PageNumberReset="continue" ComputedResetPageLayout="true" ComputedFirstTopic="false" DescendantCount="2">
        <TocEntry Title="The NITF Reader" Link="/content/nitf_reader.htm" ComputedFirstTopic="false" DescendantCount="0" />
        <TocEntry Title="NITF Input Metadata" Link="/content/nitf_input_metadata.htm" ComputedFirstTopic="false" DescendantCount="0" />
    </TocEntry>
    <TocEntry Title="Metadata Support" Link="/content/metadata_support.htm" StartSection="true" MasterPage="/Content/Resources/MasterPages/Printed_Metadata_Support.flmsp" PageNumber="1" StartChapter="true" PageLayout="/Content/Resources/PageLayouts/Getting_Started.flpgl" PageType="first" PageNumberReset="continue" ComputedResetPageLayout="true" ComputedFirstTopic="false" DescendantCount="3">
        <TocEntry Title="The Metadata Record" Link="/content/the_metadata_record.htm" ComputedFirstTopic="false" DescendantCount="0" />
        <TocEntry Title="The Metadata Database" Link="/content/the_metadata_database.htm" ComputedFirstTopic="false" DescendantCount="0" />
        <TocEntry Title="The Tags" Link="/content/the_tags.htm" ComputedFirstTopic="false" DescendantCount="0" />
    </TocEntry>
    <TocEntry Title="The C API" Link="/content/the_c_api.htm" StartSection="true" MasterPage="/Content/Resources/MasterPages/Printed_The_C_API.flmsp" PageNumber="1" StartChapter="true" PageLayout="/Content/Resources/PageLayouts/Getting_Started.flpgl" PageType="first" PageNumberReset="continue" ComputedResetPageLayout="true" ComputedFirstTopic="false" DescendantCount="4">
        <TocEntry Title="Image Support" Link="/content/image_support.htm" ComputedFirstTopic="false" DescendantCount="0" />
        <TocEntry Title="Decode Support" Link="/content/decode_support.htm" ComputedFirstTopic="false" DescendantCount="0" />
        <TocEntry Title="Metadata Support" Link="/content/metadata_support2.htm" ComputedFirstTopic="false" DescendantCount="0" />
        <TocEntry Title="Streams" Link="/content/streams2.htm" ComputedFirstTopic="false" DescendantCount="0" />
    </TocEntry>
    <TocEntry Title="Command Line Applications" Link="/content/command_line_applications.htm" StartSection="true" MasterPage="/Content/Resources/MasterPages/Printed_Command_Line_Apps.flmsp" PageNumber="1" StartChapter="true" PageLayout="/Content/Resources/PageLayouts/Getting_Started.flpgl" PageType="first" PageNumberReset="continue" ComputedResetPageLayout="true" ComputedFirstTopic="false" DescendantCount="4">
        <TocEntry Title="Switches Common to All Tools" Link="/content/switches_common_to_all_tools.htm" ComputedFirstTopic="false" DescendantCount="0" />
        <TocEntry Title="mrsidinfo" Link="/content/mrsidinfo.htm" ComputedFirstTopic="false" DescendantCount="0" />
        <TocEntry Title="mrsiddecode" Link="/content/mrsiddecode.htm" ComputedFirstTopic="false" DescendantCount="0" />
        <TocEntry Title="mrsidviewer" Link="/content/mrsidviewer.htm" ComputedFirstTopic="false" DescendantCount="0" />
    </TocEntry>
    <TocEntry Title="Appendix A - Technical Notes" Link="/content/appendix_a_technical_notes.htm" StartSection="true" MasterPage="/Content/Resources/MasterPages/Printed_Appendix_A.flmsp" PageNumber="1" StartChapter="true" PageLayout="/Content/Resources/PageLayouts/Getting_Started.flpgl" PageType="first" PageNumberReset="continue" ComputedResetPageLayout="true" ComputedFirstTopic="false" DescendantCount="12">
        <TocEntry Title="Zoom Levels" Link="/content/zoom_levels.htm" ComputedFirstTopic="false" DescendantCount="0" />
        <TocEntry Title="Coding Conventions" Link="/content/coding_conventions.htm" ComputedFirstTopic="false" DescendantCount="0" />
        <TocEntry Title="Overrides" Link="/content/overrides.htm" ComputedFirstTopic="false" DescendantCount="0" />
        <TocEntry Title="Reference Counting" Link="/content/reference_counting.htm" ComputedFirstTopic="false" DescendantCount="0" />
        <TocEntry Title="Notes on Streams" Link="/content/notes_on_streams.htm" ComputedFirstTopic="false" DescendantCount="0" />
        <TocEntry Title="Notes on World Files" Link="/content/notes_on_world_files.htm" ComputedFirstTopic="false" DescendantCount="0" />
        <TocEntry Title="Notes on BBB Files" Link="/content/notes_on_bbb_files.htm" ComputedFirstTopic="false" DescendantCount="0" />
        <TocEntry Title="GeoTIFF Metadata for JPEG 2000" Link="/content/geotiff_metadata_for_jpeg_2000.htm" ComputedFirstTopic="false" DescendantCount="0" />
        <TocEntry Title="Georeferencing of NITF Imagery" Link="/content/georeferencing_of_nitf_imagery.htm" ComputedFirstTopic="false" DescendantCount="0" />
        <TocEntry Title="Metadata Tags" Link="/content/metadata_tags.htm" ComputedFirstTopic="false" DescendantCount="0" />
        <TocEntry Title="Negative y-Resolutions" Link="/content/negative_y_resolutions.htm" ComputedFirstTopic="false" DescendantCount="0" />
        <TocEntry Title="Nodata and Background Pixels" Link="/content/nodata_and_background_pixels.htm" ComputedFirstTopic="false" DescendantCount="0" />
    </TocEntry>
    <TocEntry Title="Appendix B - Company and Product Information" Link="/content/appendix_b_company_and_product_information.htm" StartSection="true" MasterPage="/Content/Resources/MasterPages/Printed_Appendix_B.flmsp" PageNumber="1" StartChapter="true" PageLayout="/Content/Resources/PageLayouts/Getting_Started.flpgl" PageType="first" PageNumberReset="continue" ComputedResetPageLayout="true" ComputedFirstTopic="false" DescendantCount="3">
        <TocEntry Title="About LizardTech" Link="/content/about_lizardtech.htm" ComputedFirstTopic="false" DescendantCount="0" />
        <TocEntry Title="Other LizardTech Products" Link="/content/other_lizardtech_products.htm" ComputedFirstTopic="false" DescendantCount="0" />
        <TocEntry Title="Copyrights, Trademarks and Credits" Link="/content/printed_copyright_page.htm" conditions="Default.ScreenESDK,Default.ScreenDSDK" ComputedFirstTopic="false" DescendantCount="0" />
    </TocEntry>
    <TocEntry Title="Glossary" Link="/content/glossary.htm" StartSection="true" MasterPage="/Content/Resources/MasterPages/Printed_Glossary.flmsp" PageNumber="1" ComputedResetPageLayout="true" ComputedFirstTopic="false" DescendantCount="0" />
    <TocEntry Title="Reference Manual" Link="/content/reference_manual.htm" StartSection="true" MasterPage="/Content/Resources/MasterPages/Printed_Reference_Manual.flmsp" PageNumber="1" conditions="Default.ScreenESDK,Default.ScreenDSDK" ComputedResetPageLayout="true" ComputedFirstTopic="false" DescendantCount="0" />
</CatapultToc>