<?xml version="1.0" encoding="UTF-8"?><restorableState><stateObject name="visible">true</stateObject><stateObject name="lowerAltitude">0.0</stateObject><stateObject name="upperAltitude">79.4968613156883</stateObject><stateObject name="lowerTerrainConforming">true</stateObject><stateObject name="upperTerrainConforming">false</stateObject><stateObject name="attributes"><stateObject name="opacity">0.95</stateObject><stateObject name="material"><stateObject name="ambient">0X404040FF</stateObject><stateObject name="diffuse">0XC0C0C0FF</stateObject><stateObject name="specular">0X0000FF</stateObject><stateObject name="emission">0X0000FF</stateObject><stateObject name="shininess">0.0</stateObject></stateObject></stateObject><stateObject name="enableCaps">true</stateObject><stateObject name="locations"><stateObject name="location"><stateObject name="latitudeDegrees">47.65610299973846</stateObject><stateObject name="longitudeDegrees">-122.30773659321355</stateObject></stateObject><stateObject name="location"><stateObject name="latitudeDegrees">47.656452920438866</stateObject><stateObject name="longitudeDegrees">-122.30824258964</stateObject></stateObject><stateObject name="location"><stateObject name="latitudeDegrees">47.65657693109951</stateObject><stateObject name="longitudeDegrees">-122.30804551534786</stateObject></stateObject><stateObject name="location"><stateObject name="latitudeDegrees">47.65622712830787</stateObject><stateObject name="longitudeDegrees">-122.3075352228219</stateObject></stateObject></stateObject></restorableState>