<?xml version="1.0" encoding="UTF-8"?><restorableState><stateObject name="visible">true</stateObject><stateObject name="lowerAltitude">0.0</stateObject><stateObject name="upperAltitude">73.07136247856009</stateObject><stateObject name="lowerTerrainConforming">true</stateObject><stateObject name="upperTerrainConforming">false</stateObject><stateObject name="attributes"><stateObject name="opacity">0.95</stateObject><stateObject name="material"><stateObject name="ambient">0X404040FF</stateObject><stateObject name="diffuse">0XC0C0C0FF</stateObject><stateObject name="specular">0X0000FF</stateObject><stateObject name="emission">0X0000FF</stateObject><stateObject name="shininess">0.0</stateObject></stateObject></stateObject><stateObject name="enableCaps">true</stateObject><stateObject name="locations"><stateObject name="location"><stateObject name="latitudeDegrees">47.65776818077938</stateObject><stateObject name="longitudeDegrees">-122.30768120070543</stateObject></stateObject><stateObject name="location"><stateObject name="latitudeDegrees">47.65813837915706</stateObject><stateObject name="longitudeDegrees">-122.30711740935838</stateObject></stateObject><stateObject name="location"><stateObject name="latitudeDegrees">47.65801010385087</stateObject><stateObject name="longitudeDegrees">-122.30693419825673</stateObject></stateObject><stateObject name="location"><stateObject name="latitudeDegrees">47.657638567523456</stateObject><stateObject name="longitudeDegrees">-122.30749066904727</stateObject></stateObject></stateObject></restorableState>