<?xml version="1.0" encoding="UTF-8"?><restorableState><stateObject name="visible">true</stateObject><stateObject name="lowerAltitude">0.0</stateObject><stateObject name="upperAltitude">51.38880169981031</stateObject><stateObject name="lowerTerrainConforming">true</stateObject><stateObject name="upperTerrainConforming">false</stateObject><stateObject name="attributes"><stateObject name="opacity">0.95</stateObject><stateObject name="material"><stateObject name="ambient">0X404040FF</stateObject><stateObject name="diffuse">0XC0C0C0FF</stateObject><stateObject name="specular">0X0000FF</stateObject><stateObject name="emission">0X0000FF</stateObject><stateObject name="shininess">0.0</stateObject></stateObject></stateObject><stateObject name="enableCaps">true</stateObject><stateObject name="locations"><stateObject name="location"><stateObject name="latitudeDegrees">47.65791670656148</stateObject><stateObject name="longitudeDegrees">-122.30390825721209</stateObject></stateObject><stateObject name="location"><stateObject name="latitudeDegrees">47.65846967601509</stateObject><stateObject name="longitudeDegrees">-122.30392242576994</stateObject></stateObject><stateObject name="location"><stateObject name="latitudeDegrees">47.65845665409997</stateObject><stateObject name="longitudeDegrees">-122.30330293698732</stateObject></stateObject><stateObject name="location"><stateObject name="latitudeDegrees">47.65793064909978</stateObject><stateObject name="longitudeDegrees">-122.30328950328217</stateObject></stateObject></stateObject></restorableState>