<?xml version="1.0" encoding="UTF-8"?><restorableState><stateObject name="visible">true</stateObject><stateObject name="lowerAltitude">0.0</stateObject><stateObject name="upperAltitude">74.05659401863774</stateObject><stateObject name="lowerTerrainConforming">true</stateObject><stateObject name="upperTerrainConforming">false</stateObject><stateObject name="attributes"><stateObject name="opacity">0.95</stateObject><stateObject name="material"><stateObject name="ambient">0X404040FF</stateObject><stateObject name="diffuse">0XC0C0C0FF</stateObject><stateObject name="specular">0X0000FF</stateObject><stateObject name="emission">0X0000FF</stateObject><stateObject name="shininess">0.0</stateObject></stateObject></stateObject><stateObject name="enableCaps">true</stateObject><stateObject name="locations"><stateObject name="location"><stateObject name="latitudeDegrees">47.65480098616034</stateObject><stateObject name="longitudeDegrees">-122.30703339540783</stateObject></stateObject><stateObject name="location"><stateObject name="latitudeDegrees">47.65464363312621</stateObject><stateObject name="longitudeDegrees">-122.30692298001253</stateObject></stateObject><stateObject name="location"><stateObject name="latitudeDegrees">47.654895321130574</stateObject><stateObject name="longitudeDegrees">-122.30613391643725</stateObject></stateObject><stateObject name="location"><stateObject name="latitudeDegrees">47.655059790733354</stateObject><stateObject name="longitudeDegrees">-122.30624269092752</stateObject></stateObject></stateObject></restorableState>