<?xml version="1.0" encoding="UTF-8"?><restorableState><stateObject name="visible">true</stateObject><stateObject name="lowerAltitude">0.0</stateObject><stateObject name="upperAltitude">83.3096301198424</stateObject><stateObject name="lowerTerrainConforming">true</stateObject><stateObject name="upperTerrainConforming">false</stateObject><stateObject name="attributes"><stateObject name="opacity">0.95</stateObject><stateObject name="material"><stateObject name="ambient">0X404040FF</stateObject><stateObject name="diffuse">0XC0C0C0FF</stateObject><stateObject name="specular">0X0000FF</stateObject><stateObject name="emission">0X0000FF</stateObject><stateObject name="shininess">0.0</stateObject></stateObject></stateObject><stateObject name="enableCaps">true</stateObject><stateObject name="locations"><stateObject name="location"><stateObject name="latitudeDegrees">47.658964811959606</stateObject><stateObject name="longitudeDegrees">-122.30415381001964</stateObject></stateObject><stateObject name="location"><stateObject name="latitudeDegrees">47.65911873630662</stateObject><stateObject name="longitudeDegrees">-122.30417243634491</stateObject></stateObject><stateObject name="location"><stateObject name="latitudeDegrees">47.65913444340102</stateObject><stateObject name="longitudeDegrees">-122.30376586497906</stateObject></stateObject><stateObject name="location"><stateObject name="latitudeDegrees">47.65918899504314</stateObject><stateObject name="longitudeDegrees">-122.3037663135556</stateObject></stateObject><stateObject name="location"><stateObject name="latitudeDegrees">47.65917937310133</stateObject><stateObject name="longitudeDegrees">-122.30389655787653</stateObject></stateObject><stateObject name="location"><stateObject name="latitudeDegrees">47.65936401445556</stateObject><stateObject name="longitudeDegrees">-122.30389833464253</stateObject></stateObject><stateObject name="location"><stateObject name="latitudeDegrees">47.65936531587561</stateObject><stateObject name="longitudeDegrees">-122.303754419133</stateObject></stateObject><stateObject name="location"><stateObject name="latitudeDegrees">47.65942096431199</stateObject><stateObject name="longitudeDegrees">-122.3037489700762</stateObject></stateObject><stateObject name="location"><stateObject name="latitudeDegrees">47.659424723392576</stateObject><stateObject name="longitudeDegrees">-122.3041527210044</stateObject></stateObject><stateObject name="location"><stateObject name="latitudeDegrees">47.65955053562254</stateObject><stateObject name="longitudeDegrees">-122.30417067426983</stateObject></stateObject><stateObject name="location"><stateObject name="latitudeDegrees">47.65955531116076</stateObject><stateObject name="longitudeDegrees">-122.30339200985429</stateObject></stateObject><stateObject name="location"><stateObject name="latitudeDegrees">47.65943159465437</stateObject><stateObject name="longitudeDegrees">-122.30339773810526</stateObject></stateObject><stateObject name="location"><stateObject name="latitudeDegrees">47.65942730642472</stateObject><stateObject name="longitudeDegrees">-122.3037084541094</stateObject></stateObject><stateObject name="location"><stateObject name="latitudeDegrees">47.65936330457115</stateObject><stateObject name="longitudeDegrees">-122.3037095586904</stateObject></stateObject><stateObject name="location"><stateObject name="latitudeDegrees">47.65936818788207</stateObject><stateObject name="longitudeDegrees">-122.3035305310842</stateObject></stateObject><stateObject name="location"><stateObject name="latitudeDegrees">47.659191094344294</stateObject><stateObject name="longitudeDegrees">-122.30352779644888</stateObject></stateObject><stateObject name="location"><stateObject name="latitudeDegrees">47.659188733093565</stateObject><stateObject name="longitudeDegrees">-122.30371454523026</stateObject></stateObject><stateObject name="location"><stateObject name="latitudeDegrees">47.65913461892725</stateObject><stateObject name="longitudeDegrees">-122.30371216955652</stateObject></stateObject><stateObject name="location"><stateObject name="latitudeDegrees">47.65913169315316</stateObject><stateObject name="longitudeDegrees">-122.30333171669697</stateObject></stateObject><stateObject name="location"><stateObject name="latitudeDegrees">47.65895999586408</stateObject><stateObject name="longitudeDegrees">-122.30332063074816</stateObject></stateObject></stateObject></restorableState>