<?xml version="1.0" encoding="UTF-8"?><restorableState><stateObject name="visible">true</stateObject><stateObject name="lowerAltitude">0.0</stateObject><stateObject name="upperAltitude">84.94866434463746</stateObject><stateObject name="lowerTerrainConforming">true</stateObject><stateObject name="upperTerrainConforming">false</stateObject><stateObject name="attributes"><stateObject name="opacity">0.95</stateObject><stateObject name="material"><stateObject name="ambient">0X404040FF</stateObject><stateObject name="diffuse">0XC0C0C0FF</stateObject><stateObject name="specular">0X0000FF</stateObject><stateObject name="emission">0X0000FF</stateObject><stateObject name="shininess">0.0</stateObject></stateObject></stateObject><stateObject name="enableCaps">true</stateObject><stateObject name="locations"><stateObject name="location"><stateObject name="latitudeDegrees">47.65506118379593</stateObject><stateObject name="longitudeDegrees">-122.30712268317377</stateObject></stateObject><stateObject name="location"><stateObject name="latitudeDegrees">47.65549107916424</stateObject><stateObject name="longitudeDegrees">-122.30743078333465</stateObject></stateObject><stateObject name="location"><stateObject name="latitudeDegrees">47.65566049895763</stateObject><stateObject name="longitudeDegrees">-122.30690471741892</stateObject></stateObject><stateObject name="location"><stateObject name="latitudeDegrees">47.655243800028366</stateObject><stateObject name="longitudeDegrees">-122.3066042603839</stateObject></stateObject></stateObject></restorableState>