<?xml version="1.0" encoding="UTF-8"?><restorableState><stateObject name="visible">true</stateObject><stateObject name="lowerAltitude">0.0</stateObject><stateObject name="upperAltitude">74.85903478224198</stateObject><stateObject name="lowerTerrainConforming">true</stateObject><stateObject name="upperTerrainConforming">false</stateObject><stateObject name="attributes"><stateObject name="opacity">0.95</stateObject><stateObject name="material"><stateObject name="ambient">0X404040FF</stateObject><stateObject name="diffuse">0XC0C0C0FF</stateObject><stateObject name="specular">0X0000FF</stateObject><stateObject name="emission">0X0000FF</stateObject><stateObject name="shininess">0.0</stateObject></stateObject></stateObject><stateObject name="enableCaps">true</stateObject><stateObject name="locations"><stateObject name="location"><stateObject name="latitudeDegrees">47.65635242434237</stateObject><stateObject name="longitudeDegrees">-122.30754498709588</stateObject></stateObject><stateObject name="location"><stateObject name="latitudeDegrees">47.656287148766786</stateObject><stateObject name="longitudeDegrees">-122.30764349465878</stateObject></stateObject><stateObject name="location"><stateObject name="latitudeDegrees">47.65638073891251</stateObject><stateObject name="longitudeDegrees">-122.30777258693385</stateObject></stateObject><stateObject name="location"><stateObject name="latitudeDegrees">47.656442333812244</stateObject><stateObject name="longitudeDegrees">-122.30768091843373</stateObject></stateObject><stateObject name="location"><stateObject name="latitudeDegrees">47.65647841969375</stateObject><stateObject name="longitudeDegrees">-122.30772473564403</stateObject></stateObject><stateObject name="location"><stateObject name="latitudeDegrees">47.65693723995262</stateObject><stateObject name="longitudeDegrees">-122.30700901115976</stateObject></stateObject><stateObject name="location"><stateObject name="latitudeDegrees">47.65677240967857</stateObject><stateObject name="longitudeDegrees">-122.30677547232051</stateObject></stateObject><stateObject name="location"><stateObject name="latitudeDegrees">47.65632162720239</stateObject><stateObject name="longitudeDegrees">-122.30749926991876</stateObject></stateObject></stateObject></restorableState>