<?xml version="1.0" encoding="UTF-8"?><restorableState><stateObject name="visible">true</stateObject><stateObject name="lowerAltitude">0.0</stateObject><stateObject name="upperAltitude">73.65621134212053</stateObject><stateObject name="lowerTerrainConforming">true</stateObject><stateObject name="upperTerrainConforming">false</stateObject><stateObject name="attributes"><stateObject name="opacity">0.95</stateObject><stateObject name="material"><stateObject name="ambient">0X404040FF</stateObject><stateObject name="diffuse">0XC0C0C0FF</stateObject><stateObject name="specular">0X0000FF</stateObject><stateObject name="emission">0X0000FF</stateObject><stateObject name="shininess">0.0</stateObject></stateObject></stateObject><stateObject name="enableCaps">true</stateObject><stateObject name="locations"><stateObject name="location"><stateObject name="latitudeDegrees">47.656970525744455</stateObject><stateObject name="longitudeDegrees">-122.30894899250167</stateObject></stateObject><stateObject name="location"><stateObject name="latitudeDegrees">47.65755113893022</stateObject><stateObject name="longitudeDegrees">-122.30807981309006</stateObject></stateObject><stateObject name="location"><stateObject name="latitudeDegrees">47.65737750213474</stateObject><stateObject name="longitudeDegrees">-122.30785611753367</stateObject></stateObject><stateObject name="location"><stateObject name="latitudeDegrees">47.65694285276725</stateObject><stateObject name="longitudeDegrees">-122.30850955949262</stateObject></stateObject><stateObject name="location"><stateObject name="latitudeDegrees">47.65677514684554</stateObject><stateObject name="longitudeDegrees">-122.30827419029364</stateObject></stateObject><stateObject name="location"><stateObject name="latitudeDegrees">47.65663596055658</stateObject><stateObject name="longitudeDegrees">-122.30848959730457</stateObject></stateObject></stateObject></restorableState>