<?xml version="1.0" encoding="UTF-8"?><restorableState><stateObject name="visible">true</stateObject><stateObject name="lowerAltitude">0.0</stateObject><stateObject name="upperAltitude">95.16921332497098</stateObject><stateObject name="lowerTerrainConforming">true</stateObject><stateObject name="upperTerrainConforming">false</stateObject><stateObject name="attributes"><stateObject name="opacity">0.95</stateObject><stateObject name="material"><stateObject name="ambient">0X404040FF</stateObject><stateObject name="diffuse">0XC0C0C0FF</stateObject><stateObject name="specular">0X0000FF</stateObject><stateObject name="emission">0X0000FF</stateObject><stateObject name="shininess">0.0</stateObject></stateObject></stateObject><stateObject name="enableCaps">true</stateObject><stateObject name="locations"><stateObject name="location"><stateObject name="latitudeDegrees">47.65566770048784</stateObject><stateObject name="longitudeDegrees">-122.30670652125133</stateObject></stateObject><stateObject name="location"><stateObject name="latitudeDegrees">47.655792926259</stateObject><stateObject name="longitudeDegrees">-122.3066898779845</stateObject></stateObject><stateObject name="location"><stateObject name="latitudeDegrees">47.655842959265556</stateObject><stateObject name="longitudeDegrees">-122.30729402717894</stateObject></stateObject><stateObject name="location"><stateObject name="latitudeDegrees">47.65591900119428</stateObject><stateObject name="longitudeDegrees">-122.30729885189155</stateObject></stateObject><stateObject name="location"><stateObject name="latitudeDegrees">47.65593944061228</stateObject><stateObject name="longitudeDegrees">-122.30742036135831</stateObject></stateObject><stateObject name="location"><stateObject name="latitudeDegrees">47.6559236344556</stateObject><stateObject name="longitudeDegrees">-122.30787432156424</stateObject></stateObject><stateObject name="location"><stateObject name="latitudeDegrees">47.65602388702871</stateObject><stateObject name="longitudeDegrees">-122.30790357303579</stateObject></stateObject><stateObject name="location"><stateObject name="latitudeDegrees">47.656122913841095</stateObject><stateObject name="longitudeDegrees">-122.308628427184</stateObject></stateObject><stateObject name="location"><stateObject name="latitudeDegrees">47.655493130804196</stateObject><stateObject name="longitudeDegrees">-122.30883161244685</stateObject></stateObject><stateObject name="location"><stateObject name="latitudeDegrees">47.655358470300726</stateObject><stateObject name="longitudeDegrees">-122.30863773297656</stateObject></stateObject><stateObject name="location"><stateObject name="latitudeDegrees">47.65552638944551</stateObject><stateObject name="longitudeDegrees">-122.30803531107206</stateObject></stateObject><stateObject name="location"><stateObject name="latitudeDegrees">47.65546803756612</stateObject><stateObject name="longitudeDegrees">-122.30756324786068</stateObject></stateObject><stateObject name="location"><stateObject name="latitudeDegrees">47.65567362515829</stateObject><stateObject name="longitudeDegrees">-122.30689831822215</stateObject></stateObject></stateObject></restorableState>