<?xml version="1.0" encoding="UTF-8"?><restorableState><stateObject name="visible">true</stateObject><stateObject name="lowerAltitude">0.0</stateObject><stateObject name="upperAltitude">69.72045290614022</stateObject><stateObject name="lowerTerrainConforming">true</stateObject><stateObject name="upperTerrainConforming">false</stateObject><stateObject name="attributes"><stateObject name="opacity">0.95</stateObject><stateObject name="material"><stateObject name="ambient">0X404040FF</stateObject><stateObject name="diffuse">0XC0C0C0FF</stateObject><stateObject name="specular">0X0000FF</stateObject><stateObject name="emission">0X0000FF</stateObject><stateObject name="shininess">0.0</stateObject></stateObject></stateObject><stateObject name="enableCaps">true</stateObject><stateObject name="locations"><stateObject name="location"><stateObject name="latitudeDegrees">47.657349072602685</stateObject><stateObject name="longitudeDegrees">-122.305623341127</stateObject></stateObject><stateObject name="location"><stateObject name="latitudeDegrees">47.65746916048584</stateObject><stateObject name="longitudeDegrees">-122.30544535003145</stateObject></stateObject><stateObject name="location"><stateObject name="latitudeDegrees">47.65777052473031</stateObject><stateObject name="longitudeDegrees">-122.30588664333526</stateObject></stateObject><stateObject name="location"><stateObject name="latitudeDegrees">47.657875105802184</stateObject><stateObject name="longitudeDegrees">-122.30573193894617</stateObject></stateObject><stateObject name="location"><stateObject name="latitudeDegrees">47.65796207396317</stateObject><stateObject name="longitudeDegrees">-122.3058592351539</stateObject></stateObject><stateObject name="location"><stateObject name="latitudeDegrees">47.65773601085296</stateObject><stateObject name="longitudeDegrees">-122.30619586990636</stateObject></stateObject></stateObject></restorableState>