<?xml version="1.0" encoding="UTF-8"?><restorableState><stateObject name="visible">true</stateObject><stateObject name="lowerAltitude">0.0</stateObject><stateObject name="upperAltitude">53.6934000582253</stateObject><stateObject name="lowerTerrainConforming">true</stateObject><stateObject name="upperTerrainConforming">false</stateObject><stateObject name="attributes"><stateObject name="opacity">0.95</stateObject><stateObject name="material"><stateObject name="ambient">0X404040FF</stateObject><stateObject name="diffuse">0XC0C0C0FF</stateObject><stateObject name="specular">0X0000FF</stateObject><stateObject name="emission">0X0000FF</stateObject><stateObject name="shininess">0.0</stateObject></stateObject></stateObject><stateObject name="enableCaps">true</stateObject><stateObject name="locations"><stateObject name="location"><stateObject name="latitudeDegrees">47.65463554353543</stateObject><stateObject name="longitudeDegrees">-122.30540435478774</stateObject></stateObject><stateObject name="location"><stateObject name="latitudeDegrees">47.654956444726075</stateObject><stateObject name="longitudeDegrees">-122.30562536595228</stateObject></stateObject><stateObject name="location"><stateObject name="latitudeDegrees">47.65507521041431</stateObject><stateObject name="longitudeDegrees">-122.30564921619269</stateObject></stateObject><stateObject name="location"><stateObject name="latitudeDegrees">47.655161677919175</stateObject><stateObject name="longitudeDegrees">-122.30563141122512</stateObject></stateObject><stateObject name="location"><stateObject name="latitudeDegrees">47.65544190371637</stateObject><stateObject name="longitudeDegrees">-122.30553643720584</stateObject></stateObject><stateObject name="location"><stateObject name="latitudeDegrees">47.655455988981934</stateObject><stateObject name="longitudeDegrees">-122.30560864115245</stateObject></stateObject><stateObject name="location"><stateObject name="latitudeDegrees">47.65567535651019</stateObject><stateObject name="longitudeDegrees">-122.30552753347708</stateObject></stateObject><stateObject name="location"><stateObject name="latitudeDegrees">47.655663036764686</stateObject><stateObject name="longitudeDegrees">-122.30542818125971</stateObject></stateObject><stateObject name="location"><stateObject name="latitudeDegrees">47.6558359055392</stateObject><stateObject name="longitudeDegrees">-122.30537103203183</stateObject></stateObject><stateObject name="location"><stateObject name="latitudeDegrees">47.65580322412078</stateObject><stateObject name="longitudeDegrees">-122.3051117209686</stateObject></stateObject><stateObject name="location"><stateObject name="latitudeDegrees">47.65561287774475</stateObject><stateObject name="longitudeDegrees">-122.30516206334069</stateObject></stateObject><stateObject name="location"><stateObject name="latitudeDegrees">47.65557436091501</stateObject><stateObject name="longitudeDegrees">-122.3048489757246</stateObject></stateObject><stateObject name="location"><stateObject name="latitudeDegrees">47.655385113671606</stateObject><stateObject name="longitudeDegrees">-122.30490198037936</stateObject></stateObject><stateObject name="location"><stateObject name="latitudeDegrees">47.6553592332469</stateObject><stateObject name="longitudeDegrees">-122.30470215512555</stateObject></stateObject><stateObject name="location"><stateObject name="latitudeDegrees">47.6549621373499</stateObject><stateObject name="longitudeDegrees">-122.3048108429086</stateObject></stateObject><stateObject name="location"><stateObject name="latitudeDegrees">47.65491415083042</stateObject><stateObject name="longitudeDegrees">-122.30486391899939</stateObject></stateObject><stateObject name="location"><stateObject name="latitudeDegrees">47.65491911271133</stateObject><stateObject name="longitudeDegrees">-122.30495984336636</stateObject></stateObject><stateObject name="location"><stateObject name="latitudeDegrees">47.65496082883951</stateObject><stateObject name="longitudeDegrees">-122.30500140882471</stateObject></stateObject><stateObject name="location"><stateObject name="latitudeDegrees">47.65487682518493</stateObject><stateObject name="longitudeDegrees">-122.3052626903035</stateObject></stateObject><stateObject name="location"><stateObject name="latitudeDegrees">47.65471117532332</stateObject><stateObject name="longitudeDegrees">-122.30516896011473</stateObject></stateObject></stateObject></restorableState>