<?xml version="1.0" encoding="UTF-8"?><restorableState><stateObject name="visible">true</stateObject><stateObject name="lowerAltitude">0.0</stateObject><stateObject name="upperAltitude">79.5166503035715</stateObject><stateObject name="lowerTerrainConforming">true</stateObject><stateObject name="upperTerrainConforming">false</stateObject><stateObject name="attributes"><stateObject name="opacity">0.95</stateObject><stateObject name="material"><stateObject name="ambient">0X404040FF</stateObject><stateObject name="diffuse">0XC0C0C0FF</stateObject><stateObject name="specular">0X0000FF</stateObject><stateObject name="emission">0X0000FF</stateObject><stateObject name="shininess">0.0</stateObject></stateObject></stateObject><stateObject name="enableCaps">true</stateObject><stateObject name="locations"><stateObject name="location"><stateObject name="latitudeDegrees">47.65878632490897</stateObject><stateObject name="longitudeDegrees">-122.30768193341956</stateObject></stateObject><stateObject name="location"><stateObject name="latitudeDegrees">47.659070829699935</stateObject><stateObject name="longitudeDegrees">-122.30727173481054</stateObject></stateObject><stateObject name="location"><stateObject name="latitudeDegrees">47.65878882710294</stateObject><stateObject name="longitudeDegrees">-122.30683675798504</stateObject></stateObject><stateObject name="location"><stateObject name="latitudeDegrees">47.658494886843044</stateObject><stateObject name="longitudeDegrees">-122.3072679986568</stateObject></stateObject></stateObject></restorableState>