<?xml version="1.0" encoding="UTF-8"?><restorableState><stateObject name="visible">true</stateObject><stateObject name="lowerAltitude">0.0</stateObject><stateObject name="upperAltitude">90.81866813978958</stateObject><stateObject name="lowerTerrainConforming">true</stateObject><stateObject name="upperTerrainConforming">false</stateObject><stateObject name="attributes"><stateObject name="opacity">0.95</stateObject><stateObject name="material"><stateObject name="ambient">0X404040FF</stateObject><stateObject name="diffuse">0XC0C0C0FF</stateObject><stateObject name="specular">0X0000FF</stateObject><stateObject name="emission">0X0000FF</stateObject><stateObject name="shininess">0.0</stateObject></stateObject></stateObject><stateObject name="enableCaps">true</stateObject><stateObject name="locations"><stateObject name="location"><stateObject name="latitudeDegrees">47.657735739454274</stateObject><stateObject name="longitudeDegrees">-122.30406075622946</stateObject></stateObject><stateObject name="location"><stateObject name="latitudeDegrees">47.65858700011317</stateObject><stateObject name="longitudeDegrees">-122.30406089971119</stateObject></stateObject><stateObject name="location"><stateObject name="latitudeDegrees">47.65856622205931</stateObject><stateObject name="longitudeDegrees">-122.30372783542118</stateObject></stateObject><stateObject name="location"><stateObject name="latitudeDegrees">47.65772447576864</stateObject><stateObject name="longitudeDegrees">-122.30370846576207</stateObject></stateObject></stateObject></restorableState>