<?xml version="1.0" encoding="UTF-8"?><restorableState><stateObject name="visible">true</stateObject><stateObject name="lowerAltitude">0.0</stateObject><stateObject name="upperAltitude">74.75677862691276</stateObject><stateObject name="lowerTerrainConforming">true</stateObject><stateObject name="upperTerrainConforming">false</stateObject><stateObject name="attributes"><stateObject name="opacity">0.95</stateObject><stateObject name="material"><stateObject name="ambient">0X404040FF</stateObject><stateObject name="diffuse">0XC0C0C0FF</stateObject><stateObject name="specular">0X0000FF</stateObject><stateObject name="emission">0X0000FF</stateObject><stateObject name="shininess">0.0</stateObject></stateObject></stateObject><stateObject name="enableCaps">true</stateObject><stateObject name="locations"><stateObject name="location"><stateObject name="latitudeDegrees">47.65707228911358</stateObject><stateObject name="longitudeDegrees">-122.3067810030668</stateObject></stateObject><stateObject name="location"><stateObject name="latitudeDegrees">47.657511442652876</stateObject><stateObject name="longitudeDegrees">-122.30613014818726</stateObject></stateObject><stateObject name="location"><stateObject name="latitudeDegrees">47.65736000698629</stateObject><stateObject name="longitudeDegrees">-122.30591685280314</stateObject></stateObject><stateObject name="location"><stateObject name="latitudeDegrees">47.65692606403863</stateObject><stateObject name="longitudeDegrees">-122.30656359533558</stateObject></stateObject></stateObject></restorableState>