<?xml version="1.0" encoding="UTF-8"?><restorableState><stateObject name="visible">true</stateObject><stateObject name="lowerAltitude">0.0</stateObject><stateObject name="upperAltitude">73.56193764537113</stateObject><stateObject name="lowerTerrainConforming">true</stateObject><stateObject name="upperTerrainConforming">false</stateObject><stateObject name="attributes"><stateObject name="opacity">0.95</stateObject><stateObject name="material"><stateObject name="ambient">0X404040FF</stateObject><stateObject name="diffuse">0XC0C0C0FF</stateObject><stateObject name="specular">0X0000FF</stateObject><stateObject name="emission">0X0000FF</stateObject><stateObject name="shininess">0.0</stateObject></stateObject></stateObject><stateObject name="enableCaps">true</stateObject><stateObject name="locations"><stateObject name="location"><stateObject name="latitudeDegrees">47.65838679656197</stateObject><stateObject name="longitudeDegrees">-122.307011802804</stateObject></stateObject><stateObject name="location"><stateObject name="latitudeDegrees">47.658780226862135</stateObject><stateObject name="longitudeDegrees">-122.30645731549257</stateObject></stateObject><stateObject name="location"><stateObject name="latitudeDegrees">47.65840195025029</stateObject><stateObject name="longitudeDegrees">-122.30590225732145</stateObject></stateObject><stateObject name="location"><stateObject name="latitudeDegrees">47.658312710856464</stateObject><stateObject name="longitudeDegrees">-122.30603567271886</stateObject></stateObject><stateObject name="location"><stateObject name="latitudeDegrees">47.658499129368934</stateObject><stateObject name="longitudeDegrees">-122.30630324852346</stateObject></stateObject><stateObject name="location"><stateObject name="latitudeDegrees">47.658305843362115</stateObject><stateObject name="longitudeDegrees">-122.30658657744705</stateObject></stateObject><stateObject name="location"><stateObject name="latitudeDegrees">47.65819996378939</stateObject><stateObject name="longitudeDegrees">-122.30643544324745</stateObject></stateObject><stateObject name="location"><stateObject name="latitudeDegrees">47.658256131088706</stateObject><stateObject name="longitudeDegrees">-122.30634478843473</stateObject></stateObject><stateObject name="location"><stateObject name="latitudeDegrees">47.65817920452897</stateObject><stateObject name="longitudeDegrees">-122.30623536286163</stateObject></stateObject><stateObject name="location"><stateObject name="latitudeDegrees">47.65801316863883</stateObject><stateObject name="longitudeDegrees">-122.30648195714124</stateObject></stateObject></stateObject></restorableState>