ckey,lat,long,alt
D10_20190202_211438_9653,31.73551,-95.98279,13
D10_20190202_211438_9653,31.73416,-95.97942,13
D10_20190202_211438_9653,31.73076,-95.97091,13
D10_20190202_211438_9653,31.7298,-95.96854,13
D10_20190202_211438_9653,31.72884,-95.96616,13
D10_20190202_211438_9653,31.72782,-95.96363,13
D10_20190202_211438_9653,31.72743,-95.96256,13
D10_20190202_211438_9653,31.72589,-95.95865,13
D10_20190202_211438_9653,31.725,-95.95643,13
D10_20190202_211438_9653,31.7241,-95.95421,13
D10_20190202_211438_9653,31.72327,-95.95214,13
D10_20190202_211438_9653,31.72243,-95.94991,13
D10_20190202_211438_9653,31.72147,-95.94754,13
D10_20190202_211438_9653,31.72064,-95.94532,13
D10_20190202_211438_9653,31.71968,-95.94287,13
D10_20190202_211438_9653,31.71878,-95.94057,13
D10_20190202_211438_9653,31.71782,-95.93812,13
D10_20190202_211438_9653,31.71699,-95.93597,13
D10_20190202_211438_9653,31.71602,-95.93352,13
D10_20190202_211438_9653,31.71513,-95.93114,13
D10_20190202_211438_9653,31.71423,-95.92885,13
D10_20190202_211438_9653,31.71346,-95.92678,13
D10_20190202_211438_9653,31.71237,-95.9241,13
D10_20190202_211438_9653,31.71141,-95.92149,13
D10_20190202_211438_9653,31.71045,-95.91927,13
D10_20190202_211438_9653,31.70961,-95.91713,13
D10_20190202_211438_9653,31.70871,-95.9149,13
D10_20190202_211438_9653,31.70769,-95.91253,13
D10_20190202_211438_9653,31.70679,-95.91038,13
D10_20190202_211438_9653,31.70595,-95.90824,13
D10_20190202_211438_9653,31.70486,-95.90563,13
D10_20190202_211438_9653,31.70384,-95.90311,13
D10_20190202_211438_9653,31.70294,-95.90088,13
D10_20190202_211438_9653,31.70191,-95.89843,13
D10_20190202_211438_9653,31.70095,-95.89606,13
D10_20190202_211438_9653,31.69998,-95.89368,13
D10_20190202_211438_9653,31.69812,-95.88901,13
D10_20190202_211438_9653,31.69722,-95.88671,13
D10_20190202_211438_9653,31.69633,-95.88434,13
D10_20190202_211438_9653,31.69549,-95.88227,13
D10_20190202_211438_9653,31.69459,-95.8799,13
D10_20190202_211438_9653,31.69376,-95.8776,13
D10_20190202_211438_9653,31.69299,-95.87554,13
D10_20190202_211438_9653,31.69196,-95.87293,13
D10_20190202_211438_9653,31.69119,-95.87087,13
D10_20190202_211438_9653,31.6903,-95.86857,13
D10_20190202_211438_9653,31.6894,-95.86642,13
D10_20190202_211438_9653,31.6885,-95.8642,13
D10_20190202_211438_9653,31.68753,-95.86183,13
D10_20190202_211438_9653,31.6867,-95.85984,13
D10_20190202_211438_9653,31.6858,-95.85762,13
D10_20190202_211438_9653,31.68477,-95.85501,13
D10_20190202_211438_9653,31.68374,-95.85249,13
D10_20190202_211438_9653,31.68284,-95.85019,13
D10_20190202_211438_9653,31.68201,-95.84805,13
D10_20190202_211438_9653,31.68117,-95.84598,13
D10_20190202_211438_9653,31.68028,-95.84368,13
D10_20190202_211438_9653,31.67938,-95.84139,13
D10_20190202_211438_9653,31.67829,-95.83848,13
D10_20190202_211438_9653,31.67726,-95.83603,13
D10_20190202_211438_9653,31.67636,-95.83366,13
D10_20190202_211438_9653,31.67533,-95.83105,13
D10_20190202_211438_9653,31.67456,-95.82899,13
D10_20190202_211438_9653,31.67353,-95.82646,13
D10_20190202_211438_9653,31.6727,-95.82424,13
D10_20190202_211438_9653,31.6718,-95.8221,13
D10_20190202_211438_9653,31.67096,-95.82003,13
D10_20190202_211438_9653,31.67013,-95.81781,13
D10_20190202_211438_9653,31.66916,-95.81536,13
D10_20190202_211438_9653,31.66833,-95.81322,13
D10_20190202_211438_9653,31.6673,-95.81062,13
D10_20190202_211438_9653,31.66627,-95.80794,13
D10_20190202_211438_9653,31.66543,-95.80587,13
D10_20190202_211438_9653,31.66441,-95.80335,13
D10_20190202_211438_9653,31.66357,-95.80128,13
D10_20190202_211438_9653,31.66267,-95.79906,13
D10_20190202_211438_9653,31.66177,-95.79677,13
D10_20190202_211438_9653,31.66081,-95.79432,13
D10_20190202_211438_9653,31.65978,-95.79172,13
D10_20190202_211438_9653,31.65888,-95.78957,13
D10_20190202_211438_9653,31.65785,-95.78705,13
D10_20190202_211438_9653,31.65695,-95.78475,13
D10_20190202_211438_9653,31.65592,-95.7823,13
D10_20190202_211438_9653,31.65508,-95.78016,13
D10_20190202_211438_9653,31.65399,-95.77756,13
D10_20190202_211438_9653,31.65296,-95.77503,13
D10_20190202_211438_9653,31.65206,-95.77274,13
D10_20190202_211438_9653,31.65116,-95.77044,13
D10_20190202_211438_9653,31.65032,-95.7683,13
D10_20190202_211438_9653,31.64942,-95.76608,13
D10_20190202_211438_9653,31.64826,-95.76325,13
D10_20190202_211438_9653,31.64723,-95.76057,13
D10_20190202_211438_9653,31.64614,-95.75797,13
D10_20190202_211438_9653,31.64511,-95.7553,13
D10_20190202_211438_9653,31.64408,-95.75292,13
D10_20190202_211438_9653,31.64318,-95.75055,13
D10_20190202_211438_9653,31.64221,-95.74803,13
D10_20190202_211438_9653,31.64131,-95.74581,13
D10_20190202_211438_9653,31.64022,-95.74298,13
D10_20190202_211438_9653,31.63919,-95.74038,13
D10_20190202_211438_9653,31.63829,-95.73816,13
D10_20190202_211438_9653,31.63745,-95.73602,13
D10_20190202_211438_9653,31.63648,-95.73372,13
D10_20190202_211438_9653,31.63552,-95.73143,13
D10_20190202_211438_9653,31.63468,-95.72929,13
D10_20190202_211438_9653,31.63358,-95.72669,13
D10_20190202_211438_9653,31.63268,-95.72455,13
D10_20190202_211438_9653,31.63178,-95.72225,13
D10_20190202_211438_9653,31.63081,-95.71996,13
D10_20190202_211438_9653,31.62991,-95.71789,13
D10_20190202_211438_9653,31.62907,-95.71583,13
D10_20190202_211438_9653,31.62811,-95.71353,13
D10_20190202_211438_9653,31.62708,-95.71116,13
D10_20190202_211438_9653,31.62605,-95.70856,13
D10_20190202_211438_9653,31.62508,-95.70634,13
D10_20190202_211438_9653,31.62411,-95.70405,13
D10_20190202_211438_9653,31.62308,-95.70153,13
D10_20190202_211438_9653,31.62212,-95.699,13
D10_20190202_211438_9653,31.62102,-95.6964,13
D10_20190202_211438_9653,31.62012,-95.69403,13
D10_20190202_211438_9653,31.61915,-95.69159,13
D10_20190202_211438_9653,31.61806,-95.68883,13
D10_20190202_211438_9653,31.61703,-95.68616,13
D10_20190202_211438_9653,31.61593,-95.68356,13
D10_20190202_211438_9653,31.61503,-95.68126,13
D10_20190202_211438_9653,31.61413,-95.67905,13
D10_20190202_211438_9653,31.61322,-95.67698,13
D10_20190202_211438_9653,31.61238,-95.67477,13
D10_20190202_211438_9653,31.61142,-95.67255,13
D10_20190202_211438_9653,31.61032,-95.66995,13
D10_20190202_211438_9653,31.60929,-95.66735,13
D10_20190202_211438_9653,31.60832,-95.6649,13
D10_20190202_211438_9653,31.60729,-95.66246,13
D10_20190202_211438_9653,31.60639,-95.66009,13
D10_20190202_211438_9653,31.60536,-95.65764,13
D10_20190202_211438_9653,31.60445,-95.65527,13
D10_20190202_211438_9653,31.60329,-95.65252,13
D10_20190202_211438_9653,31.60213,-95.64977,13
D10_20190202_211438_9653,31.60123,-95.64755,13
D10_20190202_211438_9653,31.60026,-95.64511,13
D10_20190202_211438_9653,31.59936,-95.64289,13
D10_20190202_211438_9653,31.59845,-95.64067,13
D10_20190202_211438_9653,31.59749,-95.63838,13
D10_20190202_211438_9653,31.59646,-95.63571,13
D10_20190202_211438_9653,31.59562,-95.63357,13
D10_20190202_211438_9653,31.59484,-95.63166,13
D10_20190202_211438_9653,31.59387,-95.62921,13
D10_20190202_211438_9653,31.59297,-95.62684,13
D10_20190202_211438_9653,31.59194,-95.62432,13
D10_20190202_211438_9653,31.59104,-95.62211,13
D10_20190202_211438_9653,31.5902,-95.61997,13
D10_20190202_211438_9653,31.58929,-95.6176,13
D10_20190202_211438_9653,31.58813,-95.61485,13
D10_20190202_211438_9653,31.58723,-95.61271,13
D10_20190202_211438_9653,31.58626,-95.61026,13
D10_20190202_211438_9653,31.58549,-95.60835,13
D10_20190202_211438_9653,31.58445,-95.60591,13
D10_20190202_211438_9653,31.58355,-95.60369,13
D10_20190202_211438_9653,31.58258,-95.60132,13
D10_20190202_211438_9653,31.58161,-95.59903,13
D10_20190202_211438_9653,31.58064,-95.59659,13
D10_20190202_211438_9653,31.57968,-95.59422,13
D10_20190202_211438_9653,31.57877,-95.59185,13
D10_20190202_211438_9653,31.5778,-95.58941,13
D10_20190202_211438_9653,31.57684,-95.58696,13
D10_20190202_211438_9653,31.576,-95.5849,13
D10_20190202_211438_9653,31.57509,-95.58268,13
D10_20190202_211438_9653,31.57419,-95.58047,13
D10_20190202_211438_9653,31.57322,-95.57795,13
D10_20190202_211438_9653,31.57232,-95.57581,13
D10_20190202_211438_9653,31.57128,-95.57321,13
D10_20190202_211438_9653,31.57038,-95.571,13
D10_20190202_211438_9653,31.56941,-95.56848,13
D10_20190202_211438_9653,31.56825,-95.5658,13
D10_20190202_211438_9653,31.56721,-95.56321,13
D10_20190202_211438_9653,31.56618,-95.56069,13
D10_20190202_211438_9653,31.56508,-95.55794,13
D10_20190202_211438_9653,31.56411,-95.55565,13
D10_20190202_211438_9653,31.56321,-95.55343,13
D10_20190202_211438_9653,31.5623,-95.55114,13
D10_20190202_211438_9653,31.56133,-95.54885,13
D10_20190202_211438_9653,31.56043,-95.54641,13
D10_20190202_211438_9653,31.55959,-95.54427,13
D10_20190202_211438_9653,31.55855,-95.54175,13
D10_20190202_211438_9653,31.55765,-95.53953,13
D10_20190202_211438_9653,31.55662,-95.53686,13
D10_20190202_211438_9653,31.55565,-95.53449,13
D10_20190202_211438_9653,31.55455,-95.53182,13
D10_20190202_211438_9653,31.55364,-95.52976,13
D10_20190202_211438_9653,31.55254,-95.52701,13
D10_20190202_211438_9653,31.55157,-95.52472,13
D10_20190202_211438_9653,31.5506,-95.52235,13
D10_20190202_211438_9653,31.54957,-95.51999,13
D10_20190202_211438_9653,31.54873,-95.51785,13
D10_20190202_211438_9653,31.54776,-95.51556,13
D10_20190202_211438_9653,31.54679,-95.51327,13
D10_20190202_211438_9653,31.54582,-95.51082,13
D10_20190202_211438_9653,31.54485,-95.50838,13
D10_20190202_211438_9653,31.54394,-95.50617,13
D10_20190202_211438_9653,31.54297,-95.50373,13
D10_20190202_211438_9653,31.54187,-95.50105,13
D10_20190202_211438_9653,31.54097,-95.49876,13
D10_20190202_211438_9653,31.53987,-95.49617,13
D10_20190202_211438_9653,31.53896,-95.49388,13
D10_20190202_211438_9653,31.53805,-95.49182,13
D10_20190202_211438_9653,31.53708,-95.48945,13
D10_20190202_211438_9653,31.53611,-95.48724,13
D10_20190202_211438_9653,31.53521,-95.48495,13
D10_20190202_211438_9653,31.53404,-95.48228,13
D10_20190202_211438_9653,31.53314,-95.47999,13
D10_20190202_211438_9653,31.53217,-95.4777,13
D10_20190202_211438_9653,31.53132,-95.47571,13
D10_20190202_211438_9653,31.53048,-95.47365,13
D10_20190202_211438_9653,31.52951,-95.47129,13
D10_20190202_211438_9653,31.52861,-95.469,13
D10_20190202_211438_9653,31.52757,-95.46648,13
D10_20190202_211438_9653,31.52673,-95.46442,13
D10_20190202_211438_9653,31.52582,-95.46213,13
D10_20190202_211438_9653,31.52485,-95.45961,13
D10_20190202_211438_9653,31.52375,-95.45694,13
D10_20190202_211438_9653,31.52272,-95.45427,13
D10_20190202_211438_9653,31.52187,-95.45221,13
D10_20190202_211438_9653,31.52084,-95.44962,13
D10_20190202_211438_9653,31.51987,-95.4471,13
D10_20190202_211438_9653,31.51877,-95.44458,13
D10_20190202_211438_9653,31.51793,-95.44237,13
D10_20190202_211438_9653,31.51689,-95.44,13
D10_20190202_211438_9653,31.51592,-95.43749,13
D10_20190202_211438_9653,31.51501,-95.43527,13
D10_20190202_211438_9653,31.5141,-95.43298,13
D10_20190202_211438_9653,31.51307,-95.43054,13
D10_20190202_211438_9653,31.5121,-95.42818,13
D10_20190202_211438_9653,31.51125,-95.42612,13
D10_20190202_211438_9653,31.51035,-95.42391,13
D10_20190202_211438_9653,31.50944,-95.42169,13
D10_20190202_211438_9653,31.50853,-95.41941,13
D10_20190202_211438_9653,31.50763,-95.41719,13
D10_20190202_211438_9653,31.50665,-95.41475,13
D10_20190202_211438_9653,31.50562,-95.41216,13
D10_20190202_211438_9653,31.50478,-95.4101,13
D10_20190202_211438_9653,31.5038,-95.40774,13
D10_20190202_211438_9653,31.50296,-95.40568,13
D10_20190202_211438_9653,31.50192,-95.40316,13
D10_20190202_211438_9653,31.50089,-95.40057,13
D10_20190202_211438_9653,31.49998,-95.39835,13
D10_20190202_211438_9653,31.49914,-95.3963,13
D10_20190202_211438_9653,31.4983,-95.39424,13
D10_20190202_211438_9653,31.49745,-95.39218,13
D10_20190202_211438_9653,31.49648,-95.38981,13
D10_20190202_211438_9653,31.49551,-95.3876,14
D10_20190202_211438_9653,31.4946,-95.38524,13
D10_20190202_211438_9653,31.49363,-95.38295,13
D10_20190202_211438_9653,31.49272,-95.38059,13
D10_20190202_211438_9653,31.49181,-95.37838,13
D10_20190202_211438_9653,31.49084,-95.37601,13
D10_20190202_211438_9653,31.49026,-95.37441,13
D10_20190202_211438_9653,31.48902,-95.37144,13
D10_20190202_211438_9653,31.48805,-95.369,13
D10_20190202_211438_9653,31.48715,-95.36618,14
D10_20190202_211438_9653,31.4863,-95.36328,13
D10_20190202_211438_9653,31.48553,-95.36054,13
D10_20190202_211438_9653,31.48482,-95.35833,13
D10_20190202_211438_9653,31.48384,-95.35558,13
D10_20190202_211438_9653,31.483,-95.35345,13
D10_20190202_211438_9653,31.4819,-95.35078,13
D10_20190202_211438_9653,31.48079,-95.34849,13
D10_20190202_211438_9653,31.47975,-95.34643,13
D10_20190202_211438_9653,31.47859,-95.34415,13
D10_20190202_211438_9653,31.47748,-95.34209,13
D10_20190202_211438_9653,31.47612,-95.33957,13
D10_20190202_211438_9653,31.47508,-95.33766,13
D10_20190202_211438_9653,31.47404,-95.33576,13
D10_20190202_211438_9653,31.47287,-95.33339,13
D10_20190202_211438_9653,31.4715,-95.33065,13
D10_20190202_211438_9653,31.47027,-95.32813,12
D10_20190202_211438_9653,31.4691,-95.32554,12
D10_20190202_211438_9653,31.46793,-95.32295,12
D10_20190202_211438_9653,31.46676,-95.32013,12
D10_20190202_211438_9653,31.4656,-95.31739,12
D10_20190202_211438_9653,31.46456,-95.31472,12
D10_20190202_211438_9653,31.46378,-95.31266,12
D10_20190202_211438_9653,31.4628,-95.31038,12
D10_20190202_211438_9653,31.46183,-95.30778,12
D10_20190202_211438_9653,31.46092,-95.3055,12
D10_20190202_211438_9653,31.46008,-95.30337,12
D10_20190202_211438_9653,31.4591,-95.30108,12
D10_20190202_211438_9653,31.45813,-95.29895,12
D10_20190202_211438_9653,31.45709,-95.29666,12
D10_20190202_211438_9653,31.45592,-95.29414,12
D10_20190202_211438_9653,31.45495,-95.29209,12
D10_20190202_211438_9653,31.45397,-95.2898,12
D10_20190202_211438_9653,31.45306,-95.28752,12
D10_20190202_211438_9653,31.45222,-95.28531,12
D10_20190202_211438_9653,31.45131,-95.28264,12
D10_20190202_211438_9653,31.45053,-95.28051,12
D10_20190202_211438_9653,31.44962,-95.27776,12
D10_20190202_211438_9653,31.44884,-95.27533,12
D10_20190202_211438_9653,31.44813,-95.27319,12
D10_20190202_211438_9653,31.44729,-95.27076,12
D10_20190202_211438_9653,31.44638,-95.26809,12
D10_20190202_211438_9653,31.44553,-95.26558,12
D10_20190202_211438_9653,31.44482,-95.26337,12
D10_20190202_211438_9653,31.44391,-95.26078,12
D10_20190202_211438_9653,31.44313,-95.25849,12
D10_20190202_211438_9653,31.44235,-95.25621,12
D10_20190202_211438_9653,31.44151,-95.25393,12
D10_20190202_211438_9653,31.4406,-95.25149,12
D10_20190202_211438_9653,31.43949,-95.24882,12
D10_20190202_211438_9653,31.43865,-95.24669,12
D10_20190202_211438_9653,31.43761,-95.24448,12
D10_20190202_211438_9653,31.4367,-95.2425,12
D10_20190202_211438_9653,31.43559,-95.24021,12
D10_20190202_211438_9653,31.43442,-95.23785,12
D10_20190202_211438_9653,31.43331,-95.23549,12
D10_20190202_211438_9653,31.4324,-95.23351,12
D10_20190202_211438_9653,31.43143,-95.23138,12
D10_20190202_211438_9653,31.43045,-95.22925,12
D10_20190202_211438_9653,31.42954,-95.22719,12
D10_20190202_211438_9653,31.42837,-95.22445,12
D10_20190202_211438_9653,31.42753,-95.22239,12
D10_20190202_211438_9653,31.42642,-95.2198,12
D10_20190202_211438_9653,31.42557,-95.21767,12
D10_20190202_211438_9653,31.42453,-95.21508,12
D10_20190202_211438_9653,31.42369,-95.21303,12
D10_20190202_211438_9653,31.42271,-95.21059,12
D10_20190202_211438_9653,31.4218,-95.20831,12
D10_20190202_211438_9653,31.42102,-95.20625,12
D10_20190202_211438_9653,31.42031,-95.20442,12
D10_20190202_211438_9653,31.41914,-95.20153,12
D10_20190202_211438_9653,31.41816,-95.19917,12
D10_20190202_211438_9653,31.41725,-95.19689,12
D10_20190202_211438_9653,31.41634,-95.19453,12
D10_20190202_211438_9653,31.41517,-95.19171,12
D10_20190202_211438_9653,31.41426,-95.1895,12
D10_20190202_211438_9653,31.41347,-95.18745,12
D10_20190202_211438_9653,31.41269,-95.18554,12
D10_20190202_211438_9653,31.41172,-95.18296,12
D10_20190202_211438_9653,31.41081,-95.1806,12
D10_20190202_211438_9653,31.40977,-95.17778,12
D10_20190202_211438_9653,31.40879,-95.17534,12
D10_20190202_211438_9653,31.40807,-95.17344,12
D10_20190202_211438_9653,31.40723,-95.17116,12
D10_20190202_211438_9653,31.40632,-95.16888,12
D10_20190202_211438_9653,31.4054,-95.16682,12
D10_20190202_211438_9653,31.40449,-95.16461,12
D10_20190202_211438_9653,31.40352,-95.16225,12
D10_20190202_211438_9653,31.40261,-95.1602,12
D10_20190202_211438_9653,31.40163,-95.15784,12
D10_20190202_211438_9653,31.40078,-95.15578,12
D10_20190202_211438_9653,31.39961,-95.15297,12
D10_20190202_211438_9653,31.3987,-95.15069,12
D10_20190202_211438_9653,31.39766,-95.14825,12
D10_20190202_211438_9653,31.39668,-95.14582,12
D10_20190202_211438_9653,31.3957,-95.14346,12
D10_20190202_211438_9653,31.39492,-95.14155,12
D10_20190202_211438_9653,31.39368,-95.13851,12
D10_20190202_211438_9653,31.39271,-95.13608,12
D10_20190202_211438_9653,31.39166,-95.13356,12
D10_20190202_211438_9653,31.39088,-95.13159,12
D10_20190202_211438_9653,31.38991,-95.12915,12
D10_20190202_211438_9653,31.38899,-95.12694,12
D10_20190202_211438_9653,31.38802,-95.12459,12
D10_20190202_211438_9653,31.38697,-95.12192,12
D10_20190202_211438_9653,31.386,-95.11957,12
D10_20190202_211438_9653,31.38502,-95.11728,12
D10_20190202_211438_9653,31.38404,-95.11492,12
D10_20190202_211438_9653,31.38319,-95.11279,12
D10_20190202_211438_9653,31.38228,-95.11066,12
D10_20190202_211438_9653,31.38124,-95.10823,12
D10_20190202_211438_9653,31.38039,-95.1061,12
D10_20190202_211438_9653,31.37941,-95.10382,12
D10_20190202_211438_9653,31.37844,-95.10138,12
D10_20190202_211438_9653,31.37746,-95.09903,12
D10_20190202_211438_9653,31.37648,-95.09667,12
D10_20190202_211438_9653,31.3755,-95.09423,13
D10_20190202_211438_9653,31.37472,-95.09233,14
D10_20190202_211438_9653,31.374,-95.09051,14
D10_20190202_211438_9653,31.37322,-95.08853,15
D10_20190202_211438_9653,31.37237,-95.0864,15
D10_20190202_211438_9653,31.37153,-95.08442,15
D10_20190202_211438_9653,31.37055,-95.08199,15
D10_20190202_211438_9653,31.3697,-95.07993,15
D10_20190202_211438_9653,31.36898,-95.07803,15
D10_20190202_211438_9653,31.36807,-95.07552,15
D10_20190202_211438_9653,31.36722,-95.07347,15
D10_20190202_211438_9653,31.36631,-95.07119,15
D10_20190202_211438_9653,31.36533,-95.06868,15
D10_20190202_211438_9653,31.36442,-95.06663,15
D10_20190202_211438_9653,31.3635,-95.0645,15
D10_20190202_211438_9653,31.36259,-95.06229,15
D10_20190202_211438_9653,31.36161,-95.05986,15
D10_20190202_211438_9653,31.36076,-95.05788,15
D10_20190202_211438_9653,31.35972,-95.05522,15
D10_20190202_211438_9653,31.35881,-95.05286,15
D10_20190202_211438_9653,31.35789,-95.05066,15
D10_20190202_211438_9653,31.35705,-95.04868,15
D10_20190202_211438_9653,31.3562,-95.04655,15
D10_20190202_211438_9653,31.35515,-95.04397,15
D10_20190202_211438_9653,31.35417,-95.04146,15
D10_20190202_211438_9653,31.35339,-95.03956,15
D10_20190202_211438_9653,31.35235,-95.0369,15
D10_20190202_211438_9653,31.3515,-95.03469,15
D10_20190202_211438_9653,31.35052,-95.03211,15
D10_20190202_211438_9653,31.34947,-95.02952,15
D10_20190202_211438_9653,31.34863,-95.02747,15
D10_20190202_211438_9653,31.34771,-95.02527,15
D10_20190202_211438_9653,31.34673,-95.02291,15
D10_20190202_211438_9653,31.34602,-95.02124,15
D10_20190202_211438_9653,31.34471,-95.0182,15
D10_20190202_211438_9653,31.3438,-95.01607,15
D10_20190202_211438_9653,31.34295,-95.01394,15
D10_20190202_211438_9653,31.34197,-95.01166,15
D10_20190202_211438_9653,31.34099,-95.00946,15
D10_20190202_211438_9653,31.33994,-95.00695,15
D10_20190202_211438_9653,31.3389,-95.00451,15
D10_20190202_211438_9653,31.33838,-95.0033,15
D10_20190202_211438_9653,31.33687,-94.99988,15
D10_20190202_211438_9653,31.33603,-94.9979,15
D10_20190202_211438_9653,31.33511,-94.99578,15
D10_20190202_211438_9653,31.33426,-94.99372,15
D10_20190202_211438_9653,31.33322,-94.99144,15
D10_20190202_211438_9653,31.33211,-94.98871,15
D10_20190202_211438_9653,31.33113,-94.98628,15
D10_20190202_211438_9653,31.33034,-94.98438,15
D10_20190202_211438_9653,31.32943,-94.9821,15
D10_20190202_211438_9653,31.32851,-94.97966,15
D10_20190202_211438_9653,31.3276,-94.97739,15
D10_20190202_211438_9653,31.32668,-94.97518,15
D10_20190202_211438_9653,31.3259,-94.97313,15
D10_20190202_211438_9653,31.32492,-94.9707,15
D10_20190202_211438_9653,31.324,-94.96842,15
D10_20190202_211438_9653,31.32302,-94.96614,15
D10_20190202_211438_9653,31.3223,-94.96424,15
D10_20190202_211438_9653,31.32132,-94.96181,15
D10_20190202_211438_9653,31.32041,-94.95961,15
D10_20190202_211438_9653,31.31936,-94.95725,15
D10_20190202_211438_9653,31.31845,-94.95505,15
D10_20190202_211438_9653,31.31753,-94.953,15
D10_20190202_211438_9653,31.31662,-94.95079,15
D10_20190202_211438_9653,31.3157,-94.94867,15
D10_20190202_211438_9653,31.31472,-94.94624,15
D10_20190202_211438_9653,31.31361,-94.94365,15
D10_20190202_211438_9653,31.31257,-94.94122,15
D10_20190202_211438_9653,31.31158,-94.93894,15
D10_20190202_211438_9653,31.31073,-94.93689,15
D10_20190202_211438_9653,31.30988,-94.93492,15
D10_20190202_211438_9653,31.3089,-94.93264,15
D10_20190202_211438_9653,31.30792,-94.93028,15
D10_20190202_211438_9653,31.30688,-94.92778,15
D10_20190202_211438_9653,31.30596,-94.92565,15
D10_20190202_211438_9653,31.30505,-94.9233,15
D10_20190202_211438_9653,31.30406,-94.92094,15
D10_20190202_211438_9653,31.30308,-94.91859,15
D10_20190202_211438_9653,31.3023,-94.91661,15
D10_20190202_211438_9653,31.30119,-94.91373,15
D10_20190202_211438_9653,31.3002,-94.91122,15
D10_20190202_211438_9653,31.29916,-94.90872,15
D10_20190202_211438_9653,31.29831,-94.90667,15
D10_20190202_211438_9653,31.29805,-94.90598,15
D10_20190202_211438_9653,31.2949,-94.89824,15
D10_20190202_211438_9653,31.29242,-94.89231,15
D10_20190202_211438_9653,31.2898,-94.88624,15
D10_20190202_211438_9653,31.28712,-94.87986,15
D10_20190202_211438_9653,31.28483,-94.87432,15
D10_20190202_211438_9653,31.2824,-94.8684,15
D10_20190202_211438_9653,31.27992,-94.86218,15
D10_20190202_211438_9653,31.2773,-94.8558,15
D10_20190202_211438_9653,31.27441,-94.84927,15
D10_20190202_211438_9653,31.27179,-94.84259,15
D10_20190202_211438_9653,31.26904,-94.83584,16
D10_20190202_211438_9653,31.26675,-94.83007,16
D10_20190202_211438_9653,31.26445,-94.824,16
D10_20190202_211438_9653,31.26196,-94.8177,16
D10_20190202_211438_9653,31.25947,-94.81125,15
D10_20190202_211438_9653,31.25692,-94.80465,15
D10_20190202_211438_9653,31.25482,-94.79888,13
D10_20190202_211438_9653,31.25259,-94.79281,12
D10_20190202_211438_9653,31.25068,-94.7875,11
D10_20190202_211438_9653,31.24845,-94.78181,10
D10_20190202_211438_9653,31.24629,-94.77673,9
D10_20190202_211438_9653,31.24419,-94.77218,9
D10_20190202_211438_9653,31.24216,-94.76786,9
D10_20190202_211438_9653,31.24013,-94.76384,8
D10_20190202_211438_9653,31.23803,-94.7599,7
D10_20190202_211438_9653,31.23646,-94.75702,6
D10_20190202_211438_9653,31.23561,-94.75634,5
D10_20190202_211438_9653,31.23436,-94.75459,4
D10_20190202_211438_9653,31.23417,-94.75475,4
D10_20190202_211438_9653,31.23293,-94.75315,4
D11_20190202_211438_9653,31.23253,-94.75323,3
D11_20190202_211438_9653,31.83551,-95.98279,13
D11_20190202_211438_9653,31.83416,-96.08279,13.13
D11_20190202_211438_9653,31.83076,-96.07942,13.2613
D11_20190202_211438_9653,31.8298,-96.07091,13.393913
D11_20190202_211438_9653,31.82884,-96.06854,13.52785213
D11_20190202_211438_9653,31.82782,-96.06616,13.6631306513
D11_20190202_211438_9653,31.82743,-96.06363,13.799761957813
D11_20190202_211438_9653,31.82589,-96.06256,13.9377595773911
D11_20190202_211438_9653,31.825,-96.05865,14.077137173165
D11_20190202_211438_9653,31.8241,-96.05643,14.2179085448967
D11_20190202_211438_9653,31.82327,-96.05421,14.3600876303457
D11_20190202_211438_9653,31.82243,-96.05214,14.5036885066491
D11_20190202_211438_9653,31.82147,-96.04991,14.6487253917156
D11_20190202_211438_9653,31.82064,-96.04754,14.7952126456328
D11_20190202_211438_9653,31.81968,-96.04532,14.9431647720891
D11_20190202_211438_9653,31.81878,-96.04287,15.09259641981
D11_20190202_211438_9653,31.81782,-96.04057,15.2435223840081
D11_20190202_211438_9653,31.81699,-96.03812,15.3959576078482
D11_20190202_211438_9653,31.81602,-96.03597,15.5499171839266
D11_20190202_211438_9653,31.81513,-96.03352,15.7054163557659
D11_20190202_211438_9653,31.81423,-96.03114,15.8624705193236
D11_20190202_211438_9653,31.81346,-96.02885,16.0210952245168
D11_20190202_211438_9653,31.81237,-96.02678,16.181306176762
D11_20190202_211438_9653,31.81141,-96.0241,16.3431192385296
D11_20190202_211438_9653,31.81045,-96.02149,16.5065504309149
D11_20190202_211438_9653,31.80961,-96.01927,16.671615935224
D11_20190202_211438_9653,31.80871,-96.01713,16.8383320945763
D11_20190202_211438_9653,31.80769,-96.0149,17.0067154155221
D11_20190202_211438_9653,31.80679,-96.01253,17.1767825696773
D11_20190202_211438_9653,31.80595,-96.01038,17.348550395374
D11_20190202_211438_9653,31.80486,-96.00824,17.5220358993278
D11_20190202_211438_9653,31.80384,-96.00563,17.6972562583211
D11_20190202_211438_9653,31.80294,-96.00311,17.8742288209043
D11_20190202_211438_9653,31.80191,-96.00088,18.0529711091133
D11_20190202_211438_9653,31.80095,-95.99843,18.2335008202044
D11_20190202_211438_9653,31.79998,-95.99606,18.4158358284065
D11_20190202_211438_9653,31.79812,-95.99368,18.5999941866906
D11_20190202_211438_9653,31.79722,-95.98901,18.7859941285575
D11_20190202_211438_9653,31.79633,-95.98671,18.973854069843
D11_20190202_211438_9653,31.79549,-95.98434,19.1635926105415
D11_20190202_211438_9653,31.79459,-95.98227,19.3552285366469
D11_20190202_211438_9653,31.79376,-95.9799,19.5487808220134
D11_20190202_211438_9653,31.79299,-95.9776,19.7442686302335
D11_20190202_211438_9653,31.79196,-95.97554,19.9417113165358
D11_20190202_211438_9653,31.79119,-95.97293,20.1411284297012
D11_20190202_211438_9653,31.7903,-95.97087,20.3425397139982
D11_20190202_211438_9653,31.7894,-95.96857,20.5459651111382
D11_20190202_211438_9653,31.7885,-95.96642,20.7514247622496
D11_20190202_211438_9653,31.78753,-95.9642,20.9589390098721
D11_20190202_211438_9653,31.7867,-95.96183,21.1685283999708
D11_20190202_211438_9653,31.7858,-95.95984,21.3802136839705
D11_20190202_211438_9653,31.78477,-95.95762,21.5940158208102
D11_20190202_211438_9653,31.78374,-95.95501,21.8099559790183
D11_20190202_211438_9653,31.78284,-95.95249,22.0280555388085
D11_20190202_211438_9653,31.78201,-95.95019,22.2483360941966
D11_20190202_211438_9653,31.78117,-95.94805,22.4708194551385
D11_20190202_211438_9653,31.78028,-95.94598,22.6955276496899
D11_20190202_211438_9653,31.77938,-95.94368,22.9224829261868
D11_20190202_211438_9653,31.77829,-95.94139,23.1517077554487
D11_20190202_211438_9653,31.77726,-95.93848,23.3832248330032
D11_20190202_211438_9653,31.77636,-95.93603,23.6170570813332
D11_20190202_211438_9653,31.77533,-95.93366,23.8532276521465
D11_20190202_211438_9653,31.77456,-95.93105,24.091759928668
D11_20190202_211438_9653,31.77353,-95.92899,24.3326775279547
D11_20190202_211438_9653,31.7727,-95.92646,24.5760043032342
D11_20190202_211438_9653,31.7718,-95.92424,24.8217643462665
D11_20190202_211438_9653,31.77096,-95.9221,25.0699819897292
D11_20190202_211438_9653,31.77013,-95.92003,25.3206818096265
D11_20190202_211438_9653,31.76916,-95.91781,25.5738886277228
D11_20190202_211438_9653,31.76833,-95.91536,25.829627514
D11_20190202_211438_9653,31.7673,-95.91322,26.08792378914
D11_20190202_211438_9653,31.76627,-95.91062,26.3488030270314
D11_20190202_211438_9653,31.76543,-95.90794,26.6122910573017
D11_20190202_211438_9653,31.76441,-95.90587,26.8784139678747
D11_20190202_211438_9653,31.76357,-95.90335,27.1471981075535
D11_20190202_211438_9653,31.76267,-95.90128,27.418670088629
D11_20190202_211438_9653,31.76177,-95.89906,27.6928567895153
D11_20190202_211438_9653,31.76081,-95.89677,27.9697853574105
D11_20190202_211438_9653,31.75978,-95.89432,28.2494832109846
D11_20190202_211438_9653,31.75888,-95.89172,28.5319780430944
D11_20190202_211438_9653,31.75785,-95.88957,28.8172978235254
D11_20190202_211438_9653,31.75695,-95.88705,29.1054708017606
D11_20190202_211438_9653,31.75592,-95.88475,29.3965255097782
D11_20190202_211438_9653,31.75508,-95.8823,29.690490764876
D11_20190202_211438_9653,31.75399,-95.88016,29.9873956725248
D11_20190202_211438_9653,31.75296,-95.87756,30.28726962925
D11_20190202_211438_9653,31.75206,-95.87503,30.5901423255425
D11_20190202_211438_9653,31.75116,-95.87274,30.8960437487979
D11_20190202_211438_9653,31.75032,-95.87044,31.2050041862859
D11_20190202_211438_9653,31.74942,-95.8683,31.5170542281488
D11_20190202_211438_9653,31.74826,-95.86608,31.8322247704303
D11_20190202_211438_9653,31.74723,-95.86325,32.1505470181346
D11_20190202_211438_9653,31.74614,-95.86057,32.4720524883159
D11_20190202_211438_9653,31.74511,-95.85797,32.7967730131991
D11_20190202_211438_9653,31.74408,-95.8553,33.1247407433311
D11_20190202_211438_9653,31.74318,-95.85292,33.4559881507644
D11_20190202_211438_9653,31.74221,-95.85055,33.790548032272
D11_20190202_211438_9653,31.74131,-95.84803,34.1284535125947
D11_20190202_211438_9653,31.74022,-95.84581,34.4697380477207
D11_20190202_211438_9653,31.73919,-95.84298,34.8144354281979
D11_20190202_211438_9653,31.73829,-95.84038,35.1625797824799
D11_20190202_211438_9653,31.73745,-95.83816,35.5142055803047
D11_20190202_211438_9653,31.73648,-95.83602,35.8693476361077
D11_20190202_211438_9653,31.73552,-95.83372,36.2280411124688
D11_20190202_211438_9653,31.73468,-95.83143,36.5903215235935
D11_20190202_211438_9653,31.73358,-95.82929,36.9562247388294
D11_20190202_211438_9653,31.73268,-95.82669,37.3257869862177
D11_20190202_211438_9653,31.73178,-95.82455,37.6990448560799
D11_20190202_211438_9653,31.73081,-95.82225,38.0760353046407
D11_20190202_211438_9653,31.72991,-95.81996,38.4567956576871
D11_20190202_211438_9653,31.72907,-95.81789,38.841363614264
D11_20190202_211438_9653,31.72811,-95.81583,39.2297772504066
D11_20190202_211438_9653,31.72708,-95.81353,39.6220750229107
D11_20190202_211438_9653,31.72605,-95.81116,40.0182957731398
D11_20190202_211438_9653,31.72508,-95.80856,40.4184787308712
D11_20190202_211438_9653,31.72411,-95.80634,40.8226635181799
D11_20190202_211438_9653,31.72308,-95.80405,41.2308901533617
D11_20190202_211438_9653,31.72212,-95.80153,41.6431990548953
D11_20190202_211438_9653,31.72102,-95.799,42.0596310454443
D11_20190202_211438_9653,31.72012,-95.7964,42.4802273558987
D11_20190202_211438_9653,31.71915,-95.79403,42.9050296294577
D11_20190202_211438_9653,31.71806,-95.79159,43.3340799257523
D11_20190202_211438_9653,31.71703,-95.78883,43.7674207250098
D11_20190202_211438_9653,31.71593,-95.78616,44.2050949322599
D11_20190202_211438_9653,31.71503,-95.78356,44.6471458815825
D11_20190202_211438_9653,31.71413,-95.78126,45.0936173403983
D11_20190202_211438_9653,31.71322,-95.77905,45.5445535138023
D11_20190202_211438_9653,31.71238,-95.77698,45.9999990489403
D11_20190202_211438_9653,31.71142,-95.77477,46.4599990394297
D11_20190202_211438_9653,31.71032,-95.77255,46.924599029824
D11_20190202_211438_9653,31.70929,-95.76995,47.3938450201222
D11_20190202_211438_9653,31.70832,-95.76735,47.8677834703235
D11_20190202_211438_9653,31.70729,-95.7649,48.3464613050267
D11_20190202_211438_9653,31.70639,-95.76246,48.829925918077
D11_20190202_211438_9653,31.70536,-95.76009,49.3182251772577
D11_20190202_211438_9653,31.70445,-95.75764,49.8114074290303
D11_20190202_211438_9653,31.70329,-95.75527,50.3095215033206
D11_20190202_211438_9653,31.70213,-95.75252,50.8126167183538
D11_20190202_211438_9653,31.70123,-95.74977,51.3207428855374
D11_20190202_211438_9653,31.70026,-95.74755,51.8339503143927
D11_20190202_211438_9653,31.69936,-95.74511,52.3522898175367
D11_20190202_211438_9653,31.69845,-95.74289,52.875812715712
D11_20190202_211438_9653,31.69749,-95.74067,53.4045708428692
D11_20190202_211438_9653,31.69646,-95.73838,53.9386165512978
D11_20190202_211438_9653,31.69562,-95.73571,54.4780027168108
D11_20190202_211438_9653,31.69484,-95.73357,55.0227827439789
D11_20190202_211438_9653,31.69387,-95.73166,55.5730105714187
D11_20190202_211438_9653,31.69297,-95.72921,56.1287406771329
D11_20190202_211438_9653,31.69194,-95.72684,56.6900280839043
D11_20190202_211438_9653,31.69104,-95.72432,57.2569283647433
D11_20190202_211438_9653,31.6902,-95.72211,57.8294976483907
D11_20190202_211438_9653,31.68929,-95.71997,58.4077926248746
D11_20190202_211438_9653,31.68813,-95.7176,58.9918705511234
D11_20190202_211438_9653,31.68723,-95.71485,59.5817892566346
D11_20190202_211438_9653,31.68626,-95.71271,60.177607149201
D11_20190202_211438_9653,31.68549,-95.71026,60.779383220693
D11_20190202_211438_9653,31.68445,-95.70835,61.3871770528999
D11_20190202_211438_9653,31.68355,-95.70591,62.0010488234289
D11_20190202_211438_9653,31.68258,-95.70369,62.6210593116632
D11_20190202_211438_9653,31.68161,-95.70132,63.2472699047798
D11_20190202_211438_9653,31.68064,-95.69903,63.8797426038276
D11_20190202_211438_9653,31.67968,-95.69659,64.5185400298659
D11_20190202_211438_9653,31.67877,-95.69422,65.1637254301646
D11_20190202_211438_9653,31.6778,-95.69185,65.8153626844662
D11_20190202_211438_9653,31.67684,-95.68941,66.4735163113109
D11_20190202_211438_9653,31.676,-95.68696,67.138251474424
D11_20190202_211438_9653,31.67509,-95.6849,67.8096339891682
D11_20190202_211438_9653,31.67419,-95.68268,68.4877303290599
D11_20190202_211438_9653,31.67322,-95.68047,69.1726076323505
D11_20190202_211438_9653,31.67232,-95.67795,69.864333708674
D11_20190202_211438_9653,31.67128,-95.67581,70.5629770457607
D11_20190202_211438_9653,31.67038,-95.67321,71.2686068162184
D11_20190202_211438_9653,31.66941,-95.671,71.9812928843805
D11_20190202_211438_9653,31.66825,-95.66848,72.7011058132243
D11_20190202_211438_9653,31.66721,-95.6658,73.4281168713566
D11_20190202_211438_9653,31.66618,-95.66321,74.1623980400702
D11_20190202_211438_9653,31.66508,-95.66069,74.9040220204709
D11_20190202_211438_9653,31.66411,-95.65794,75.6530622406756
D11_20190202_211438_9653,31.66321,-95.65565,76.4095928630823
D11_20190202_211438_9653,31.6623,-95.65343,77.1736887917132
D11_20190202_211438_9653,31.66133,-95.65114,77.9454256796303
D11_20190202_211438_9653,31.66043,-95.64885,78.7248799364266
D11_20190202_211438_9653,31.65959,-95.64641,79.5121287357908
D11_20190202_211438_9653,31.65855,-95.64427,80.3072500231488
D11_20190202_211438_9653,31.65765,-95.64175,81.1103225233802
D11_20190202_211438_9653,31.65662,-95.63953,81.9214257486141
D11_20190202_211438_9653,31.65565,-95.63686,82.7406400061002
D11_20190202_211438_9653,31.65455,-95.63449,83.5680464061612
D11_20190202_211438_9653,31.65364,-95.63182,84.4037268702228
D11_20190202_211438_9653,31.65254,-95.62976,85.247764138925
D11_20190202_211438_9653,31.65157,-95.62701,86.1002417803143
D11_20190202_211438_9653,31.6506,-95.62472,86.9612441981174
D11_20190202_211438_9653,31.64957,-95.62235,87.8308566400986
D11_20190202_211438_9653,31.64873,-95.61999,88.7091652064996
D11_20190202_211438_9653,31.64776,-95.61785,89.5962568585646
D11_20190202_211438_9653,31.64679,-95.61556,90.4922194271503
D11_20190202_211438_9653,31.64582,-95.61327,91.3971416214218
D11_20190202_211438_9653,31.64485,-95.61082,92.311113037636
D11_20190202_211438_9653,31.64394,-95.60838,93.2342241680123
D11_20190202_211438_9653,31.64297,-95.60617,94.1665664096925
D11_20190202_211438_9653,31.64187,-95.60373,95.1082320737894
D11_20190202_211438_9653,31.64097,-95.60105,96.0593143945273
D11_20190202_211438_9653,31.63987,-95.59876,97.0199075384726
D11_20190202_211438_9653,31.63896,-95.59617,97.9901066138573
D11_20190202_211438_9653,31.63805,-95.59388,98.9700076799959
D11_20190202_211438_9653,31.63708,-95.59182,99.9597077567958
D11_20190202_211438_9653,31.63611,-95.58945,100.959304834364
D11_20190202_211438_9653,31.63521,-95.58724,101.968897882707
D11_20190202_211438_9653,31.63404,-95.58495,102.988586861535
D11_20190202_211438_9653,31.63314,-95.58228,104.01847273015
D11_20190202_211438_9653,31.63217,-95.57999,105.058657457451
D11_20190202_211438_9653,31.63132,-95.5777,106.109244032026
D11_20190202_211438_9653,31.63048,-95.57571,107.170336472346
D11_20190202_211438_9653,31.62951,-95.57365,108.24203983707
D11_20190202_211438_9653,31.62861,-95.57129,109.32446023544
D11_20190202_211438_9653,31.62757,-95.569,110.417704837795
D11_20190202_211438_9653,31.62673,-95.56648,111.521881886173
D11_20190202_211438_9653,31.62582,-95.56442,112.637100705034
D11_20190202_211438_9653,31.62485,-95.56213,113.763471712085
D11_20190202_211438_9653,31.62375,-95.55961,114.901106429206
D11_20190202_211438_9653,31.62272,-95.55694,116.050117493498
D11_20190202_211438_9653,31.62187,-95.55427,117.210618668433
D11_20190202_211438_9653,31.62084,-95.55221,118.382724855117
D11_20190202_211438_9653,31.61987,-95.54962,119.566552103668
D11_20190202_211438_9653,31.61877,-95.5471,120.762217624705
D11_20190202_211438_9653,31.61793,-95.54458,121.969839800952
D11_20190202_211438_9653,31.61689,-95.54237,123.189538198961
D11_20190202_211438_9653,31.61592,-95.54,124.421433580951
D11_20190202_211438_9653,31.61501,-95.53749,125.66564791676
D11_20190202_211438_9653,31.6141,-95.53527,126.922304395928
D11_20190202_211438_9653,31.61307,-95.53298,128.191527439887
D11_20190202_211438_9653,31.6121,-95.53054,129.473442714286
D11_20190202_211438_9653,31.61125,-95.52818,130.768177141429
D11_20190202_211438_9653,31.61035,-95.52612,132.075858912843
D11_20190202_211438_9653,31.60944,-95.52391,133.396617501972
D11_20190202_211438_9653,31.60853,-95.52169,134.730583676992
D11_20190202_211438_9653,31.60763,-95.51941,136.077889513761
D11_20190202_211438_9653,31.60665,-95.51719,137.438668408899
D11_20190202_211438_9653,31.60562,-95.51475,138.813055092988
D11_20190202_211438_9653,31.60478,-95.51216,140.201185643918
D11_20190202_211438_9653,31.6038,-95.5101,141.603197500357
D11_20190202_211438_9653,31.60296,-95.50774,143.019229475361
D11_20190202_211438_9653,31.60192,-95.50568,144.449421770114
D11_20190202_211438_9653,31.60089,-95.50316,145.893915987815
D11_20190202_211438_9653,31.59998,-95.50057,147.352855147694
D11_20190202_211438_9653,31.59914,-95.49835,148.82638369917
D11_20190202_211438_9653,31.5983,-95.4963,150.314647536162
D11_20190202_211438_9653,31.59745,-95.49424,151.817794011524
D11_20190202_211438_9653,31.59648,-95.49218,153.335971951639
D11_20190202_211438_9653,31.59551,-95.48981,154.869331671155
D11_20190202_211438_9653,31.5946,-95.4876,156.418024987867
D11_20190202_211438_9653,31.59363,-95.48524,157.982205237746
D11_20190202_211438_9653,31.59272,-95.48295,159.562027290123
D11_20190202_211438_9653,31.59181,-95.48059,161.157647563024
D11_20190202_211438_9653,31.59084,-95.47838,162.769224038655
D11_20190202_211438_9653,31.59026,-95.47601,164.396916279041
D11_20190202_211438_9653,31.58902,-95.47441,166.040885441832
D11_20190202_211438_9653,31.58805,-95.47144,167.70129429625
D11_20190202_211438_9653,31.58715,-95.469,169.378307239212
D11_20190202_211438_9653,31.5863,-95.46618,171.072090311605
D11_20190202_211438_9653,31.58553,-95.46328,172.782811214721
D11_20190202_211438_9653,31.58482,-95.46054,174.510639326868
D11_20190202_211438_9653,31.58384,-95.45833,176.255745720136
D11_20190202_211438_9653,31.583,-95.45558,178.018303177338
D11_20190202_211438_9653,31.5819,-95.45345,179.798486209111
D11_20190202_211438_9653,31.58079,-95.45078,181.596471071202
D11_20190202_211438_9653,31.57975,-95.44849,183.412435781914
D11_20190202_211438_9653,31.57859,-95.44643,185.246560139734
D11_20190202_211438_9653,31.57748,-95.44415,187.099025741131
D11_20190202_211438_9653,31.57612,-95.44209,188.970015998542
D11_20190202_211438_9653,31.57508,-95.43957,190.859716158528
D11_20190202_211438_9653,31.57404,-95.43766,192.768313320113
D11_20190202_211438_9653,31.57287,-95.43576,194.695996453314
D11_20190202_211438_9653,31.5715,-95.43339,196.642956417847
D11_20190202_211438_9653,31.57027,-95.43065,198.609385982026
D11_20190202_211438_9653,31.5691,-95.42813,200.595479841846
D11_20190202_211438_9653,31.56793,-95.42554,202.601434640264
D11_20190202_211438_9653,31.56676,-95.42295,204.627448986667
D11_20190202_211438_9653,31.5656,-95.42013,200.534900006934
D11_20190202_211438_9653,31.56456,-95.41739,196.524202006795
D11_20190202_211438_9653,31.56378,-95.41472,192.593717966659
D11_20190202_211438_9653,31.5628,-95.41266,188.741843607326
D11_20190202_211438_9653,31.56183,-95.41038,184.967006735179
D11_20190202_211438_9653,31.56092,-95.40778,181.267666600476
D11_20190202_211438_9653,31.56008,-95.4055,177.642313268466
D11_20190202_211438_9653,31.5591,-95.40337,174.089467003097
D11_20190202_211438_9653,31.55813,-95.40108,170.607677663035
D11_20190202_211438_9653,31.55709,-95.39895,167.195524109774
D11_20190202_211438_9653,31.55592,-95.39666,163.851613627579
D11_20190202_211438_9653,31.55495,-95.39414,160.574581355027
D11_20190202_211438_9653,31.55397,-95.39209,157.363089727927
D11_20190202_211438_9653,31.55306,-95.3898,154.215827933368
D11_20190202_211438_9653,31.55222,-95.38752,151.131511374701
D11_20190202_211438_9653,31.55131,-95.38531,148.108881147207
D11_20190202_211438_9653,31.55053,-95.38264,145.146703524263
D11_20190202_211438_9653,31.54962,-95.38051,142.243769453777
D11_20190202_211438_9653,31.54884,-95.37776,139.398894064702
D11_20190202_211438_9653,31.54813,-95.37533,136.610916183408
D11_20190202_211438_9653,31.54729,-95.37319,133.87869785974
D11_20190202_211438_9653,31.54638,-95.37076,131.201123902545
D11_20190202_211438_9653,31.54553,-95.36809,128.577101424494
D11_20190202_211438_9653,31.54482,-95.36558,126.005559396004
D11_20190202_211438_9653,31.54391,-95.36337,123.485448208084
D11_20190202_211438_9653,31.54313,-95.36078,121.015739243922
D11_20190202_211438_9653,31.54235,-95.35849,118.595424459044
D11_20190202_211438_9653,31.54151,-95.35621,116.223515969863
D11_20190202_211438_9653,31.5406,-95.35393,113.899045650466
D11_20190202_211438_9653,31.53949,-95.35149,111.621064737456
D11_20190202_211438_9653,31.53865,-95.34882,109.388643442707
D11_20190202_211438_9653,31.53761,-95.34669,107.200870573853
D11_20190202_211438_9653,31.5367,-95.34448,105.056853162376
D11_20190202_211438_9653,31.53559,-95.3425,102.955716099128
D11_20190202_211438_9653,31.53442,-95.34021,100.896601777146
D11_20190202_211438_9653,31.53331,-95.33785,98.8786697416029
D11_20190202_211438_9653,31.5324,-95.33549,96.9010963467709
D11_20190202_211438_9653,31.53143,-95.33351,94.9630744198355
D11_20190202_211438_9653,31.53045,-95.33138,93.0638129314388
D11_20190202_211438_9653,31.52954,-95.32925,91.20253667281
D11_20190202_211438_9653,31.52837,-95.32719,89.3784859393538
D11_20190202_211438_9653,31.52753,-95.32445,87.5909162205667
D11_20190202_211438_9653,31.52642,-95.32239,85.8390978961554
D11_20190202_211438_9653,31.52557,-95.3198,84.1223159382323
D11_20190202_211438_9653,31.52453,-95.31767,82.4398696194676
D11_20190202_211438_9653,31.52369,-95.31508,80.7910722270782
D11_20190202_211438_9653,31.52271,-95.31303,79.1752507825367
D11_20190202_211438_9653,31.5218,-95.31059,77.591745766886
D11_20190202_211438_9653,31.52102,-95.30831,76.0399108515482
D11_20190202_211438_9653,31.52031,-95.30625,74.5191126345173
D11_20190202_211438_9653,31.51914,-95.30442,73.0287303818269
D11_20190202_211438_9653,31.51816,-95.30153,71.5681557741904
D11_20190202_211438_9653,31.51725,-95.29917,70.1367926587066
D11_20190202_211438_9653,31.51634,-95.29689,68.7340568055324
D11_20190202_211438_9653,31.51517,-95.29453,67.3593756694218
D11_20190202_211438_9653,31.51426,-95.29171,66.0121881560333
D11_20190202_211438_9653,31.51347,-95.2895,64.6919443929127
D11_20190202_211438_9653,31.51269,-95.28745,63.3981055050544
D11_20190202_211438_9653,31.51172,-95.28554,62.1301433949533
D11_20190202_211438_9653,31.51081,-95.28296,60.8875405270543
D11_20190202_211438_9653,31.50977,-95.2806,59.6697897165132
D11_20190202_211438_9653,31.50879,-95.27778,58.4763939221829
D11_20190202_211438_9653,31.50807,-95.27534,57.3068660437392
D11_20190202_211438_9653,31.50723,-95.27344,56.1607287228645
D11_20190202_211438_9653,31.50632,-95.27116,55.0375141484072
D11_20190202_211438_9653,31.5054,-95.26888,53.936763865439
D11_20190202_211438_9653,31.50449,-95.26682,52.8580285881302
D11_20190202_211438_9653,31.50352,-95.26461,51.8008680163676
D11_20190202_211438_9653,31.50261,-95.26225,50.7648506560403
D11_20190202_211438_9653,31.50163,-95.2602,49.7495536429195
D11_20190202_211438_9653,31.50078,-95.25784,48.7545625700611
D11_20190202_211438_9653,31.49961,-95.25578,47.7794713186599
D11_20190202_211438_9653,31.4987,-95.25297,46.8238818922867
D11_20190202_211438_9653,31.49766,-95.25069,45.8874042544409
D11_20190202_211438_9653,31.49668,-95.24825,44.9696561693521
D11_20190202_211438_9653,31.4957,-95.24582,44.0702630459651
D11_20190202_211438_9653,31.49492,-95.24346,43.1888577850458
D11_20190202_211438_9653,31.49368,-95.24155,42.3250806293448
D11_20190202_211438_9653,31.49271,-95.23851,41.4785790167579
D11_20190202_211438_9653,31.49166,-95.23608,40.6490074364228
D11_20190202_211438_9653,31.49088,-95.23356,39.8360272876943
D11_20190202_211438_9653,31.48991,-95.23159,39.0393067419404
D11_20190202_211438_9653,31.48899,-95.22915,38.2585206071016
D11_20190202_211438_9653,31.48802,-95.22694,37.4933501949596
D11_20190202_211438_9653,31.48697,-95.22459,36.7434831910604
D11_20190202_211438_9653,31.486,-95.22192,36.0086135272392
D11_20190202_211438_9653,31.48502,-95.21957,35.2884412566944
D11_20190202_211438_9653,31.48404,-95.21728,34.5826724315605
D11_20190202_211438_9653,31.48319,-95.21492,33.8910189829293
D11_20190202_211438_9653,31.48228,-95.21279,33.2131986032707
D11_20190202_211438_9653,31.48124,-95.21066,32.5489346312053
D11_20190202_211438_9653,31.48039,-95.20823,31.8979559385812
D11_20190202_211438_9653,31.47941,-95.2061,31.2599968198096
D11_20190202_211438_9653,31.47844,-95.20382,30.6347968834134
D11_20190202_211438_9653,31.47746,-95.20138,30.0221009457451
D11_20190202_211438_9653,31.47648,-95.19903,29.4216589268302
D11_20190202_211438_9653,31.4755,-95.19667,28.8332257482936
D11_20190202_211438_9653,31.47472,-95.19423,28.2565612333277
D11_20190202_211438_9653,31.474,-95.19233,27.6914300086612
D11_20190202_211438_9653,31.47322,-95.19051,27.137601408488
D11_20190202_211438_9653,31.47237,-95.18853,26.5948493803182
D11_20190202_211438_9653,31.47153,-95.1864,26.0629523927118
D11_20190202_211438_9653,31.47055,-95.18442,25.5416933448576
D11_20190202_211438_9653,31.4697,-95.18199,25.0308594779604
D11_20190202_211438_9653,31.46898,-95.17993,24.5302422884012
D11_20190202_211438_9653,31.46807,-95.17803,24.0396374426332
D11_20190202_211438_9653,31.46722,-95.17552,23.5588446937805
D11_20190202_211438_9653,31.46631,-95.17347,23.0876677999049
D11_20190202_211438_9653,31.46533,-95.17119,22.6259144439068
D11_20190202_211438_9653,31.46442,-95.16868,22.1733961550287
D11_20190202_211438_9653,31.4635,-95.16663,21.7299282319281
D11_20190202_211438_9653,31.46259,-95.1645,21.2953296672896
D11_20190202_211438_9653,31.46161,-95.16229,20.8694230739438
D11_20190202_211438_9653,31.46076,-95.15986,20.4520346124649
D11_20190202_211438_9653,31.45972,-95.15788,20.0429939202156
D11_20190202_211438_9653,31.45881,-95.15522,19.6421340418113
D11_20190202_211438_9653,31.45789,-95.15286,19.2492913609751
D11_20190202_211438_9653,31.45705,-95.15066,18.8643055337556
D11_20190202_211438_9653,31.4562,-95.14868,18.4870194230804
D11_20190202_211438_9653,31.45515,-95.14655,18.1172790346188
D11_20190202_211438_9653,31.45417,-95.14397,17.7549334539265
D11_20190202_211438_9653,31.45339,-95.14146,17.3998347848479
D11_20190202_211438_9653,31.45235,-95.13956,17.051838089151
D11_20190202_211438_9653,31.4515,-95.1369,16.710801327368
D11_20190202_211438_9653,31.45052,-95.13469,16.3765853008206
D11_20190202_211438_9653,31.44947,-95.13211,16.0490535948042
D11_20190202_211438_9653,31.44863,-95.12952,15.7280725229081
D11_20190202_211438_9653,31.44771,-95.12747,15.4135110724499
D11_20190202_211438_9653,31.44673,-95.12527,15.1052408510009
D11_20190202_211438_9653,31.44602,-95.12291,14.8031360339809
D11_20190202_211438_9653,31.44471,-95.12124,14.5070733133013
D11_20190202_211438_9653,31.4438,-95.1182,14.2169318470353
D11_20190202_211438_9653,31.44295,-95.11607,13.9325932100946
D11_20190202_211438_9653,31.44197,-95.11394,13.6539413458927
D11_20190202_211438_9653,31.44099,-95.11166,13.3808625189748
D11_20190202_211438_9653,31.43994,-95.10946,13.1132452685953
D11_20190202_211438_9653,31.4389,-95.10695,12.8509803632234
D11_20190202_211438_9653,31.43838,-95.10451,12.5939607559589
D11_20190202_211438_9653,31.43687,-95.1033,12.3420815408398
D11_20190202_211438_9653,31.43603,-95.09988,12.095239910023
D11_20190202_211438_9653,31.43511,-95.0979,11.8533351118225
D11_20190202_211438_9653,31.43426,-95.09578,11.6162684095861
D11_20190202_211438_9653,31.43322,-95.09372,11.3839430413943
D11_20190202_211438_9653,31.43211,-95.09144,11.1562641805665
D11_20190202_211438_9653,31.43113,-95.08871,10.9331388969551
D11_20190202_211438_9653,31.43034,-95.08628,10.714476119016
D11_20190202_211438_9653,31.42943,-95.08438,10.5001865966357
D11_20190202_211438_9653,31.42851,-95.0821,10.290182864703
D11_20190202_211438_9653,31.4276,-95.07966,10.0843792074089
D11_20190202_211438_9653,31.42668,-95.07739,9.88269162326074
D11_20190202_211438_9653,31.4259,-95.07518,9.68503779079553
D11_20190202_211438_9653,31.42492,-95.07313,9.49133703497962
D11_20190202_211438_9653,31.424,-95.0707,9.30151029428003
D11_20190202_211438_9653,31.42302,-95.06842,9.11548008839442
D11_20190202_211438_9653,31.4223,-95.06614,8.93317048662654
D11_20190202_211438_9653,31.42132,-95.06424,8.754507076894
D11_20190202_211438_9653,31.42041,-95.06181,8.57941693535612
D11_20190202_211438_9653,31.41936,-95.05961,8.407828596649
D11_20190202_211438_9653,31.41845,-95.05725,8.23967202471602
D11_20190202_211438_9653,31.41753,-95.05505,8.0748785842217
D11_20190202_211438_9653,31.41662,-95.053,7.91338101253727
D11_20190202_211438_9653,31.4157,-95.05079,7.75511339228652
D11_20190202_211438_9653,31.41472,-95.04867,7.60001112444079
D11_20190202_211438_9653,31.41361,-95.04624,7.44801090195197
D11_20190202_211438_9653,31.41257,-95.04365,7.29905068391293
D11_20190202_211438_9653,31.41158,-95.04122,7.15306967023467
D11_20190202_211438_9653,31.41073,-95.03894,7.01000827682998
D11_20190202_211438_9653,31.40988,-95.03689,6.86980811129338
D11_20190202_211438_9653,31.4089,-95.03492,6.73241194906751
D11_20190202_211438_9653,31.40792,-95.03264,6.59776371008616
D11_20190202_211438_9653,31.40688,-95.03028,6.46580843588444
D11_20190202_211438_9653,31.40596,-95.02778,6.33649226716675
D11_20190202_211438_9653,31.40505,-95.02565,6.20976242182342
D11_20190202_211438_9653,31.40406,-95.0233,6.08556717338695
D11_20190202_211438_9653,31.40308,-95.02094,5.96385582991921
D11_20190202_211438_9653,31.4023,-95.01859,5.84457871332082
D11_20190202_211438_9653,31.40119,-95.01661,5.72768713905441
D11_20190202_211438_9653,31.4002,-95.01373,5.61313339627332
D11_20190202_211438_9653,31.39916,-95.01122,5.50087072834785
D11_20190202_211438_9653,31.39831,-95.00872,5.3908533137809
D11_20190202_211438_9653,31.39805,-95.00667,5.28303624750528
D11_20190202_211438_9653,31.3949,-95.00598,5.17737552255517
D11_20190202_211438_9653,31.39242,-94.99824,5.07382801210407
D11_20190202_211438_9653,31.3898,-94.99231,4.97235145186199
D11_20190202_211438_9653,31.38712,-94.98624,4.87290442282475
D11_20190202_211438_9653,31.38483,-94.97986,4.77544633436825
D11_20190202_211438_9653,31.3824,-94.97432,4.67993740768089
D11_20190202_211438_9653,31.37992,-94.9684,4.58633865952727
D11_20190202_211438_9653,31.3773,-94.96218,4.49461188633672
D11_20190202_211438_9653,31.37441,-94.9558,4.40471964860999
D11_20190202_211438_9653,31.37179,-94.94927,4.31662525563779
D11_20190202_211438_9653,31.36904,-94.94259,4.23029275052503
D11_20190202_211438_9653,31.36675,-94.93584,4.14568689551453
D11_20190202_211438_9653,31.36445,-94.93007,4.06277315760424
D11_20190202_211438_9653,31.36196,-94.924,3.98151769445216
D11_20190202_211438_9653,31.35947,-94.9177,3.90188734056312
D11_20190202_211438_9653,31.35692,-94.91125,3.82384959375185
D11_20190202_211438_9653,31.35482,-94.90465,3.74737260187682
D11_20190202_211438_9653,31.35259,-94.89888,3.67242514983928
D11_20190202_211438_9653,31.35068,-94.89281,3.59897664684249
D11_20190202_211438_9653,31.34845,-94.8875,3.52699711390564
D11_20190202_211438_9653,31.34629,-94.88181,3.45645717162753
D11_20190202_211438_9653,31.34419,-94.87673,3.38732802819498
D11_20190202_211438_9653,31.34216,-94.87218,3.31958146763108
D11_20190202_211438_9653,31.34013,-94.86786,3.25318983827846
D11_20190202_211438_9653,31.33803,-94.86384,3.18812604151289
D11_20190202_211438_9653,31.33646,-94.8599,3.12436352068263
D11_20190202_211438_9653,31.33561,-94.85702,3.06187625026898
D11_20190202_211438_9653,31.33436,-94.85634,3.0006387252636
D11_20190202_211438_9653,31.33417,-94.85459,2.94062595075833
D11_20190202_211438_9653,31.33293,-94.85475,2.88181343174316
D11_20190202_211438_9653,31.33253,-94.85315,2.8241771631083
